local_date,iso_weekday,is_weekend,holiday_name,is_holiday,is_business_day,is_long_weekend,is_payday,days_since_payday,is_month_start,is_month_end,week_of_month,month,quarter,is_bonus_month,country_code
2023-06-01,4,False,,False,True,False,False,,True,False,1,6,2,False,MX
2023-06-02,5,False,,False,True,False,False,,True,False,1,6,2,False,MX
2023-06-03,6,True,,False,False,False,False,,True,False,1,6,2,False,MX
2023-06-04,7,True,,False,False,False,False,,False,False,1,6,2,False,MX
2023-06-05,1,False,,False,True,False,False,,False,False,1,6,2,False,MX
2023-06-06,2,False,,False,True,False,False,,False,False,1,6,2,False,MX
2023-06-07,3,False,,False,True,False,False,,False,False,1,6,2,False,MX
2023-06-08,4,False,,False,True,False,False,,False,False,2,6,2,False,MX
2023-06-09,5,False,,False,True,False,False,,False,False,2,6,2,False,MX
2023-06-10,6,True,,False,False,False,False,,False,False,2,6,2,False,MX
2023-06-11,7,True,,False,False,False,False,,False,False,2,6,2,False,MX
2023-06-12,1,False,,False,True,False,False,,False,False,2,6,2,False,MX
2023-06-13,2,False,,False,True,False,False,,False,False,2,6,2,False,MX
2023-06-14,3,False,,False,True,False,False,,False,False,2,6,2,False,MX
2023-06-15,4,False,,False,True,False,True,0.0,False,False,3,6,2,False,MX
2023-06-16,5,False,,False,True,False,False,1.0,False,False,3,6,2,False,MX
2023-06-17,6,True,,False,False,False,False,2.0,False,False,3,6,2,False,MX
2023-06-18,7,True,,False,False,False,False,3.0,False,False,3,6,2,False,MX
2023-06-19,1,False,,False,True,False,False,4.0,False,False,3,6,2,False,MX
2023-06-20,2,False,,False,True,False,False,5.0,False,False,3,6,2,False,MX
2023-06-21,3,False,,False,True,False,False,6.0,False,False,3,6,2,False,MX
2023-06-22,4,False,,False,True,False,False,7.0,False,False,4,6,2,False,MX
2023-06-23,5,False,,False,True,False,False,8.0,False,False,4,6,2,False,MX
2023-06-24,6,True,,False,False,False,False,9.0,False,False,4,6,2,False,MX
2023-06-25,7,True,,False,False,False,False,10.0,False,False,4,6,2,False,MX
2023-06-26,1,False,,False,True,False,False,11.0,False,False,4,6,2,False,MX
2023-06-27,2,False,,False,True,False,False,12.0,False,False,4,6,2,False,MX
2023-06-28,3,False,,False,True,False,False,13.0,False,True,4,6,2,False,MX
2023-06-29,4,False,,False,True,False,False,14.0,False,True,5,6,2,False,MX
2023-06-30,5,False,,False,True,False,True,0.0,False,True,5,6,2,False,MX
2023-07-01,6,True,,False,False,False,False,1.0,True,False,1,7,3,False,MX
2023-07-02,7,True,,False,False,False,False,2.0,True,False,1,7,3,False,MX
2023-07-03,1,False,,False,True,False,False,3.0,True,False,1,7,3,False,MX
2023-07-04,2,False,,False,True,False,False,4.0,False,False,1,7,3,False,MX
2023-07-05,3,False,,False,True,False,False,5.0,False,False,1,7,3,False,MX
2023-07-06,4,False,,False,True,False,False,6.0,False,False,1,7,3,False,MX
2023-07-07,5,False,,False,True,False,False,7.0,False,False,1,7,3,False,MX
2023-07-08,6,True,,False,False,False,False,8.0,False,False,2,7,3,False,MX
2023-07-09,7,True,,False,False,False,False,9.0,False,False,2,7,3,False,MX
2023-07-10,1,False,,False,True,False,False,10.0,False,False,2,7,3,False,MX
2023-07-11,2,False,,False,True,False,False,11.0,False,False,2,7,3,False,MX
2023-07-12,3,False,,False,True,False,False,12.0,False,False,2,7,3,False,MX
2023-07-13,4,False,,False,True,False,False,13.0,False,False,2,7,3,False,MX
2023-07-14,5,False,,False,True,False,True,0.0,False,False,2,7,3,False,MX
2023-07-15,6,True,,False,False,False,False,1.0,False,False,3,7,3,False,MX
2023-07-16,7,True,,False,False,False,False,2.0,False,False,3,7,3,False,MX
2023-07-17,1,False,,False,True,False,False,3.0,False,False,3,7,3,False,MX
2023-07-18,2,False,,False,True,False,False,4.0,False,False,3,7,3,False,MX
2023-07-19,3,False,,False,True,False,False,5.0,False,False,3,7,3,False,MX
2023-07-20,4,False,,False,True,False,False,6.0,False,False,3,7,3,False,MX
2023-07-21,5,False,,False,True,False,False,7.0,False,False,3,7,3,False,MX
2023-07-22,6,True,,False,False,False,False,8.0,False,False,4,7,3,False,MX
2023-07-23,7,True,,False,False,False,False,9.0,False,False,4,7,3,False,MX
2023-07-24,1,False,,False,True,False,False,10.0,False,False,4,7,3,False,MX
2023-07-25,2,False,,False,True,False,False,11.0,False,False,4,7,3,False,MX
2023-07-26,3,False,,False,True,False,False,12.0,False,False,4,7,3,False,MX
2023-07-27,4,False,,False,True,False,False,13.0,False,False,4,7,3,False,MX
2023-07-28,5,False,,False,True,False,False,14.0,False,False,4,7,3,False,MX
2023-07-29,6,True,,False,False,False,False,15.0,False,True,5,7,3,False,MX
2023-07-30,7,True,,False,False,False,False,16.0,False,True,5,7,3,False,MX
2023-07-31,1,False,,False,True,False,True,0.0,False,True,5,7,3,False,MX
2023-08-01,2,False,,False,True,False,False,1.0,True,False,1,8,3,False,MX
2023-08-02,3,False,,False,True,False,False,2.0,True,False,1,8,3,False,MX
2023-08-03,4,False,,False,True,False,False,3.0,True,False,1,8,3,False,MX
2023-08-04,5,False,,False,True,False,False,4.0,False,False,1,8,3,False,MX
2023-08-05,6,True,,False,False,False,False,5.0,False,False,1,8,3,False,MX
2023-08-06,7,True,,False,False,False,False,6.0,False,False,1,8,3,False,MX
2023-08-07,1,False,,False,True,False,False,7.0,False,False,1,8,3,False,MX
2023-08-08,2,False,,False,True,False,False,8.0,False,False,2,8,3,False,MX
2023-08-09,3,False,,False,True,False,False,9.0,False,False,2,8,3,False,MX
2023-08-10,4,False,,False,True,False,False,10.0,False,False,2,8,3,False,MX
2023-08-11,5,False,,False,True,False,False,11.0,False,False,2,8,3,False,MX
2023-08-12,6,True,,False,False,False,False,12.0,False,False,2,8,3,False,MX
2023-08-13,7,True,,False,False,False,False,13.0,False,False,2,8,3,False,MX
2023-08-14,1,False,,False,True,False,False,14.0,False,False,2,8,3,False,MX
2023-08-15,2,False,,False,True,False,True,0.0,False,False,3,8,3,False,MX
2023-08-16,3,False,,False,True,False,False,1.0,False,False,3,8,3,False,MX
2023-08-17,4,False,,False,True,False,False,2.0,False,False,3,8,3,False,MX
2023-08-18,5,False,,False,True,False,False,3.0,False,False,3,8,3,False,MX
2023-08-19,6,True,,False,False,False,False,4.0,False,False,3,8,3,False,MX
2023-08-20,7,True,,False,False,False,False,5.0,False,False,3,8,3,False,MX
2023-08-21,1,False,,False,True,False,False,6.0,False,False,3,8,3,False,MX
2023-08-22,2,False,,False,True,False,False,7.0,False,False,4,8,3,False,MX
2023-08-23,3,False,,False,True,False,False,8.0,False,False,4,8,3,False,MX
2023-08-24,4,False,,False,True,False,False,9.0,False,False,4,8,3,False,MX
2023-08-25,5,False,,False,True,False,False,10.0,False,False,4,8,3,False,MX
2023-08-26,6,True,,False,False,False,False,11.0,False,False,4,8,3,False,MX
2023-08-27,7,True,,False,False,False,False,12.0,False,False,4,8,3,False,MX
2023-08-28,1,False,,False,True,False,False,13.0,False,False,4,8,3,False,MX
2023-08-29,2,False,,False,True,False,False,14.0,False,True,5,8,3,False,MX
2023-08-30,3,False,,False,True,False,False,15.0,False,True,5,8,3,False,MX
2023-08-31,4,False,,False,True,False,True,0.0,False,True,5,8,3,False,MX
2023-09-01,5,False,,False,True,False,False,1.0,True,False,1,9,3,False,MX
2023-09-02,6,True,,False,False,False,False,2.0,True,False,1,9,3,False,MX
2023-09-03,7,True,,False,False,False,False,3.0,True,False,1,9,3,False,MX
2023-09-04,1,False,,False,True,False,False,4.0,False,False,1,9,3,False,MX
2023-09-05,2,False,,False,True,False,False,5.0,False,False,1,9,3,False,MX
2023-09-06,3,False,,False,True,False,False,6.0,False,False,1,9,3,False,MX
2023-09-07,4,False,,False,True,False,False,7.0,False,False,1,9,3,False,MX
2023-09-08,5,False,,False,True,False,False,8.0,False,False,2,9,3,False,MX
2023-09-09,6,True,,False,False,False,False,9.0,False,False,2,9,3,False,MX
2023-09-10,7,True,,False,False,False,False,10.0,False,False,2,9,3,False,MX
2023-09-11,1,False,,False,True,False,False,11.0,False,False,2,9,3,False,MX
2023-09-12,2,False,,False,True,False,False,12.0,False,False,2,9,3,False,MX
2023-09-13,3,False,,False,True,False,False,13.0,False,False,2,9,3,False,MX
2023-09-14,4,False,,False,True,False,False,14.0,False,False,2,9,3,False,MX
2023-09-15,5,False,,False,True,False,True,0.0,False,False,3,9,3,False,MX
2023-09-16,6,True,Día de la Independencia,True,False,False,False,1.0,False,False,3,9,3,False,MX
2023-09-17,7,True,,False,False,False,False,2.0,False,False,3,9,3,False,MX
2023-09-18,1,False,,False,True,False,False,3.0,False,False,3,9,3,False,MX
2023-09-19,2,False,,False,True,False,False,4.0,False,False,3,9,3,False,MX
2023-09-20,3,False,,False,True,False,False,5.0,False,False,3,9,3,False,MX
2023-09-21,4,False,,False,True,False,False,6.0,False,False,3,9,3,False,MX
2023-09-22,5,False,,False,True,False,False,7.0,False,False,4,9,3,False,MX
2023-09-23,6,True,,False,False,False,False,8.0,False,False,4,9,3,False,MX
2023-09-24,7,True,,False,False,False,False,9.0,False,False,4,9,3,False,MX
2023-09-25,1,False,,False,True,False,False,10.0,False,False,4,9,3,False,MX
2023-09-26,2,False,,False,True,False,False,11.0,False,False,4,9,3,False,MX
2023-09-27,3,False,,False,True,False,False,12.0,False,False,4,9,3,False,MX
2023-09-28,4,False,,False,True,False,False,13.0,False,True,4,9,3,False,MX
2023-09-29,5,False,,False,True,False,True,0.0,False,True,5,9,3,False,MX
2023-09-30,6,True,,False,False,False,False,1.0,False,True,5,9,3,False,MX
2023-10-01,7,True,,False,False,False,False,2.0,True,False,1,10,4,False,MX
2023-10-02,1,False,,False,True,False,False,3.0,True,False,1,10,4,False,MX
2023-10-03,2,False,,False,True,False,False,4.0,True,False,1,10,4,False,MX
2023-10-04,3,False,,False,True,False,False,5.0,False,False,1,10,4,False,MX
2023-10-05,4,False,,False,True,False,False,6.0,False,False,1,10,4,False,MX
2023-10-06,5,False,,False,True,False,False,7.0,False,False,1,10,4,False,MX
2023-10-07,6,True,,False,False,False,False,8.0,False,False,1,10,4,False,MX
2023-10-08,7,True,,False,False,False,False,9.0,False,False,2,10,4,False,MX
2023-10-09,1,False,,False,True,False,False,10.0,False,False,2,10,4,False,MX
2023-10-10,2,False,,False,True,False,False,11.0,False,False,2,10,4,False,MX
2023-10-11,3,False,,False,True,False,False,12.0,False,False,2,10,4,False,MX
2023-10-12,4,False,,False,True,False,False,13.0,False,False,2,10,4,False,MX
2023-10-13,5,False,,False,True,False,True,0.0,False,False,2,10,4,False,MX
2023-10-14,6,True,,False,False,False,False,1.0,False,False,2,10,4,False,MX
2023-10-15,7,True,,False,False,False,False,2.0,False,False,3,10,4,False,MX
2023-10-16,1,False,,False,True,False,False,3.0,False,False,3,10,4,False,MX
2023-10-17,2,False,,False,True,False,False,4.0,False,False,3,10,4,False,MX
2023-10-18,3,False,,False,True,False,False,5.0,False,False,3,10,4,False,MX
2023-10-19,4,False,,False,True,False,False,6.0,False,False,3,10,4,False,MX
2023-10-20,5,False,,False,True,False,False,7.0,False,False,3,10,4,False,MX
2023-10-21,6,True,,False,False,False,False,8.0,False,False,3,10,4,False,MX
2023-10-22,7,True,,False,False,False,False,9.0,False,False,4,10,4,False,MX
2023-10-23,1,False,,False,True,False,False,10.0,False,False,4,10,4,False,MX
2023-10-24,2,False,,False,True,False,False,11.0,False,False,4,10,4,False,MX
2023-10-25,3,False,,False,True,False,False,12.0,False,False,4,10,4,False,MX
2023-10-26,4,False,,False,True,False,False,13.0,False,False,4,10,4,False,MX
2023-10-27,5,False,,False,True,False,False,14.0,False,False,4,10,4,False,MX
2023-10-28,6,True,,False,False,False,False,15.0,False,False,4,10,4,False,MX
2023-10-29,7,True,,False,False,False,False,16.0,False,True,5,10,4,False,MX
2023-10-30,1,False,,False,True,False,False,17.0,False,True,5,10,4,False,MX
2023-10-31,2,False,,False,True,False,True,0.0,False,True,5,10,4,False,MX
2023-11-01,3,False,,False,True,False,False,1.0,True,False,1,11,4,False,MX
2023-11-02,4,False,Día de Muertos (bancario),True,False,False,False,2.0,True,False,1,11,4,False,MX
2023-11-03,5,False,,False,True,False,False,3.0,True,False,1,11,4,False,MX
2023-11-04,6,True,,False,False,False,False,4.0,False,False,1,11,4,False,MX
2023-11-05,7,True,,False,False,False,False,5.0,False,False,1,11,4,False,MX
2023-11-06,1,False,,False,True,False,False,6.0,False,False,1,11,4,False,MX
2023-11-07,2,False,,False,True,False,False,7.0,False,False,1,11,4,False,MX
2023-11-08,3,False,,False,True,False,False,8.0,False,False,2,11,4,False,MX
2023-11-09,4,False,,False,True,False,False,9.0,False,False,2,11,4,False,MX
2023-11-10,5,False,,False,True,False,False,10.0,False,False,2,11,4,False,MX
2023-11-11,6,True,,False,False,False,False,11.0,False,False,2,11,4,False,MX
2023-11-12,7,True,,False,False,False,False,12.0,False,False,2,11,4,False,MX
2023-11-13,1,False,,False,True,False,False,13.0,False,False,2,11,4,False,MX
2023-11-14,2,False,,False,True,False,False,14.0,False,False,2,11,4,False,MX
2023-11-15,3,False,,False,True,False,True,0.0,False,False,3,11,4,False,MX
2023-11-16,4,False,,False,True,False,False,1.0,False,False,3,11,4,False,MX
2023-11-17,5,False,,False,True,False,False,2.0,False,False,3,11,4,False,MX
2023-11-18,6,True,,False,False,False,False,3.0,False,False,3,11,4,False,MX
2023-11-19,7,True,,False,False,True,False,4.0,False,False,3,11,4,False,MX
2023-11-20,1,False,Día de la Revolución,True,False,False,False,5.0,False,False,3,11,4,False,MX
2023-11-21,2,False,,False,True,False,False,6.0,False,False,3,11,4,False,MX
2023-11-22,3,False,,False,True,False,False,7.0,False,False,4,11,4,False,MX
2023-11-23,4,False,,False,True,False,False,8.0,False,False,4,11,4,False,MX
2023-11-24,5,False,,False,True,False,False,9.0,False,False,4,11,4,False,MX
2023-11-25,6,True,,False,False,False,False,10.0,False,False,4,11,4,False,MX
2023-11-26,7,True,,False,False,False,False,11.0,False,False,4,11,4,False,MX
2023-11-27,1,False,,False,True,False,False,12.0,False,False,4,11,4,False,MX
2023-11-28,2,False,,False,True,False,False,13.0,False,True,4,11,4,False,MX
2023-11-29,3,False,,False,True,False,False,14.0,False,True,5,11,4,False,MX
2023-11-30,4,False,,False,True,False,True,0.0,False,True,5,11,4,False,MX
2023-12-01,5,False,,False,True,False,False,1.0,True,False,1,12,4,True,MX
2023-12-02,6,True,,False,False,False,False,2.0,True,False,1,12,4,True,MX
2023-12-03,7,True,,False,False,False,False,3.0,True,False,1,12,4,True,MX
2023-12-04,1,False,,False,True,False,False,4.0,False,False,1,12,4,True,MX
2023-12-05,2,False,,False,True,False,False,5.0,False,False,1,12,4,True,MX
2023-12-06,3,False,,False,True,False,False,6.0,False,False,1,12,4,True,MX
2023-12-07,4,False,,False,True,False,False,7.0,False,False,1,12,4,True,MX
2023-12-08,5,False,,False,True,False,False,8.0,False,False,2,12,4,True,MX
2023-12-09,6,True,,False,False,False,False,9.0,False,False,2,12,4,True,MX
2023-12-10,7,True,,False,False,False,False,10.0,False,False,2,12,4,True,MX
2023-12-11,1,False,,False,True,False,False,11.0,False,False,2,12,4,True,MX
2023-12-12,2,False,Día de la Virgen de Guadalupe (bancario),True,False,False,False,12.0,False,False,2,12,4,True,MX
2023-12-13,3,False,,False,True,False,False,13.0,False,False,2,12,4,True,MX
2023-12-14,4,False,,False,True,False,False,14.0,False,False,2,12,4,True,MX
2023-12-15,5,False,,False,True,False,True,0.0,False,False,3,12,4,True,MX
2023-12-16,6,True,,False,False,False,False,1.0,False,False,3,12,4,True,MX
2023-12-17,7,True,,False,False,False,False,2.0,False,False,3,12,4,True,MX
2023-12-18,1,False,,False,True,False,False,3.0,False,False,3,12,4,True,MX
2023-12-19,2,False,,False,True,False,False,4.0,False,False,3,12,4,True,MX
2023-12-20,3,False,,False,True,False,False,5.0,False,False,3,12,4,True,MX
2023-12-21,4,False,,False,True,False,False,6.0,False,False,3,12,4,True,MX
2023-12-22,5,False,,False,True,False,False,7.0,False,False,4,12,4,True,MX
2023-12-23,6,True,,False,False,False,False,8.0,False,False,4,12,4,True,MX
2023-12-24,7,True,,False,False,True,False,9.0,False,False,4,12,4,True,MX
2023-12-25,1,False,Navidad,True,False,False,False,10.0,False,False,4,12,4,True,MX
2023-12-26,2,False,,False,True,False,False,11.0,False,False,4,12,4,True,MX
2023-12-27,3,False,,False,True,False,False,12.0,False,False,4,12,4,True,MX
2023-12-28,4,False,,False,True,False,False,13.0,False,False,4,12,4,True,MX
2023-12-29,5,False,,False,True,False,True,0.0,False,True,5,12,4,True,MX
2023-12-30,6,True,,False,False,False,False,1.0,False,True,5,12,4,True,MX
2023-12-31,7,True,,False,False,True,False,2.0,False,True,5,12,4,True,MX
2024-01-01,1,False,Año Nuevo,True,False,False,False,3.0,True,False,1,1,1,False,MX
2024-01-02,2,False,,False,True,False,False,4.0,True,False,1,1,1,False,MX
2024-01-03,3,False,,False,True,False,False,5.0,True,False,1,1,1,False,MX
2024-01-04,4,False,,False,True,False,False,6.0,False,False,1,1,1,False,MX
2024-01-05,5,False,,False,True,False,False,7.0,False,False,1,1,1,False,MX
2024-01-06,6,True,,False,False,False,False,8.0,False,False,1,1,1,False,MX
2024-01-07,7,True,,False,False,False,False,9.0,False,False,1,1,1,False,MX
2024-01-08,1,False,,False,True,False,False,10.0,False,False,2,1,1,False,MX
2024-01-09,2,False,,False,True,False,False,11.0,False,False,2,1,1,False,MX
2024-01-10,3,False,,False,True,False,False,12.0,False,False,2,1,1,False,MX
2024-01-11,4,False,,False,True,False,False,13.0,False,False,2,1,1,False,MX
2024-01-12,5,False,,False,True,False,False,14.0,False,False,2,1,1,False,MX
2024-01-13,6,True,,False,False,False,False,15.0,False,False,2,1,1,False,MX
2024-01-14,7,True,,False,False,False,False,16.0,False,False,2,1,1,False,MX
2024-01-15,1,False,,False,True,False,True,0.0,False,False,3,1,1,False,MX
2024-01-16,2,False,,False,True,False,False,1.0,False,False,3,1,1,False,MX
2024-01-17,3,False,,False,True,False,False,2.0,False,False,3,1,1,False,MX
2024-01-18,4,False,,False,True,False,False,3.0,False,False,3,1,1,False,MX
2024-01-19,5,False,,False,True,False,False,4.0,False,False,3,1,1,False,MX
2024-01-20,6,True,,False,False,False,False,5.0,False,False,3,1,1,False,MX
2024-01-21,7,True,,False,False,False,False,6.0,False,False,3,1,1,False,MX
2024-01-22,1,False,,False,True,False,False,7.0,False,False,4,1,1,False,MX
2024-01-23,2,False,,False,True,False,False,8.0,False,False,4,1,1,False,MX
2024-01-24,3,False,,False,True,False,False,9.0,False,False,4,1,1,False,MX
2024-01-25,4,False,,False,True,False,False,10.0,False,False,4,1,1,False,MX
2024-01-26,5,False,,False,True,False,False,11.0,False,False,4,1,1,False,MX
2024-01-27,6,True,,False,False,False,False,12.0,False,False,4,1,1,False,MX
2024-01-28,7,True,,False,False,False,False,13.0,False,False,4,1,1,False,MX
2024-01-29,1,False,,False,True,False,False,14.0,False,True,5,1,1,False,MX
2024-01-30,2,False,,False,True,False,False,15.0,False,True,5,1,1,False,MX
2024-01-31,3,False,,False,True,False,True,0.0,False,True,5,1,1,False,MX
2024-02-01,4,False,,False,True,False,False,1.0,True,False,1,2,1,False,MX
2024-02-02,5,False,,False,True,False,False,2.0,True,False,1,2,1,False,MX
2024-02-03,6,True,,False,False,False,False,3.0,True,False,1,2,1,False,MX
2024-02-04,7,True,,False,False,True,False,4.0,False,False,1,2,1,False,MX
2024-02-05,1,False,Día de la Constitución,True,False,False,False,5.0,False,False,1,2,1,False,MX
2024-02-06,2,False,,False,True,False,False,6.0,False,False,1,2,1,False,MX
2024-02-07,3,False,,False,True,False,False,7.0,False,False,1,2,1,False,MX
2024-02-08,4,False,,False,True,False,False,8.0,False,False,2,2,1,False,MX
2024-02-09,5,False,,False,True,False,False,9.0,False,False,2,2,1,False,MX
2024-02-10,6,True,,False,False,False,False,10.0,False,False,2,2,1,False,MX
2024-02-11,7,True,,False,False,False,False,11.0,False,False,2,2,1,False,MX
2024-02-12,1,False,,False,True,False,False,12.0,False,False,2,2,1,False,MX
2024-02-13,2,False,,False,True,False,False,13.0,False,False,2,2,1,False,MX
2024-02-14,3,False,,False,True,False,False,14.0,False,False,2,2,1,False,MX
2024-02-15,4,False,,False,True,False,True,0.0,False,False,3,2,1,False,MX
2024-02-16,5,False,,False,True,False,False,1.0,False,False,3,2,1,False,MX
2024-02-17,6,True,,False,False,False,False,2.0,False,False,3,2,1,False,MX
2024-02-18,7,True,,False,False,False,False,3.0,False,False,3,2,1,False,MX
2024-02-19,1,False,,False,True,False,False,4.0,False,False,3,2,1,False,MX
2024-02-20,2,False,,False,True,False,False,5.0,False,False,3,2,1,False,MX
2024-02-21,3,False,,False,True,False,False,6.0,False,False,3,2,1,False,MX
2024-02-22,4,False,,False,True,False,False,7.0,False,False,4,2,1,False,MX
2024-02-23,5,False,,False,True,False,False,8.0,False,False,4,2,1,False,MX
2024-02-24,6,True,,False,False,False,False,9.0,False,False,4,2,1,False,MX
2024-02-25,7,True,,False,False,False,False,10.0,False,False,4,2,1,False,MX
2024-02-26,1,False,,False,True,False,False,11.0,False,False,4,2,1,False,MX
2024-02-27,2,False,,False,True,False,False,12.0,False,True,4,2,1,False,MX
2024-02-28,3,False,,False,True,False,False,13.0,False,True,4,2,1,False,MX
2024-02-29,4,False,,False,True,False,True,0.0,False,True,5,2,1,False,MX
2024-03-01,5,False,,False,True,False,False,1.0,True,False,1,3,1,False,MX
2024-03-02,6,True,,False,False,False,False,2.0,True,False,1,3,1,False,MX
2024-03-03,7,True,,False,False,False,False,3.0,True,False,1,3,1,False,MX
2024-03-04,1,False,,False,True,False,False,4.0,False,False,1,3,1,False,MX
2024-03-05,2,False,,False,True,False,False,5.0,False,False,1,3,1,False,MX
2024-03-06,3,False,,False,True,False,False,6.0,False,False,1,3,1,False,MX
2024-03-07,4,False,,False,True,False,False,7.0,False,False,1,3,1,False,MX
2024-03-08,5,False,,False,True,False,False,8.0,False,False,2,3,1,False,MX
2024-03-09,6,True,,False,False,False,False,9.0,False,False,2,3,1,False,MX
2024-03-10,7,True,,False,False,False,False,10.0,False,False,2,3,1,False,MX
2024-03-11,1,False,,False,True,False,False,11.0,False,False,2,3,1,False,MX
2024-03-12,2,False,,False,True,False,False,12.0,False,False,2,3,1,False,MX
2024-03-13,3,False,,False,True,False,False,13.0,False,False,2,3,1,False,MX
2024-03-14,4,False,,False,True,False,False,14.0,False,False,2,3,1,False,MX
2024-03-15,5,False,,False,True,False,True,0.0,False,False,3,3,1,False,MX
2024-03-16,6,True,,False,False,False,False,1.0,False,False,3,3,1,False,MX
2024-03-17,7,True,,False,False,True,False,2.0,False,False,3,3,1,False,MX
2024-03-18,1,False,Natalicio de Benito Juárez,True,False,False,False,3.0,False,False,3,3,1,False,MX
2024-03-19,2,False,,False,True,False,False,4.0,False,False,3,3,1,False,MX
2024-03-20,3,False,,False,True,False,False,5.0,False,False,3,3,1,False,MX
2024-03-21,4,False,,False,True,False,False,6.0,False,False,3,3,1,False,MX
2024-03-22,5,False,,False,True,False,False,7.0,False,False,4,3,1,False,MX
2024-03-23,6,True,,False,False,False,False,8.0,False,False,4,3,1,False,MX
2024-03-24,7,True,,False,False,False,False,9.0,False,False,4,3,1,False,MX
2024-03-25,1,False,,False,True,False,False,10.0,False,False,4,3,1,False,MX
2024-03-26,2,False,,False,True,False,False,11.0,False,False,4,3,1,False,MX
2024-03-27,3,False,,False,True,False,True,0.0,False,False,4,3,1,False,MX
2024-03-28,4,False,Jueves Santo (bancario),True,False,False,False,1.0,False,False,4,3,1,False,MX
2024-03-29,5,False,Viernes Santo (bancario),True,False,True,False,2.0,False,True,5,3,1,False,MX
2024-03-30,6,True,,False,False,True,False,3.0,False,True,5,3,1,False,MX
2024-03-31,7,True,,False,False,False,False,4.0,False,True,5,3,1,False,MX
2024-04-01,1,False,,False,True,False,False,5.0,True,False,1,4,2,False,MX
2024-04-02,2,False,,False,True,False,False,6.0,True,False,1,4,2,False,MX
2024-04-03,3,False,,False,True,False,False,7.0,True,False,1,4,2,False,MX
2024-04-04,4,False,,False,True,False,False,8.0,False,False,1,4,2,False,MX
2024-04-05,5,False,,False,True,False,False,9.0,False,False,1,4,2,False,MX
2024-04-06,6,True,,False,False,False,False,10.0,False,False,1,4,2,False,MX
2024-04-07,7,True,,False,False,False,False,11.0,False,False,1,4,2,False,MX
2024-04-08,1,False,,False,True,False,False,12.0,False,False,2,4,2,False,MX
2024-04-09,2,False,,False,True,False,False,13.0,False,False,2,4,2,False,MX
2024-04-10,3,False,,False,True,False,False,14.0,False,False,2,4,2,False,MX
2024-04-11,4,False,,False,True,False,False,15.0,False,False,2,4,2,False,MX
2024-04-12,5,False,,False,True,False,False,16.0,False,False,2,4,2,False,MX
2024-04-13,6,True,,False,False,False,False,17.0,False,False,2,4,2,False,MX
2024-04-14,7,True,,False,False,False,False,18.0,False,False,2,4,2,False,MX
2024-04-15,1,False,,False,True,False,True,0.0,False,False,3,4,2,False,MX
2024-04-16,2,False,,False,True,False,False,1.0,False,False,3,4,2,False,MX
2024-04-17,3,False,,False,True,False,False,2.0,False,False,3,4,2,False,MX
2024-04-18,4,False,,False,True,False,False,3.0,False,False,3,4,2,False,MX
2024-04-19,5,False,,False,True,False,False,4.0,False,False,3,4,2,False,MX
2024-04-20,6,True,,False,False,False,False,5.0,False,False,3,4,2,False,MX
2024-04-21,7,True,,False,False,False,False,6.0,False,False,3,4,2,False,MX
2024-04-22,1,False,,False,True,False,False,7.0,False,False,4,4,2,False,MX
2024-04-23,2,False,,False,True,False,False,8.0,False,False,4,4,2,False,MX
2024-04-24,3,False,,False,True,False,False,9.0,False,False,4,4,2,False,MX
2024-04-25,4,False,,False,True,False,False,10.0,False,False,4,4,2,False,MX
2024-04-26,5,False,,False,True,False,False,11.0,False,False,4,4,2,False,MX
2024-04-27,6,True,,False,False,False,False,12.0,False,False,4,4,2,False,MX
2024-04-28,7,True,,False,False,False,False,13.0,False,True,4,4,2,False,MX
2024-04-29,1,False,,False,True,False,False,14.0,False,True,5,4,2,False,MX
2024-04-30,2,False,,False,True,False,True,0.0,False,True,5,4,2,False,MX
2024-05-01,3,False,Día del Trabajo,True,False,False,False,1.0,True,False,1,5,2,False,MX
2024-05-02,4,False,,False,True,False,False,2.0,True,False,1,5,2,False,MX
2024-05-03,5,False,,False,True,False,False,3.0,True,False,1,5,2,False,MX
2024-05-04,6,True,,False,False,False,False,4.0,False,False,1,5,2,False,MX
2024-05-05,7,True,,False,False,False,False,5.0,False,False,1,5,2,False,MX
2024-05-06,1,False,,False,True,False,False,6.0,False,False,1,5,2,False,MX
2024-05-07,2,False,,False,True,False,False,7.0,False,False,1,5,2,False,MX
2024-05-08,3,False,,False,True,False,False,8.0,False,False,2,5,2,False,MX
2024-05-09,4,False,,False,True,False,False,9.0,False,False,2,5,2,False,MX
2024-05-10,5,False,,False,True,False,False,10.0,False,False,2,5,2,False,MX
2024-05-11,6,True,,False,False,False,False,11.0,False,False,2,5,2,False,MX
2024-05-12,7,True,,False,False,False,False,12.0,False,False,2,5,2,False,MX
2024-05-13,1,False,,False,True,False,False,13.0,False,False,2,5,2,False,MX
2024-05-14,2,False,,False,True,False,False,14.0,False,False,2,5,2,False,MX
2024-05-15,3,False,,False,True,False,True,0.0,False,False,3,5,2,False,MX
2024-05-16,4,False,,False,True,False,False,1.0,False,False,3,5,2,False,MX
2024-05-17,5,False,,False,True,False,False,2.0,False,False,3,5,2,False,MX
2024-05-18,6,True,,False,False,False,False,3.0,False,False,3,5,2,False,MX
2024-05-19,7,True,,False,False,False,False,4.0,False,False,3,5,2,False,MX
2024-05-20,1,False,,False,True,False,False,5.0,False,False,3,5,2,False,MX
2024-05-21,2,False,,False,True,False,False,6.0,False,False,3,5,2,False,MX
2024-05-22,3,False,,False,True,False,False,7.0,False,False,4,5,2,False,MX
2024-05-23,4,False,,False,True,False,False,8.0,False,False,4,5,2,False,MX
2024-05-24,5,False,,False,True,False,False,9.0,False,False,4,5,2,False,MX
2024-05-25,6,True,,False,False,False,False,10.0,False,False,4,5,2,False,MX
2024-05-26,7,True,,False,False,False,False,11.0,False,False,4,5,2,False,MX
2024-05-27,1,False,,False,True,False,False,12.0,False,False,4,5,2,False,MX
2024-05-28,2,False,,False,True,False,False,13.0,False,False,4,5,2,False,MX
2024-05-29,3,False,,False,True,False,False,14.0,False,True,5,5,2,False,MX
2024-05-30,4,False,,False,True,False,False,15.0,False,True,5,5,2,False,MX
2024-05-31,5,False,,False,True,False,True,0.0,False,True,5,5,2,False,MX
2024-06-01,6,True,,False,False,False,False,1.0,True,False,1,6,2,False,MX
2024-06-02,7,True,,False,False,False,False,2.0,True,False,1,6,2,False,MX
2024-06-03,1,False,,False,True,False,False,3.0,True,False,1,6,2,False,MX
2024-06-04,2,False,,False,True,False,False,4.0,False,False,1,6,2,False,MX
2024-06-05,3,False,,False,True,False,False,5.0,False,False,1,6,2,False,MX
2024-06-06,4,False,,False,True,False,False,6.0,False,False,1,6,2,False,MX
2024-06-07,5,False,,False,True,False,False,7.0,False,False,1,6,2,False,MX
2024-06-08,6,True,,False,False,False,False,8.0,False,False,2,6,2,False,MX
2024-06-09,7,True,,False,False,False,False,9.0,False,False,2,6,2,False,MX
2024-06-10,1,False,,False,True,False,False,10.0,False,False,2,6,2,False,MX
2024-06-11,2,False,,False,True,False,False,11.0,False,False,2,6,2,False,MX
2024-06-12,3,False,,False,True,False,False,12.0,False,False,2,6,2,False,MX
2024-06-13,4,False,,False,True,False,False,13.0,False,False,2,6,2,False,MX
2024-06-14,5,False,,False,True,False,True,0.0,False,False,2,6,2,False,MX
2024-06-15,6,True,,False,False,False,False,1.0,False,False,3,6,2,False,MX
2024-06-16,7,True,,False,False,False,False,2.0,False,False,3,6,2,False,MX
2024-06-17,1,False,,False,True,False,False,3.0,False,False,3,6,2,False,MX
2024-06-18,2,False,,False,True,False,False,4.0,False,False,3,6,2,False,MX
2024-06-19,3,False,,False,True,False,False,5.0,False,False,3,6,2,False,MX
2024-06-20,4,False,,False,True,False,False,6.0,False,False,3,6,2,False,MX
2024-06-21,5,False,,False,True,False,False,7.0,False,False,3,6,2,False,MX
2024-06-22,6,True,,False,False,False,False,8.0,False,False,4,6,2,False,MX
2024-06-23,7,True,,False,False,False,False,9.0,False,False,4,6,2,False,MX
2024-06-24,1,False,,False,True,False,False,10.0,False,False,4,6,2,False,MX
2024-06-25,2,False,,False,True,False,False,11.0,False,False,4,6,2,False,MX
2024-06-26,3,False,,False,True,False,False,12.0,False,False,4,6,2,False,MX
2024-06-27,4,False,,False,True,False,False,13.0,False,False,4,6,2,False,MX
2024-06-28,5,False,,False,True,False,True,0.0,False,True,4,6,2,False,MX
2024-06-29,6,True,,False,False,False,False,1.0,False,True,5,6,2,False,MX
2024-06-30,7,True,,False,False,False,False,2.0,False,True,5,6,2,False,MX
2024-07-01,1,False,,False,True,False,False,3.0,True,False,1,7,3,False,MX
2024-07-02,2,False,,False,True,False,False,4.0,True,False,1,7,3,False,MX
2024-07-03,3,False,,False,True,False,False,5.0,True,False,1,7,3,False,MX
2024-07-04,4,False,,False,True,False,False,6.0,False,False,1,7,3,False,MX
2024-07-05,5,False,,False,True,False,False,7.0,False,False,1,7,3,False,MX
2024-07-06,6,True,,False,False,False,False,8.0,False,False,1,7,3,False,MX
2024-07-07,7,True,,False,False,False,False,9.0,False,False,1,7,3,False,MX
2024-07-08,1,False,,False,True,False,False,10.0,False,False,2,7,3,False,MX
2024-07-09,2,False,,False,True,False,False,11.0,False,False,2,7,3,False,MX
2024-07-10,3,False,,False,True,False,False,12.0,False,False,2,7,3,False,MX
2024-07-11,4,False,,False,True,False,False,13.0,False,False,2,7,3,False,MX
2024-07-12,5,False,,False,True,False,False,14.0,False,False,2,7,3,False,MX
2024-07-13,6,True,,False,False,False,False,15.0,False,False,2,7,3,False,MX
2024-07-14,7,True,,False,False,False,False,16.0,False,False,2,7,3,False,MX
2024-07-15,1,False,,False,True,False,True,0.0,False,False,3,7,3,False,MX
2024-07-16,2,False,,False,True,False,False,1.0,False,False,3,7,3,False,MX
2024-07-17,3,False,,False,True,False,False,2.0,False,False,3,7,3,False,MX
2024-07-18,4,False,,False,True,False,False,3.0,False,False,3,7,3,False,MX
2024-07-19,5,False,,False,True,False,False,4.0,False,False,3,7,3,False,MX
2024-07-20,6,True,,False,False,False,False,5.0,False,False,3,7,3,False,MX
2024-07-21,7,True,,False,False,False,False,6.0,False,False,3,7,3,False,MX
2024-07-22,1,False,,False,True,False,False,7.0,False,False,4,7,3,False,MX
2024-07-23,2,False,,False,True,False,False,8.0,False,False,4,7,3,False,MX
2024-07-24,3,False,,False,True,False,False,9.0,False,False,4,7,3,False,MX
2024-07-25,4,False,,False,True,False,False,10.0,False,False,4,7,3,False,MX
2024-07-26,5,False,,False,True,False,False,11.0,False,False,4,7,3,False,MX
2024-07-27,6,True,,False,False,False,False,12.0,False,False,4,7,3,False,MX
2024-07-28,7,True,,False,False,False,False,13.0,False,False,4,7,3,False,MX
2024-07-29,1,False,,False,True,False,False,14.0,False,True,5,7,3,False,MX
2024-07-30,2,False,,False,True,False,False,15.0,False,True,5,7,3,False,MX
2024-07-31,3,False,,False,True,False,True,0.0,False,True,5,7,3,False,MX
2024-08-01,4,False,,False,True,False,False,1.0,True,False,1,8,3,False,MX
2024-08-02,5,False,,False,True,False,False,2.0,True,False,1,8,3,False,MX
2024-08-03,6,True,,False,False,False,False,3.0,True,False,1,8,3,False,MX
2024-08-04,7,True,,False,False,False,False,4.0,False,False,1,8,3,False,MX
2024-08-05,1,False,,False,True,False,False,5.0,False,False,1,8,3,False,MX
2024-08-06,2,False,,False,True,False,False,6.0,False,False,1,8,3,False,MX
2024-08-07,3,False,,False,True,False,False,7.0,False,False,1,8,3,False,MX
2024-08-08,4,False,,False,True,False,False,8.0,False,False,2,8,3,False,MX
2024-08-09,5,False,,False,True,False,False,9.0,False,False,2,8,3,False,MX
2024-08-10,6,True,,False,False,False,False,10.0,False,False,2,8,3,False,MX
2024-08-11,7,True,,False,False,False,False,11.0,False,False,2,8,3,False,MX
2024-08-12,1,False,,False,True,False,False,12.0,False,False,2,8,3,False,MX
2024-08-13,2,False,,False,True,False,False,13.0,False,False,2,8,3,False,MX
2024-08-14,3,False,,False,True,False,False,14.0,False,False,2,8,3,False,MX
2024-08-15,4,False,,False,True,False,True,0.0,False,False,3,8,3,False,MX
2024-08-16,5,False,,False,True,False,False,1.0,False,False,3,8,3,False,MX
2024-08-17,6,True,,False,False,False,False,2.0,False,False,3,8,3,False,MX
2024-08-18,7,True,,False,False,False,False,3.0,False,False,3,8,3,False,MX
2024-08-19,1,False,,False,True,False,False,4.0,False,False,3,8,3,False,MX
2024-08-20,2,False,,False,True,False,False,5.0,False,False,3,8,3,False,MX
2024-08-21,3,False,,False,True,False,False,6.0,False,False,3,8,3,False,MX
2024-08-22,4,False,,False,True,False,False,7.0,False,False,4,8,3,False,MX
2024-08-23,5,False,,False,True,False,False,8.0,False,False,4,8,3,False,MX
2024-08-24,6,True,,False,False,False,False,9.0,False,False,4,8,3,False,MX
2024-08-25,7,True,,False,False,False,False,10.0,False,False,4,8,3,False,MX
2024-08-26,1,False,,False,True,False,False,11.0,False,False,4,8,3,False,MX
2024-08-27,2,False,,False,True,False,False,12.0,False,False,4,8,3,False,MX
2024-08-28,3,False,,False,True,False,False,13.0,False,False,4,8,3,False,MX
2024-08-29,4,False,,False,True,False,False,14.0,False,True,5,8,3,False,MX
2024-08-30,5,False,,False,True,False,True,0.0,False,True,5,8,3,False,MX
2024-08-31,6,True,,False,False,False,False,1.0,False,True,5,8,3,False,MX
2024-09-01,7,True,,False,False,False,False,2.0,True,False,1,9,3,False,MX
2024-09-02,1,False,,False,True,False,False,3.0,True,False,1,9,3,False,MX
2024-09-03,2,False,,False,True,False,False,4.0,True,False,1,9,3,False,MX
2024-09-04,3,False,,False,True,False,False,5.0,False,False,1,9,3,False,MX
2024-09-05,4,False,,False,True,False,False,6.0,False,False,1,9,3,False,MX
2024-09-06,5,False,,False,True,False,False,7.0,False,False,1,9,3,False,MX
2024-09-07,6,True,,False,False,False,False,8.0,False,False,1,9,3,False,MX
2024-09-08,7,True,,False,False,False,False,9.0,False,False,2,9,3,False,MX
2024-09-09,1,False,,False,True,False,False,10.0,False,False,2,9,3,False,MX
2024-09-10,2,False,,False,True,False,False,11.0,False,False,2,9,3,False,MX
2024-09-11,3,False,,False,True,False,False,12.0,False,False,2,9,3,False,MX
2024-09-12,4,False,,False,True,False,False,13.0,False,False,2,9,3,False,MX
2024-09-13,5,False,,False,True,False,True,0.0,False,False,2,9,3,False,MX
2024-09-14,6,True,,False,False,False,False,1.0,False,False,2,9,3,False,MX
2024-09-15,7,True,,False,False,True,False,2.0,False,False,3,9,3,False,MX
2024-09-16,1,False,Día de la Independencia,True,False,False,False,3.0,False,False,3,9,3,False,MX
2024-09-17,2,False,,False,True,False,False,4.0,False,False,3,9,3,False,MX
2024-09-18,3,False,,False,True,False,False,5.0,False,False,3,9,3,False,MX
2024-09-19,4,False,,False,True,False,False,6.0,False,False,3,9,3,False,MX
2024-09-20,5,False,,False,True,False,False,7.0,False,False,3,9,3,False,MX
2024-09-21,6,True,,False,False,False,False,8.0,False,False,3,9,3,False,MX
2024-09-22,7,True,,False,False,False,False,9.0,False,False,4,9,3,False,MX
2024-09-23,1,False,,False,True,False,False,10.0,False,False,4,9,3,False,MX
2024-09-24,2,False,,False,True,False,False,11.0,False,False,4,9,3,False,MX
2024-09-25,3,False,,False,True,False,False,12.0,False,False,4,9,3,False,MX
2024-09-26,4,False,,False,True,False,False,13.0,False,False,4,9,3,False,MX
2024-09-27,5,False,,False,True,False,False,14.0,False,False,4,9,3,False,MX
2024-09-28,6,True,,False,False,False,False,15.0,False,True,4,9,3,False,MX
2024-09-29,7,True,,False,False,False,False,16.0,False,True,5,9,3,False,MX
2024-09-30,1,False,,False,True,False,True,0.0,False,True,5,9,3,False,MX
2024-10-01,2,False,Transmisión del Poder Ejecutivo Federal,True,False,False,False,1.0,True,False,1,10,4,False,MX
2024-10-02,3,False,,False,True,False,False,2.0,True,False,1,10,4,False,MX
2024-10-03,4,False,,False,True,False,False,3.0,True,False,1,10,4,False,MX
2024-10-04,5,False,,False,True,False,False,4.0,False,False,1,10,4,False,MX
2024-10-05,6,True,,False,False,False,False,5.0,False,False,1,10,4,False,MX
2024-10-06,7,True,,False,False,False,False,6.0,False,False,1,10,4,False,MX
2024-10-07,1,False,,False,True,False,False,7.0,False,False,1,10,4,False,MX
2024-10-08,2,False,,False,True,False,False,8.0,False,False,2,10,4,False,MX
2024-10-09,3,False,,False,True,False,False,9.0,False,False,2,10,4,False,MX
2024-10-10,4,False,,False,True,False,False,10.0,False,False,2,10,4,False,MX
2024-10-11,5,False,,False,True,False,False,11.0,False,False,2,10,4,False,MX
2024-10-12,6,True,,False,False,False,False,12.0,False,False,2,10,4,False,MX
2024-10-13,7,True,,False,False,False,False,13.0,False,False,2,10,4,False,MX
2024-10-14,1,False,,False,True,False,False,14.0,False,False,2,10,4,False,MX
2024-10-15,2,False,,False,True,False,True,0.0,False,False,3,10,4,False,MX
2024-10-16,3,False,,False,True,False,False,1.0,False,False,3,10,4,False,MX
2024-10-17,4,False,,False,True,False,False,2.0,False,False,3,10,4,False,MX
2024-10-18,5,False,,False,True,False,False,3.0,False,False,3,10,4,False,MX
2024-10-19,6,True,,False,False,False,False,4.0,False,False,3,10,4,False,MX
2024-10-20,7,True,,False,False,False,False,5.0,False,False,3,10,4,False,MX
2024-10-21,1,False,,False,True,False,False,6.0,False,False,3,10,4,False,MX
2024-10-22,2,False,,False,True,False,False,7.0,False,False,4,10,4,False,MX
2024-10-23,3,False,,False,True,False,False,8.0,False,False,4,10,4,False,MX
2024-10-24,4,False,,False,True,False,False,9.0,False,False,4,10,4,False,MX
2024-10-25,5,False,,False,True,False,False,10.0,False,False,4,10,4,False,MX
2024-10-26,6,True,,False,False,False,False,11.0,False,False,4,10,4,False,MX
2024-10-27,7,True,,False,False,False,False,12.0,False,False,4,10,4,False,MX
2024-10-28,1,False,,False,True,False,False,13.0,False,False,4,10,4,False,MX
2024-10-29,2,False,,False,True,False,False,14.0,False,True,5,10,4,False,MX
2024-10-30,3,False,,False,True,False,False,15.0,False,True,5,10,4,False,MX
2024-10-31,4,False,,False,True,False,True,0.0,False,True,5,10,4,False,MX
2024-11-01,5,False,,False,True,False,False,1.0,True,False,1,11,4,False,MX
2024-11-02,6,True,Día de Muertos (bancario),True,False,False,False,2.0,True,False,1,11,4,False,MX
2024-11-03,7,True,,False,False,False,False,3.0,True,False,1,11,4,False,MX
2024-11-04,1,False,,False,True,False,False,4.0,False,False,1,11,4,False,MX
2024-11-05,2,False,,False,True,False,False,5.0,False,False,1,11,4,False,MX
2024-11-06,3,False,,False,True,False,False,6.0,False,False,1,11,4,False,MX
2024-11-07,4,False,,False,True,False,False,7.0,False,False,1,11,4,False,MX
2024-11-08,5,False,,False,True,False,False,8.0,False,False,2,11,4,False,MX
2024-11-09,6,True,,False,False,False,False,9.0,False,False,2,11,4,False,MX
2024-11-10,7,True,,False,False,False,False,10.0,False,False,2,11,4,False,MX
2024-11-11,1,False,,False,True,False,False,11.0,False,False,2,11,4,False,MX
2024-11-12,2,False,,False,True,False,False,12.0,False,False,2,11,4,False,MX
2024-11-13,3,False,,False,True,False,False,13.0,False,False,2,11,4,False,MX
2024-11-14,4,False,,False,True,False,False,14.0,False,False,2,11,4,False,MX
2024-11-15,5,False,,False,True,False,True,0.0,False,False,3,11,4,False,MX
2024-11-16,6,True,,False,False,False,False,1.0,False,False,3,11,4,False,MX
2024-11-17,7,True,,False,False,True,False,2.0,False,False,3,11,4,False,MX
2024-11-18,1,False,Día de la Revolución,True,False,False,False,3.0,False,False,3,11,4,False,MX
2024-11-19,2,False,,False,True,False,False,4.0,False,False,3,11,4,False,MX
2024-11-20,3,False,,False,True,False,False,5.0,False,False,3,11,4,False,MX
2024-11-21,4,False,,False,True,False,False,6.0,False,False,3,11,4,False,MX
2024-11-22,5,False,,False,True,False,False,7.0,False,False,4,11,4,False,MX
2024-11-23,6,True,,False,False,False,False,8.0,False,False,4,11,4,False,MX
2024-11-24,7,True,,False,False,False,False,9.0,False,False,4,11,4,False,MX
2024-11-25,1,False,,False,True,False,False,10.0,False,False,4,11,4,False,MX
2024-11-26,2,False,,False,True,False,False,11.0,False,False,4,11,4,False,MX
2024-11-27,3,False,,False,True,False,False,12.0,False,False,4,11,4,False,MX
2024-11-28,4,False,,False,True,False,False,13.0,False,True,4,11,4,False,MX
2024-11-29,5,False,,False,True,False,True,0.0,False,True,5,11,4,False,MX
2024-11-30,6,True,,False,False,False,False,1.0,False,True,5,11,4,False,MX
2024-12-01,7,True,,False,False,False,False,2.0,True,False,1,12,4,True,MX
2024-12-02,1,False,,False,True,False,False,3.0,True,False,1,12,4,True,MX
2024-12-03,2,False,,False,True,False,False,4.0,True,False,1,12,4,True,MX
2024-12-04,3,False,,False,True,False,False,5.0,False,False,1,12,4,True,MX
2024-12-05,4,False,,False,True,False,False,6.0,False,False,1,12,4,True,MX
2024-12-06,5,False,,False,True,False,False,7.0,False,False,1,12,4,True,MX
2024-12-07,6,True,,False,False,False,False,8.0,False,False,1,12,4,True,MX
2024-12-08,7,True,,False,False,False,False,9.0,False,False,2,12,4,True,MX
2024-12-09,1,False,,False,True,False,False,10.0,False,False,2,12,4,True,MX
2024-12-10,2,False,,False,True,False,False,11.0,False,False,2,12,4,True,MX
2024-12-11,3,False,,False,True,False,False,12.0,False,False,2,12,4,True,MX
2024-12-12,4,False,Día de la Virgen de Guadalupe (bancario),True,False,False,False,13.0,False,False,2,12,4,True,MX
2024-12-13,5,False,,False,True,False,True,0.0,False,False,2,12,4,True,MX
2024-12-14,6,True,,False,False,False,False,1.0,False,False,2,12,4,True,MX
2024-12-15,7,True,,False,False,False,False,2.0,False,False,3,12,4,True,MX
2024-12-16,1,False,,False,True,False,False,3.0,False,False,3,12,4,True,MX
2024-12-17,2,False,,False,True,False,False,4.0,False,False,3,12,4,True,MX
2024-12-18,3,False,,False,True,False,False,5.0,False,False,3,12,4,True,MX
2024-12-19,4,False,,False,True,False,False,6.0,False,False,3,12,4,True,MX
2024-12-20,5,False,,False,True,False,False,7.0,False,False,3,12,4,True,MX
2024-12-21,6,True,,False,False,False,False,8.0,False,False,3,12,4,True,MX
2024-12-22,7,True,,False,False,False,False,9.0,False,False,4,12,4,True,MX
2024-12-23,1,False,,False,True,False,False,10.0,False,False,4,12,4,True,MX
2024-12-24,2,False,,False,True,False,False,11.0,False,False,4,12,4,True,MX
2024-12-25,3,False,Navidad,True,False,False,False,12.0,False,False,4,12,4,True,MX
2024-12-26,4,False,,False,True,False,False,13.0,False,False,4,12,4,True,MX
2024-12-27,5,False,,False,True,False,False,14.0,False,False,4,12,4,True,MX
2024-12-28,6,True,,False,False,False,False,15.0,False,False,4,12,4,True,MX
2024-12-29,7,True,,False,False,False,False,16.0,False,True,5,12,4,True,MX
2024-12-30,1,False,,False,True,False,False,17.0,False,True,5,12,4,True,MX
2024-12-31,2,False,,False,True,False,True,0.0,False,True,5,12,4,True,MX
2025-01-01,3,False,Año Nuevo,True,False,False,False,1.0,True,False,1,1,1,False,MX
2025-01-02,4,False,,False,True,False,False,2.0,True,False,1,1,1,False,MX
2025-01-03,5,False,,False,True,False,False,3.0,True,False,1,1,1,False,MX
2025-01-04,6,True,,False,False,False,False,4.0,False,False,1,1,1,False,MX
2025-01-05,7,True,,False,False,False,False,5.0,False,False,1,1,1,False,MX
2025-01-06,1,False,,False,True,False,False,6.0,False,False,1,1,1,False,MX
2025-01-07,2,False,,False,True,False,False,7.0,False,False,1,1,1,False,MX
2025-01-08,3,False,,False,True,False,False,8.0,False,False,2,1,1,False,MX
2025-01-09,4,False,,False,True,False,False,9.0,False,False,2,1,1,False,MX
2025-01-10,5,False,,False,True,False,False,10.0,False,False,2,1,1,False,MX
2025-01-11,6,True,,False,False,False,False,11.0,False,False,2,1,1,False,MX
2025-01-12,7,True,,False,False,False,False,12.0,False,False,2,1,1,False,MX
2025-01-13,1,False,,False,True,False,False,13.0,False,False,2,1,1,False,MX
2025-01-14,2,False,,False,True,False,False,14.0,False,False,2,1,1,False,MX
2025-01-15,3,False,,False,True,False,True,0.0,False,False,3,1,1,False,MX
2025-01-16,4,False,,False,True,False,False,1.0,False,False,3,1,1,False,MX
2025-01-17,5,False,,False,True,False,False,2.0,False,False,3,1,1,False,MX
2025-01-18,6,True,,False,False,False,False,3.0,False,False,3,1,1,False,MX
2025-01-19,7,True,,False,False,False,False,4.0,False,False,3,1,1,False,MX
2025-01-20,1,False,,False,True,False,False,5.0,False,False,3,1,1,False,MX
2025-01-21,2,False,,False,True,False,False,6.0,False,False,3,1,1,False,MX
2025-01-22,3,False,,False,True,False,False,7.0,False,False,4,1,1,False,MX
2025-01-23,4,False,,False,True,False,False,8.0,False,False,4,1,1,False,MX
2025-01-24,5,False,,False,True,False,False,9.0,False,False,4,1,1,False,MX
2025-01-25,6,True,,False,False,False,False,10.0,False,False,4,1,1,False,MX
2025-01-26,7,True,,False,False,False,False,11.0,False,False,4,1,1,False,MX
2025-01-27,1,False,,False,True,False,False,12.0,False,False,4,1,1,False,MX
2025-01-28,2,False,,False,True,False,False,13.0,False,False,4,1,1,False,MX
2025-01-29,3,False,,False,True,False,False,14.0,False,True,5,1,1,False,MX
2025-01-30,4,False,,False,True,False,False,15.0,False,True,5,1,1,False,MX
2025-01-31,5,False,,False,True,False,True,0.0,False,True,5,1,1,False,MX
2025-02-01,6,True,,False,False,False,False,1.0,True,False,1,2,1,False,MX
2025-02-02,7,True,,False,False,True,False,2.0,True,False,1,2,1,False,MX
2025-02-03,1,False,Día de la Constitución,True,False,False,False,3.0,True,False,1,2,1,False,MX
2025-02-04,2,False,,False,True,False,False,4.0,False,False,1,2,1,False,MX
2025-02-05,3,False,,False,True,False,False,5.0,False,False,1,2,1,False,MX
2025-02-06,4,False,,False,True,False,False,6.0,False,False,1,2,1,False,MX
2025-02-07,5,False,,False,True,False,False,7.0,False,False,1,2,1,False,MX
2025-02-08,6,True,,False,False,False,False,8.0,False,False,2,2,1,False,MX
2025-02-09,7,True,,False,False,False,False,9.0,False,False,2,2,1,False,MX
2025-02-10,1,False,,False,True,False,False,10.0,False,False,2,2,1,False,MX
2025-02-11,2,False,,False,True,False,False,11.0,False,False,2,2,1,False,MX
2025-02-12,3,False,,False,True,False,False,12.0,False,False,2,2,1,False,MX
2025-02-13,4,False,,False,True,False,False,13.0,False,False,2,2,1,False,MX
2025-02-14,5,False,,False,True,False,True,0.0,False,False,2,2,1,False,MX
2025-02-15,6,True,,False,False,False,False,1.0,False,False,3,2,1,False,MX
2025-02-16,7,True,,False,False,False,False,2.0,False,False,3,2,1,False,MX
2025-02-17,1,False,,False,True,False,False,3.0,False,False,3,2,1,False,MX
2025-02-18,2,False,,False,True,False,False,4.0,False,False,3,2,1,False,MX
2025-02-19,3,False,,False,True,False,False,5.0,False,False,3,2,1,False,MX
2025-02-20,4,False,,False,True,False,False,6.0,False,False,3,2,1,False,MX
2025-02-21,5,False,,False,True,False,False,7.0,False,False,3,2,1,False,MX
2025-02-22,6,True,,False,False,False,False,8.0,False,False,4,2,1,False,MX
2025-02-23,7,True,,False,False,False,False,9.0,False,False,4,2,1,False,MX
2025-02-24,1,False,,False,True,False,False,10.0,False,False,4,2,1,False,MX
2025-02-25,2,False,,False,True,False,False,11.0,False,False,4,2,1,False,MX
2025-02-26,3,False,,False,True,False,False,12.0,False,True,4,2,1,False,MX
2025-02-27,4,False,,False,True,False,False,13.0,False,True,4,2,1,False,MX
2025-02-28,5,False,,False,True,False,True,0.0,False,True,4,2,1,False,MX
2025-03-01,6,True,,False,False,False,False,1.0,True,False,1,3,1,False,MX
2025-03-02,7,True,,False,False,False,False,2.0,True,False,1,3,1,False,MX
2025-03-03,1,False,,False,True,False,False,3.0,True,False,1,3,1,False,MX
2025-03-04,2,False,,False,True,False,False,4.0,False,False,1,3,1,False,MX
2025-03-05,3,False,,False,True,False,False,5.0,False,False,1,3,1,False,MX
2025-03-06,4,False,,False,True,False,False,6.0,False,False,1,3,1,False,MX
2025-03-07,5,False,,False,True,False,False,7.0,False,False,1,3,1,False,MX
2025-03-08,6,True,,False,False,False,False,8.0,False,False,2,3,1,False,MX
2025-03-09,7,True,,False,False,False,False,9.0,False,False,2,3,1,False,MX
2025-03-10,1,False,,False,True,False,False,10.0,False,False,2,3,1,False,MX
2025-03-11,2,False,,False,True,False,False,11.0,False,False,2,3,1,False,MX
2025-03-12,3,False,,False,True,False,False,12.0,False,False,2,3,1,False,MX
2025-03-13,4,False,,False,True,False,False,13.0,False,False,2,3,1,False,MX
2025-03-14,5,False,,False,True,False,True,0.0,False,False,2,3,1,False,MX
2025-03-15,6,True,,False,False,False,False,1.0,False,False,3,3,1,False,MX
2025-03-16,7,True,,False,False,True,False,2.0,False,False,3,3,1,False,MX
2025-03-17,1,False,Natalicio de Benito Juárez,True,False,False,False,3.0,False,False,3,3,1,False,MX
2025-03-18,2,False,,False,True,False,False,4.0,False,False,3,3,1,False,MX
2025-03-19,3,False,,False,True,False,False,5.0,False,False,3,3,1,False,MX
2025-03-20,4,False,,False,True,False,False,6.0,False,False,3,3,1,False,MX
2025-03-21,5,False,,False,True,False,False,7.0,False,False,3,3,1,False,MX
2025-03-22,6,True,,False,False,False,False,8.0,False,False,4,3,1,False,MX
2025-03-23,7,True,,False,False,False,False,9.0,False,False,4,3,1,False,MX
2025-03-24,1,False,,False,True,False,False,10.0,False,False,4,3,1,False,MX
2025-03-25,2,False,,False,True,False,False,11.0,False,False,4,3,1,False,MX
2025-03-26,3,False,,False,True,False,False,12.0,False,False,4,3,1,False,MX
2025-03-27,4,False,,False,True,False,False,13.0,False,False,4,3,1,False,MX
2025-03-28,5,False,,False,True,False,False,14.0,False,False,4,3,1,False,MX
2025-03-29,6,True,,False,False,False,False,15.0,False,True,5,3,1,False,MX
2025-03-30,7,True,,False,False,False,False,16.0,False,True,5,3,1,False,MX
2025-03-31,1,False,,False,True,False,True,0.0,False,True,5,3,1,False,MX
2025-04-01,2,False,,False,True,False,False,1.0,True,False,1,4,2,False,MX
2025-04-02,3,False,,False,True,False,False,2.0,True,False,1,4,2,False,MX
2025-04-03,4,False,,False,True,False,False,3.0,True,False,1,4,2,False,MX
2025-04-04,5,False,,False,True,False,False,4.0,False,False,1,4,2,False,MX
2025-04-05,6,True,,False,False,False,False,5.0,False,False,1,4,2,False,MX
2025-04-06,7,True,,False,False,False,False,6.0,False,False,1,4,2,False,MX
2025-04-07,1,False,,False,True,False,False,7.0,False,False,1,4,2,False,MX
2025-04-08,2,False,,False,True,False,False,8.0,False,False,2,4,2,False,MX
2025-04-09,3,False,,False,True,False,False,9.0,False,False,2,4,2,False,MX
2025-04-10,4,False,,False,True,False,False,10.0,False,False,2,4,2,False,MX
2025-04-11,5,False,,False,True,False,False,11.0,False,False,2,4,2,False,MX
2025-04-12,6,True,,False,False,False,False,12.0,False,False,2,4,2,False,MX
2025-04-13,7,True,,False,False,False,False,13.0,False,False,2,4,2,False,MX
2025-04-14,1,False,,False,True,False,False,14.0,False,False,2,4,2,False,MX
2025-04-15,2,False,,False,True,False,True,0.0,False,False,3,4,2,False,MX
2025-04-16,3,False,,False,True,False,False,1.0,False,False,3,4,2,False,MX
2025-04-17,4,False,Jueves Santo (bancario),True,False,False,False,2.0,False,False,3,4,2,False,MX
2025-04-18,5,False,Viernes Santo (bancario),True,False,True,False,3.0,False,False,3,4,2,False,MX
2025-04-19,6,True,,False,False,True,False,4.0,False,False,3,4,2,False,MX
2025-04-20,7,True,,False,False,False,False,5.0,False,False,3,4,2,False,MX
2025-04-21,1,False,,False,True,False,False,6.0,False,False,3,4,2,False,MX
2025-04-22,2,False,,False,True,False,False,7.0,False,False,4,4,2,False,MX
2025-04-23,3,False,,False,True,False,False,8.0,False,False,4,4,2,False,MX
2025-04-24,4,False,,False,True,False,False,9.0,False,False,4,4,2,False,MX
2025-04-25,5,False,,False,True,False,False,10.0,False,False,4,4,2,False,MX
2025-04-26,6,True,,False,False,False,False,11.0,False,False,4,4,2,False,MX
2025-04-27,7,True,,False,False,False,False,12.0,False,False,4,4,2,False,MX
2025-04-28,1,False,,False,True,False,False,13.0,False,True,4,4,2,False,MX
2025-04-29,2,False,,False,True,False,False,14.0,False,True,5,4,2,False,MX
2025-04-30,3,False,,False,True,False,True,0.0,False,True,5,4,2,False,MX
2025-05-01,4,False,Día del Trabajo,True,False,False,False,1.0,True,False,1,5,2,False,MX
2025-05-02,5,False,,False,True,False,False,2.0,True,False,1,5,2,False,MX
2025-05-03,6,True,,False,False,False,False,3.0,True,False,1,5,2,False,MX
2025-05-04,7,True,,False,False,False,False,4.0,False,False,1,5,2,False,MX
2025-05-05,1,False,,False,True,False,False,5.0,False,False,1,5,2,False,MX
2025-05-06,2,False,,False,True,False,False,6.0,False,False,1,5,2,False,MX
2025-05-07,3,False,,False,True,False,False,7.0,False,False,1,5,2,False,MX
2025-05-08,4,False,,False,True,False,False,8.0,False,False,2,5,2,False,MX
2025-05-09,5,False,,False,True,False,False,9.0,False,False,2,5,2,False,MX
2025-05-10,6,True,,False,False,False,False,10.0,False,False,2,5,2,False,MX
2025-05-11,7,True,,False,False,False,False,11.0,False,False,2,5,2,False,MX
2025-05-12,1,False,,False,True,False,False,12.0,False,False,2,5,2,False,MX
2025-05-13,2,False,,False,True,False,False,13.0,False,False,2,5,2,False,MX
2025-05-14,3,False,,False,True,False,False,14.0,False,False,2,5,2,False,MX
2025-05-15,4,False,,False,True,False,True,0.0,False,False,3,5,2,False,MX
2025-05-16,5,False,,False,True,False,False,1.0,False,False,3,5,2,False,MX
2025-05-17,6,True,,False,False,False,False,2.0,False,False,3,5,2,False,MX
2025-05-18,7,True,,False,False,False,False,3.0,False,False,3,5,2,False,MX
2025-05-19,1,False,,False,True,False,False,4.0,False,False,3,5,2,False,MX
2025-05-20,2,False,,False,True,False,False,5.0,False,False,3,5,2,False,MX
2025-05-21,3,False,,False,True,False,False,6.0,False,False,3,5,2,False,MX
2025-05-22,4,False,,False,True,False,False,7.0,False,False,4,5,2,False,MX
2025-05-23,5,False,,False,True,False,False,8.0,False,False,4,5,2,False,MX
2025-05-24,6,True,,False,False,False,False,9.0,False,False,4,5,2,False,MX
2025-05-25,7,True,,False,False,False,False,10.0,False,False,4,5,2,False,MX
2025-05-26,1,False,,False,True,False,False,11.0,False,False,4,5,2,False,MX
2025-05-27,2,False,,False,True,False,False,12.0,False,False,4,5,2,False,MX
2025-05-28,3,False,,False,True,False,False,13.0,False,False,4,5,2,False,MX
2025-05-29,4,False,,False,True,False,False,14.0,False,True,5,5,2,False,MX
2025-05-30,5,False,,False,True,False,True,0.0,False,True,5,5,2,False,MX
2025-05-31,6,True,,False,False,False,False,1.0,False,True,5,5,2,False,MX
2025-06-01,7,True,,False,False,False,False,2.0,True,False,1,6,2,False,MX
2025-06-02,1,False,,False,True,False,False,3.0,True,False,1,6,2,False,MX
2025-06-03,2,False,,False,True,False,False,4.0,True,False,1,6,2,False,MX
2025-06-04,3,False,,False,True,False,False,5.0,False,False,1,6,2,False,MX
2025-06-05,4,False,,False,True,False,False,6.0,False,False,1,6,2,False,MX
2025-06-06,5,False,,False,True,False,False,7.0,False,False,1,6,2,False,MX
2025-06-07,6,True,,False,False,False,False,8.0,False,False,1,6,2,False,MX
2025-06-08,7,True,,False,False,False,False,9.0,False,False,2,6,2,False,MX
2025-06-09,1,False,,False,True,False,False,10.0,False,False,2,6,2,False,MX
2025-06-10,2,False,,False,True,False,False,11.0,False,False,2,6,2,False,MX
2025-06-11,3,False,,False,True,False,False,12.0,False,False,2,6,2,False,MX
2025-06-12,4,False,,False,True,False,False,13.0,False,False,2,6,2,False,MX
2025-06-13,5,False,,False,True,False,True,0.0,False,False,2,6,2,False,MX
2025-06-14,6,True,,False,False,False,False,1.0,False,False,2,6,2,False,MX
2025-06-15,7,True,,False,False,False,False,2.0,False,False,3,6,2,False,MX
2025-06-16,1,False,,False,True,False,False,3.0,False,False,3,6,2,False,MX
2025-06-17,2,False,,False,True,False,False,4.0,False,False,3,6,2,False,MX
2025-06-18,3,False,,False,True,False,False,5.0,False,False,3,6,2,False,MX
2025-06-19,4,False,,False,True,False,False,6.0,False,False,3,6,2,False,MX
2025-06-20,5,False,,False,True,False,False,7.0,False,False,3,6,2,False,MX
2025-06-21,6,True,,False,False,False,False,8.0,False,False,3,6,2,False,MX
2025-06-22,7,True,,False,False,False,False,9.0,False,False,4,6,2,False,MX
2025-06-23,1,False,,False,True,False,False,10.0,False,False,4,6,2,False,MX
2025-06-24,2,False,,False,True,False,False,11.0,False,False,4,6,2,False,MX
2025-06-25,3,False,,False,True,False,False,12.0,False,False,4,6,2,False,MX
2025-06-26,4,False,,False,True,False,False,13.0,False,False,4,6,2,False,MX
2025-06-27,5,False,,False,True,False,False,14.0,False,False,4,6,2,False,MX
2025-06-28,6,True,,False,False,False,False,15.0,False,True,4,6,2,False,MX
2025-06-29,7,True,,False,False,False,False,16.0,False,True,5,6,2,False,MX
2025-06-30,1,False,,False,True,False,True,0.0,False,True,5,6,2,False,MX
2025-07-01,2,False,,False,True,False,False,1.0,True,False,1,7,3,False,MX
2025-07-02,3,False,,False,True,False,False,2.0,True,False,1,7,3,False,MX
2025-07-03,4,False,,False,True,False,False,3.0,True,False,1,7,3,False,MX
2025-07-04,5,False,,False,True,False,False,4.0,False,False,1,7,3,False,MX
2025-07-05,6,True,,False,False,False,False,5.0,False,False,1,7,3,False,MX
2025-07-06,7,True,,False,False,False,False,6.0,False,False,1,7,3,False,MX
2025-07-07,1,False,,False,True,False,False,7.0,False,False,1,7,3,False,MX
2025-07-08,2,False,,False,True,False,False,8.0,False,False,2,7,3,False,MX
2025-07-09,3,False,,False,True,False,False,9.0,False,False,2,7,3,False,MX
2025-07-10,4,False,,False,True,False,False,10.0,False,False,2,7,3,False,MX
2025-07-11,5,False,,False,True,False,False,11.0,False,False,2,7,3,False,MX
2025-07-12,6,True,,False,False,False,False,12.0,False,False,2,7,3,False,MX
2025-07-13,7,True,,False,False,False,False,13.0,False,False,2,7,3,False,MX
2025-07-14,1,False,,False,True,False,False,14.0,False,False,2,7,3,False,MX
2025-07-15,2,False,,False,True,False,True,0.0,False,False,3,7,3,False,MX
2025-07-16,3,False,,False,True,False,False,1.0,False,False,3,7,3,False,MX
2025-07-17,4,False,,False,True,False,False,2.0,False,False,3,7,3,False,MX
2025-07-18,5,False,,False,True,False,False,3.0,False,False,3,7,3,False,MX
2025-07-19,6,True,,False,False,False,False,4.0,False,False,3,7,3,False,MX
2025-07-20,7,True,,False,False,False,False,5.0,False,False,3,7,3,False,MX
2025-07-21,1,False,,False,True,False,False,6.0,False,False,3,7,3,False,MX
2025-07-22,2,False,,False,True,False,False,7.0,False,False,4,7,3,False,MX
2025-07-23,3,False,,False,True,False,False,8.0,False,False,4,7,3,False,MX
2025-07-24,4,False,,False,True,False,False,9.0,False,False,4,7,3,False,MX
2025-07-25,5,False,,False,True,False,False,10.0,False,False,4,7,3,False,MX
2025-07-26,6,True,,False,False,False,False,11.0,False,False,4,7,3,False,MX
2025-07-27,7,True,,False,False,False,False,12.0,False,False,4,7,3,False,MX
2025-07-28,1,False,,False,True,False,False,13.0,False,False,4,7,3,False,MX
2025-07-29,2,False,,False,True,False,False,14.0,False,True,5,7,3,False,MX
2025-07-30,3,False,,False,True,False,False,15.0,False,True,5,7,3,False,MX
2025-07-31,4,False,,False,True,False,True,0.0,False,True,5,7,3,False,MX
2025-08-01,5,False,,False,True,False,False,1.0,True,False,1,8,3,False,MX
2025-08-02,6,True,,False,False,False,False,2.0,True,False,1,8,3,False,MX
2025-08-03,7,True,,False,False,False,False,3.0,True,False,1,8,3,False,MX
2025-08-04,1,False,,False,True,False,False,4.0,False,False,1,8,3,False,MX
2025-08-05,2,False,,False,True,False,False,5.0,False,False,1,8,3,False,MX
2025-08-06,3,False,,False,True,False,False,6.0,False,False,1,8,3,False,MX
2025-08-07,4,False,,False,True,False,False,7.0,False,False,1,8,3,False,MX
2025-08-08,5,False,,False,True,False,False,8.0,False,False,2,8,3,False,MX
2025-08-09,6,True,,False,False,False,False,9.0,False,False,2,8,3,False,MX
2025-08-10,7,True,,False,False,False,False,10.0,False,False,2,8,3,False,MX
2025-08-11,1,False,,False,True,False,False,11.0,False,False,2,8,3,False,MX
2025-08-12,2,False,,False,True,False,False,12.0,False,False,2,8,3,False,MX
2025-08-13,3,False,,False,True,False,False,13.0,False,False,2,8,3,False,MX
2025-08-14,4,False,,False,True,False,False,14.0,False,False,2,8,3,False,MX
2025-08-15,5,False,,False,True,False,True,0.0,False,False,3,8,3,False,MX
2025-08-16,6,True,,False,False,False,False,1.0,False,False,3,8,3,False,MX
2025-08-17,7,True,,False,False,False,False,2.0,False,False,3,8,3,False,MX
2025-08-18,1,False,,False,True,False,False,3.0,False,False,3,8,3,False,MX
2025-08-19,2,False,,False,True,False,False,4.0,False,False,3,8,3,False,MX
2025-08-20,3,False,,False,True,False,False,5.0,False,False,3,8,3,False,MX
2025-08-21,4,False,,False,True,False,False,6.0,False,False,3,8,3,False,MX
2025-08-22,5,False,,False,True,False,False,7.0,False,False,4,8,3,False,MX
2025-08-23,6,True,,False,False,False,False,8.0,False,False,4,8,3,False,MX
2025-08-24,7,True,,False,False,False,False,9.0,False,False,4,8,3,False,MX
2025-08-25,1,False,,False,True,False,False,10.0,False,False,4,8,3,False,MX
2025-08-26,2,False,,False,True,False,False,11.0,False,False,4,8,3,False,MX
2025-08-27,3,False,,False,True,False,False,12.0,False,False,4,8,3,False,MX
2025-08-28,4,False,,False,True,False,False,13.0,False,False,4,8,3,False,MX
2025-08-29,5,False,,False,True,False,True,0.0,False,True,5,8,3,False,MX
2025-08-30,6,True,,False,False,False,False,1.0,False,True,5,8,3,False,MX
2025-08-31,7,True,,False,False,False,False,2.0,False,True,5,8,3,False,MX
2025-09-01,1,False,,False,True,False,False,3.0,True,False,1,9,3,False,MX
2025-09-02,2,False,,False,True,False,False,4.0,True,False,1,9,3,False,MX
2025-09-03,3,False,,False,True,False,False,5.0,True,False,1,9,3,False,MX
2025-09-04,4,False,,False,True,False,False,6.0,False,False,1,9,3,False,MX
2025-09-05,5,False,,False,True,False,False,7.0,False,False,1,9,3,False,MX
2025-09-06,6,True,,False,False,False,False,8.0,False,False,1,9,3,False,MX
2025-09-07,7,True,,False,False,False,False,9.0,False,False,1,9,3,False,MX
2025-09-08,1,False,,False,True,False,False,10.0,False,False,2,9,3,False,MX
2025-09-09,2,False,,False,True,False,False,11.0,False,False,2,9,3,False,MX
2025-09-10,3,False,,False,True,False,False,12.0,False,False,2,9,3,False,MX
2025-09-11,4,False,,False,True,False,False,13.0,False,False,2,9,3,False,MX
2025-09-12,5,False,,False,True,False,False,14.0,False,False,2,9,3,False,MX
2025-09-13,6,True,,False,False,False,False,15.0,False,False,2,9,3,False,MX
2025-09-14,7,True,,False,False,False,False,16.0,False,False,2,9,3,False,MX
2025-09-15,1,False,,False,True,False,True,0.0,False,False,3,9,3,False,MX
2025-09-16,2,False,Día de la Independencia,True,False,False,False,1.0,False,False,3,9,3,False,MX
2025-09-17,3,False,,False,True,False,False,2.0,False,False,3,9,3,False,MX
2025-09-18,4,False,,False,True,False,False,3.0,False,False,3,9,3,False,MX
2025-09-19,5,False,,False,True,False,False,4.0,False,False,3,9,3,False,MX
2025-09-20,6,True,,False,False,False,False,5.0,False,False,3,9,3,False,MX
2025-09-21,7,True,,False,False,False,False,6.0,False,False,3,9,3,False,MX
2025-09-22,1,False,,False,True,False,False,7.0,False,False,4,9,3,False,MX
2025-09-23,2,False,,False,True,False,False,8.0,False,False,4,9,3,False,MX
2025-09-24,3,False,,False,True,False,False,9.0,False,False,4,9,3,False,MX
2025-09-25,4,False,,False,True,False,False,10.0,False,False,4,9,3,False,MX
2025-09-26,5,False,,False,True,False,False,11.0,False,False,4,9,3,False,MX
2025-09-27,6,True,,False,False,False,False,12.0,False,False,4,9,3,False,MX
2025-09-28,7,True,,False,False,False,False,13.0,False,True,4,9,3,False,MX
2025-09-29,1,False,,False,True,False,False,14.0,False,True,5,9,3,False,MX
2025-09-30,2,False,,False,True,False,True,0.0,False,True,5,9,3,False,MX
2025-10-01,3,False,,False,True,False,False,1.0,True,False,1,10,4,False,MX
2025-10-02,4,False,,False,True,False,False,2.0,True,False,1,10,4,False,MX
2025-10-03,5,False,,False,True,False,False,3.0,True,False,1,10,4,False,MX
2025-10-04,6,True,,False,False,False,False,4.0,False,False,1,10,4,False,MX
2025-10-05,7,True,,False,False,False,False,5.0,False,False,1,10,4,False,MX
2025-10-06,1,False,,False,True,False,False,6.0,False,False,1,10,4,False,MX
2025-10-07,2,False,,False,True,False,False,7.0,False,False,1,10,4,False,MX
2025-10-08,3,False,,False,True,False,False,8.0,False,False,2,10,4,False,MX
2025-10-09,4,False,,False,True,False,False,9.0,False,False,2,10,4,False,MX
2025-10-10,5,False,,False,True,False,False,10.0,False,False,2,10,4,False,MX
2025-10-11,6,True,,False,False,False,False,11.0,False,False,2,10,4,False,MX
2025-10-12,7,True,,False,False,False,False,12.0,False,False,2,10,4,False,MX
2025-10-13,1,False,,False,True,False,False,13.0,False,False,2,10,4,False,MX
2025-10-14,2,False,,False,True,False,False,14.0,False,False,2,10,4,False,MX
2025-10-15,3,False,,False,True,False,True,0.0,False,False,3,10,4,False,MX
2025-10-16,4,False,,False,True,False,False,1.0,False,False,3,10,4,False,MX
2025-10-17,5,False,,False,True,False,False,2.0,False,False,3,10,4,False,MX
2025-10-18,6,True,,False,False,False,False,3.0,False,False,3,10,4,False,MX
2025-10-19,7,True,,False,False,False,False,4.0,False,False,3,10,4,False,MX
2025-10-20,1,False,,False,True,False,False,5.0,False,False,3,10,4,False,MX
2025-10-21,2,False,,False,True,False,False,6.0,False,False,3,10,4,False,MX
2025-10-22,3,False,,False,True,False,False,7.0,False,False,4,10,4,False,MX
2025-10-23,4,False,,False,True,False,False,8.0,False,False,4,10,4,False,MX
2025-10-24,5,False,,False,True,False,False,9.0,False,False,4,10,4,False,MX
2025-10-25,6,True,,False,False,False,False,10.0,False,False,4,10,4,False,MX
2025-10-26,7,True,,False,False,False,False,11.0,False,False,4,10,4,False,MX
2025-10-27,1,False,,False,True,False,False,12.0,False,False,4,10,4,False,MX
2025-10-28,2,False,,False,True,False,False,13.0,False,False,4,10,4,False,MX
2025-10-29,3,False,,False,True,False,False,14.0,False,True,5,10,4,False,MX
2025-10-30,4,False,,False,True,False,False,15.0,False,True,5,10,4,False,MX
2025-10-31,5,False,,False,True,False,True,0.0,False,True,5,10,4,False,MX
2025-11-01,6,True,,False,False,False,False,1.0,True,False,1,11,4,False,MX
2025-11-02,7,True,Día de Muertos (bancario),True,False,False,False,2.0,True,False,1,11,4,False,MX
2025-11-03,1,False,,False,True,False,False,3.0,True,False,1,11,4,False,MX
2025-11-04,2,False,,False,True,False,False,4.0,False,False,1,11,4,False,MX
2025-11-05,3,False,,False,True,False,False,5.0,False,False,1,11,4,False,MX
2025-11-06,4,False,,False,True,False,False,6.0,False,False,1,11,4,False,MX
2025-11-07,5,False,,False,True,False,False,7.0,False,False,1,11,4,False,MX
2025-11-08,6,True,,False,False,False,False,8.0,False,False,2,11,4,False,MX
2025-11-09,7,True,,False,False,False,False,9.0,False,False,2,11,4,False,MX
2025-11-10,1,False,,False,True,False,False,10.0,False,False,2,11,4,False,MX
2025-11-11,2,False,,False,True,False,False,11.0,False,False,2,11,4,False,MX
2025-11-12,3,False,,False,True,False,False,12.0,False,False,2,11,4,False,MX
2025-11-13,4,False,,False,True,False,False,13.0,False,False,2,11,4,False,MX
2025-11-14,5,False,,False,True,False,True,0.0,False,False,2,11,4,False,MX
2025-11-15,6,True,,False,False,False,False,1.0,False,False,3,11,4,False,MX
2025-11-16,7,True,,False,False,True,False,2.0,False,False,3,11,4,False,MX
2025-11-17,1,False,Día de la Revolución,True,False,False,False,3.0,False,False,3,11,4,False,MX
2025-11-18,2,False,,False,True,False,False,4.0,False,False,3,11,4,False,MX
2025-11-19,3,False,,False,True,False,False,5.0,False,False,3,11,4,False,MX
2025-11-20,4,False,,False,True,False,False,6.0,False,False,3,11,4,False,MX
2025-11-21,5,False,,False,True,False,False,7.0,False,False,3,11,4,False,MX
2025-11-22,6,True,,False,False,False,False,8.0,False,False,4,11,4,False,MX
2025-11-23,7,True,,False,False,False,False,9.0,False,False,4,11,4,False,MX
2025-11-24,1,False,,False,True,False,False,10.0,False,False,4,11,4,False,MX
2025-11-25,2,False,,False,True,False,False,11.0,False,False,4,11,4,False,MX
2025-11-26,3,False,,False,True,False,False,12.0,False,False,4,11,4,False,MX
2025-11-27,4,False,,False,True,False,False,13.0,False,False,4,11,4,False,MX
2025-11-28,5,False,,False,True,False,True,0.0,False,True,4,11,4,False,MX
2025-11-29,6,True,,False,False,False,False,1.0,False,True,5,11,4,False,MX
2025-11-30,7,True,,False,False,False,False,2.0,False,True,5,11,4,False,MX
2025-12-01,1,False,,False,True,False,False,3.0,True,False,1,12,4,True,MX
2025-12-02,2,False,,False,True,False,False,4.0,True,False,1,12,4,True,MX
2025-12-03,3,False,,False,True,False,False,5.0,True,False,1,12,4,True,MX
2025-12-04,4,False,,False,True,False,False,6.0,False,False,1,12,4,True,MX
2025-12-05,5,False,,False,True,False,False,7.0,False,False,1,12,4,True,MX
2025-12-06,6,True,,False,False,False,False,8.0,False,False,1,12,4,True,MX
2025-12-07,7,True,,False,False,False,False,9.0,False,False,1,12,4,True,MX
2025-12-08,1,False,,False,True,False,False,10.0,False,False,2,12,4,True,MX
2025-12-09,2,False,,False,True,False,False,11.0,False,False,2,12,4,True,MX
2025-12-10,3,False,,False,True,False,False,12.0,False,False,2,12,4,True,MX
2025-12-11,4,False,,False,True,False,False,13.0,False,False,2,12,4,True,MX
2025-12-12,5,False,Día de la Virgen de Guadalupe (bancario),True,False,False,False,14.0,False,False,2,12,4,True,MX
2025-12-13,6,True,,False,False,True,False,15.0,False,False,2,12,4,True,MX
2025-12-14,7,True,,False,False,False,False,16.0,False,False,2,12,4,True,MX
2025-12-15,1,False,,False,True,False,True,0.0,False,False,3,12,4,True,MX
2025-12-16,2,False,,False,True,False,False,1.0,False,False,3,12,4,True,MX
2025-12-17,3,False,,False,True,False,False,2.0,False,False,3,12,4,True,MX
2025-12-18,4,False,,False,True,False,False,3.0,False,False,3,12,4,True,MX
2025-12-19,5,False,,False,True,False,False,4.0,False,False,3,12,4,True,MX
2025-12-20,6,True,,False,False,False,False,5.0,False,False,3,12,4,True,MX
2025-12-21,7,True,,False,False,False,False,6.0,False,False,3,12,4,True,MX
2025-12-22,1,False,,False,True,False,False,7.0,False,False,4,12,4,True,MX
2025-12-23,2,False,,False,True,False,False,8.0,False,False,4,12,4,True,MX
2025-12-24,3,False,,False,True,False,False,9.0,False,False,4,12,4,True,MX
2025-12-25,4,False,Navidad,True,False,False,False,10.0,False,False,4,12,4,True,MX
2025-12-26,5,False,,False,True,False,False,11.0,False,False,4,12,4,True,MX
2025-12-27,6,True,,False,False,False,False,12.0,False,False,4,12,4,True,MX
2025-12-28,7,True,,False,False,False,False,13.0,False,False,4,12,4,True,MX
2025-12-29,1,False,,False,True,False,False,14.0,False,True,5,12,4,True,MX
2025-12-30,2,False,,False,True,False,False,15.0,False,True,5,12,4,True,MX
2025-12-31,3,False,,False,True,False,True,0.0,False,True,5,12,4,True,MX
2026-01-01,4,False,Año Nuevo,True,False,False,False,1.0,True,False,1,1,1,False,MX
2026-01-02,5,False,,False,True,False,False,2.0,True,False,1,1,1,False,MX
2026-01-03,6,True,,False,False,False,False,3.0,True,False,1,1,1,False,MX
2026-01-04,7,True,,False,False,False,False,4.0,False,False,1,1,1,False,MX
2026-01-05,1,False,,False,True,False,False,5.0,False,False,1,1,1,False,MX
2026-01-06,2,False,,False,True,False,False,6.0,False,False,1,1,1,False,MX
2026-01-07,3,False,,False,True,False,False,7.0,False,False,1,1,1,False,MX
2026-01-08,4,False,,False,True,False,False,8.0,False,False,2,1,1,False,MX
2026-01-09,5,False,,False,True,False,False,9.0,False,False,2,1,1,False,MX
2026-01-10,6,True,,False,False,False,False,10.0,False,False,2,1,1,False,MX
2026-01-11,7,True,,False,False,False,False,11.0,False,False,2,1,1,False,MX
2026-01-12,1,False,,False,True,False,False,12.0,False,False,2,1,1,False,MX
2026-01-13,2,False,,False,True,False,False,13.0,False,False,2,1,1,False,MX
2026-01-14,3,False,,False,True,False,False,14.0,False,False,2,1,1,False,MX
2026-01-15,4,False,,False,True,False,True,0.0,False,False,3,1,1,False,MX
2026-01-16,5,False,,False,True,False,False,1.0,False,False,3,1,1,False,MX
2026-01-17,6,True,,False,False,False,False,2.0,False,False,3,1,1,False,MX
2026-01-18,7,True,,False,False,False,False,3.0,False,False,3,1,1,False,MX
2026-01-19,1,False,,False,True,False,False,4.0,False,False,3,1,1,False,MX
2026-01-20,2,False,,False,True,False,False,5.0,False,False,3,1,1,False,MX
2026-01-21,3,False,,False,True,False,False,6.0,False,False,3,1,1,False,MX
2026-01-22,4,False,,False,True,False,False,7.0,False,False,4,1,1,False,MX
2026-01-23,5,False,,False,True,False,False,8.0,False,False,4,1,1,False,MX
2026-01-24,6,True,,False,False,False,False,9.0,False,False,4,1,1,False,MX
2026-01-25,7,True,,False,False,False,False,10.0,False,False,4,1,1,False,MX
2026-01-26,1,False,,False,True,False,False,11.0,False,False,4,1,1,False,MX
2026-01-27,2,False,,False,True,False,False,12.0,False,False,4,1,1,False,MX
2026-01-28,3,False,,False,True,False,False,13.0,False,False,4,1,1,False,MX
2026-01-29,4,False,,False,True,False,False,14.0,False,True,5,1,1,False,MX
2026-01-30,5,False,,False,True,False,True,0.0,False,True,5,1,1,False,MX
2026-01-31,6,True,,False,False,False,False,1.0,False,True,5,1,1,False,MX
2026-02-01,7,True,,False,False,True,False,2.0,True,False,1,2,1,False,MX
2026-02-02,1,False,Día de la Constitución,True,False,False,False,3.0,True,False,1,2,1,False,MX
2026-02-03,2,False,,False,True,False,False,4.0,True,False,1,2,1,False,MX
2026-02-04,3,False,,False,True,False,False,5.0,False,False,1,2,1,False,MX
2026-02-05,4,False,,False,True,False,False,6.0,False,False,1,2,1,False,MX
2026-02-06,5,False,,False,True,False,False,7.0,False,False,1,2,1,False,MX
2026-02-07,6,True,,False,False,False,False,8.0,False,False,1,2,1,False,MX
2026-02-08,7,True,,False,False,False,False,9.0,False,False,2,2,1,False,MX
2026-02-09,1,False,,False,True,False,False,10.0,False,False,2,2,1,False,MX
2026-02-10,2,False,,False,True,False,False,11.0,False,False,2,2,1,False,MX
2026-02-11,3,False,,False,True,False,False,12.0,False,False,2,2,1,False,MX
2026-02-12,4,False,,False,True,False,False,13.0,False,False,2,2,1,False,MX
2026-02-13,5,False,,False,True,False,True,0.0,False,False,2,2,1,False,MX
2026-02-14,6,True,,False,False,False,False,1.0,False,False,2,2,1,False,MX
2026-02-15,7,True,,False,False,False,False,2.0,False,False,3,2,1,False,MX
2026-02-16,1,False,,False,True,False,False,3.0,False,False,3,2,1,False,MX
2026-02-17,2,False,,False,True,False,False,4.0,False,False,3,2,1,False,MX
2026-02-18,3,False,,False,True,False,False,5.0,False,False,3,2,1,False,MX
2026-02-19,4,False,,False,True,False,False,6.0,False,False,3,2,1,False,MX
2026-02-20,5,False,,False,True,False,False,7.0,False,False,3,2,1,False,MX
2026-02-21,6,True,,False,False,False,False,8.0,False,False,3,2,1,False,MX
2026-02-22,7,True,,False,False,False,False,9.0,False,False,4,2,1,False,MX
2026-02-23,1,False,,False,True,False,False,10.0,False,False,4,2,1,False,MX
2026-02-24,2,False,,False,True,False,False,11.0,False,False,4,2,1,False,MX
2026-02-25,3,False,,False,True,False,False,12.0,False,False,4,2,1,False,MX
2026-02-26,4,False,,False,True,False,False,13.0,False,True,4,2,1,False,MX
2026-02-27,5,False,,False,True,False,True,0.0,False,True,4,2,1,False,MX
2026-02-28,6,True,,False,False,False,False,1.0,False,True,4,2,1,False,MX
2026-03-01,7,True,,False,False,False,False,2.0,True,False,1,3,1,False,MX
2026-03-02,1,False,,False,True,False,False,3.0,True,False,1,3,1,False,MX
2026-03-03,2,False,,False,True,False,False,4.0,True,False,1,3,1,False,MX
2026-03-04,3,False,,False,True,False,False,5.0,False,False,1,3,1,False,MX
2026-03-05,4,False,,False,True,False,False,6.0,False,False,1,3,1,False,MX
2026-03-06,5,False,,False,True,False,False,7.0,False,False,1,3,1,False,MX
2026-03-07,6,True,,False,False,False,False,8.0,False,False,1,3,1,False,MX
2026-03-08,7,True,,False,False,False,False,9.0,False,False,2,3,1,False,MX
2026-03-09,1,False,,False,True,False,False,10.0,False,False,2,3,1,False,MX
2026-03-10,2,False,,False,True,False,False,11.0,False,False,2,3,1,False,MX
2026-03-11,3,False,,False,True,False,False,12.0,False,False,2,3,1,False,MX
2026-03-12,4,False,,False,True,False,False,13.0,False,False,2,3,1,False,MX
2026-03-13,5,False,,False,True,False,True,0.0,False,False,2,3,1,False,MX
2026-03-14,6,True,,False,False,False,False,1.0,False,False,2,3,1,False,MX
2026-03-15,7,True,,False,False,True,False,2.0,False,False,3,3,1,False,MX
2026-03-16,1,False,Natalicio de Benito Juárez,True,False,False,False,3.0,False,False,3,3,1,False,MX
2026-03-17,2,False,,False,True,False,False,4.0,False,False,3,3,1,False,MX
2026-03-18,3,False,,False,True,False,False,5.0,False,False,3,3,1,False,MX
2026-03-19,4,False,,False,True,False,False,6.0,False,False,3,3,1,False,MX
2026-03-20,5,False,,False,True,False,False,7.0,False,False,3,3,1,False,MX
2026-03-21,6,True,,False,False,False,False,8.0,False,False,3,3,1,False,MX
2026-03-22,7,True,,False,False,False,False,9.0,False,False,4,3,1,False,MX
2026-03-23,1,False,,False,True,False,False,10.0,False,False,4,3,1,False,MX
2026-03-24,2,False,,False,True,False,False,11.0,False,False,4,3,1,False,MX
2026-03-25,3,False,,False,True,False,False,12.0,False,False,4,3,1,False,MX
2026-03-26,4,False,,False,True,False,False,13.0,False,False,4,3,1,False,MX
2026-03-27,5,False,,False,True,False,False,14.0,False,False,4,3,1,False,MX
2026-03-28,6,True,,False,False,False,False,15.0,False,False,4,3,1,False,MX
2026-03-29,7,True,,False,False,False,False,16.0,False,True,5,3,1,False,MX
2026-03-30,1,False,,False,True,False,False,17.0,False,True,5,3,1,False,MX
2026-03-31,2,False,,False,True,False,True,0.0,False,True,5,3,1,False,MX
2026-04-01,3,False,,False,True,False,False,1.0,True,False,1,4,2,False,MX
2026-04-02,4,False,Jueves Santo (bancario),True,False,False,False,2.0,True,False,1,4,2,False,MX
2026-04-03,5,False,Viernes Santo (bancario),True,False,True,False,3.0,True,False,1,4,2,False,MX
2026-04-04,6,True,,False,False,True,False,4.0,False,False,1,4,2,False,MX
2026-04-05,7,True,,False,False,False,False,5.0,False,False,1,4,2,False,MX
2026-04-06,1,False,,False,True,False,False,6.0,False,False,1,4,2,False,MX
2026-04-07,2,False,,False,True,False,False,7.0,False,False,1,4,2,False,MX
2026-04-08,3,False,,False,True,False,False,8.0,False,False,2,4,2,False,MX
2026-04-09,4,False,,False,True,False,False,9.0,False,False,2,4,2,False,MX
2026-04-10,5,False,,False,True,False,False,10.0,False,False,2,4,2,False,MX
2026-04-11,6,True,,False,False,False,False,11.0,False,False,2,4,2,False,MX
2026-04-12,7,True,,False,False,False,False,12.0,False,False,2,4,2,False,MX
2026-04-13,1,False,,False,True,False,False,13.0,False,False,2,4,2,False,MX
2026-04-14,2,False,,False,True,False,False,14.0,False,False,2,4,2,False,MX
2026-04-15,3,False,,False,True,False,True,0.0,False,False,3,4,2,False,MX
2026-04-16,4,False,,False,True,False,False,1.0,False,False,3,4,2,False,MX
2026-04-17,5,False,,False,True,False,False,2.0,False,False,3,4,2,False,MX
2026-04-18,6,True,,False,False,False,False,3.0,False,False,3,4,2,False,MX
2026-04-19,7,True,,False,False,False,False,4.0,False,False,3,4,2,False,MX
2026-04-20,1,False,,False,True,False,False,5.0,False,False,3,4,2,False,MX
2026-04-21,2,False,,False,True,False,False,6.0,False,False,3,4,2,False,MX
2026-04-22,3,False,,False,True,False,False,7.0,False,False,4,4,2,False,MX
2026-04-23,4,False,,False,True,False,False,8.0,False,False,4,4,2,False,MX
2026-04-24,5,False,,False,True,False,False,9.0,False,False,4,4,2,False,MX
2026-04-25,6,True,,False,False,False,False,10.0,False,False,4,4,2,False,MX
2026-04-26,7,True,,False,False,False,False,11.0,False,False,4,4,2,False,MX
2026-04-27,1,False,,False,True,False,False,12.0,False,False,4,4,2,False,MX
2026-04-28,2,False,,False,True,False,False,13.0,False,True,4,4,2,False,MX
2026-04-29,3,False,,False,True,False,False,14.0,False,True,5,4,2,False,MX
2026-04-30,4,False,,False,True,False,True,0.0,False,True,5,4,2,False,MX
2026-05-01,5,False,Día del Trabajo,True,False,False,False,1.0,True,False,1,5,2,False,MX
2026-05-02,6,True,,False,False,True,False,2.0,True,False,1,5,2,False,MX
2026-05-03,7,True,,False,False,False,False,3.0,True,False,1,5,2,False,MX
2026-05-04,1,False,,False,True,False,False,4.0,False,False,1,5,2,False,MX
2026-05-05,2,False,,False,True,False,False,5.0,False,False,1,5,2,False,MX
2026-05-06,3,False,,False,True,False,False,6.0,False,False,1,5,2,False,MX
2026-05-07,4,False,,False,True,False,False,7.0,False,False,1,5,2,False,MX
2026-05-08,5,False,,False,True,False,False,8.0,False,False,2,5,2,False,MX
2026-05-09,6,True,,False,False,False,False,9.0,False,False,2,5,2,False,MX
2026-05-10,7,True,,False,False,False,False,10.0,False,False,2,5,2,False,MX
2026-05-11,1,False,,False,True,False,False,11.0,False,False,2,5,2,False,MX
2026-05-12,2,False,,False,True,False,False,12.0,False,False,2,5,2,False,MX
2026-05-13,3,False,,False,True,False,False,13.0,False,False,2,5,2,False,MX
2026-05-14,4,False,,False,True,False,False,14.0,False,False,2,5,2,False,MX
2026-05-15,5,False,,False,True,False,True,0.0,False,False,3,5,2,False,MX
2026-05-16,6,True,,False,False,False,False,1.0,False,False,3,5,2,False,MX
2026-05-17,7,True,,False,False,False,False,2.0,False,False,3,5,2,False,MX
2026-05-18,1,False,,False,True,False,False,3.0,False,False,3,5,2,False,MX
2026-05-19,2,False,,False,True,False,False,4.0,False,False,3,5,2,False,MX
2026-05-20,3,False,,False,True,False,False,5.0,False,False,3,5,2,False,MX
2026-05-21,4,False,,False,True,False,False,6.0,False,False,3,5,2,False,MX
2026-05-22,5,False,,False,True,False,False,7.0,False,False,4,5,2,False,MX
2026-05-23,6,True,,False,False,False,False,8.0,False,False,4,5,2,False,MX
2026-05-24,7,True,,False,False,False,False,9.0,False,False,4,5,2,False,MX
2026-05-25,1,False,,False,True,False,False,10.0,False,False,4,5,2,False,MX
2026-05-26,2,False,,False,True,False,False,11.0,False,False,4,5,2,False,MX
2026-05-27,3,False,,False,True,False,False,12.0,False,False,4,5,2,False,MX
2026-05-28,4,False,,False,True,False,False,13.0,False,False,4,5,2,False,MX
2026-05-29,5,False,,False,True,False,True,0.0,False,True,5,5,2,False,MX
2026-05-30,6,True,,False,False,False,False,1.0,False,True,5,5,2,False,MX
2026-05-31,7,True,,False,False,False,False,2.0,False,True,5,5,2,False,MX
2026-06-01,1,False,,False,True,False,False,3.0,True,False,1,6,2,False,MX
2026-06-02,2,False,,False,True,False,False,4.0,True,False,1,6,2,False,MX
2026-06-03,3,False,,False,True,False,False,5.0,True,False,1,6,2,False,MX
2026-06-04,4,False,,False,True,False,False,6.0,False,False,1,6,2,False,MX
2026-06-05,5,False,,False,True,False,False,7.0,False,False,1,6,2,False,MX
2026-06-06,6,True,,False,False,False,False,8.0,False,False,1,6,2,False,MX
2026-06-07,7,True,,False,False,False,False,9.0,False,False,1,6,2,False,MX
2026-06-08,1,False,,False,True,False,False,10.0,False,False,2,6,2,False,MX
2026-06-09,2,False,,False,True,False,False,11.0,False,False,2,6,2,False,MX
2026-06-10,3,False,,False,True,False,False,12.0,False,False,2,6,2,False,MX
2026-06-11,4,False,,False,True,False,False,13.0,False,False,2,6,2,False,MX
2026-06-12,5,False,,False,True,False,False,14.0,False,False,2,6,2,False,MX
2026-06-13,6,True,,False,False,False,False,15.0,False,False,2,6,2,False,MX
2026-06-14,7,True,,False,False,False,False,16.0,False,False,2,6,2,False,MX
2026-06-15,1,False,,False,True,False,True,0.0,False,False,3,6,2,False,MX
2026-06-16,2,False,,False,True,False,False,1.0,False,False,3,6,2,False,MX
2026-06-17,3,False,,False,True,False,False,2.0,False,False,3,6,2,False,MX
2026-06-18,4,False,,False,True,False,False,3.0,False,False,3,6,2,False,MX
2026-06-19,5,False,,False,True,False,False,4.0,False,False,3,6,2,False,MX
2026-06-20,6,True,,False,False,False,False,5.0,False,False,3,6,2,False,MX
2026-06-21,7,True,,False,False,False,False,6.0,False,False,3,6,2,False,MX
2026-06-22,1,False,,False,True,False,False,7.0,False,False,4,6,2,False,MX
2026-06-23,2,False,,False,True,False,False,8.0,False,False,4,6,2,False,MX
2026-06-24,3,False,,False,True,False,False,9.0,False,False,4,6,2,False,MX
2026-06-25,4,False,,False,True,False,False,10.0,False,False,4,6,2,False,MX
2026-06-26,5,False,,False,True,False,False,11.0,False,False,4,6,2,False,MX
2026-06-27,6,True,,False,False,False,False,12.0,False,False,4,6,2,False,MX
2026-06-28,7,True,,False,False,False,False,13.0,False,True,4,6,2,False,MX
2026-06-29,1,False,,False,True,False,False,14.0,False,True,5,6,2,False,MX
2026-06-30,2,False,,False,True,False,True,0.0,False,True,5,6,2,False,MX
2023-06-01,4,False,,False,True,False,False,,True,False,1,6,2,True,CO
2023-06-02,5,False,,False,True,False,False,,True,False,1,6,2,True,CO
2023-06-03,6,True,,False,False,False,False,,True,False,1,6,2,True,CO
2023-06-04,7,True,,False,False,False,False,,False,False,1,6,2,True,CO
2023-06-05,1,False,,False,True,False,False,,False,False,1,6,2,True,CO
2023-06-06,2,False,,False,True,False,False,,False,False,1,6,2,True,CO
2023-06-07,3,False,,False,True,False,False,,False,False,1,6,2,True,CO
2023-06-08,4,False,,False,True,False,False,,False,False,2,6,2,True,CO
2023-06-09,5,False,,False,True,False,False,,False,False,2,6,2,True,CO
2023-06-10,6,True,,False,False,False,False,,False,False,2,6,2,True,CO
2023-06-11,7,True,,False,False,True,False,,False,False,2,6,2,True,CO
2023-06-12,1,False,Corpus Christi (observado),True,False,False,False,,False,False,2,6,2,True,CO
2023-06-13,2,False,,False,True,False,False,,False,False,2,6,2,True,CO
2023-06-14,3,False,,False,True,False,False,,False,False,2,6,2,True,CO
2023-06-15,4,False,,False,True,False,True,0.0,False,False,3,6,2,True,CO
2023-06-16,5,False,,False,True,False,False,1.0,False,False,3,6,2,True,CO
2023-06-17,6,True,,False,False,False,False,2.0,False,False,3,6,2,True,CO
2023-06-18,7,True,,False,False,True,False,3.0,False,False,3,6,2,True,CO
2023-06-19,1,False,Sagrado Corazón (observado),True,False,False,False,4.0,False,False,3,6,2,True,CO
2023-06-20,2,False,,False,True,False,False,5.0,False,False,3,6,2,True,CO
2023-06-21,3,False,,False,True,False,False,6.0,False,False,3,6,2,True,CO
2023-06-22,4,False,,False,True,False,False,7.0,False,False,4,6,2,True,CO
2023-06-23,5,False,,False,True,False,False,8.0,False,False,4,6,2,True,CO
2023-06-24,6,True,,False,False,False,False,9.0,False,False,4,6,2,True,CO
2023-06-25,7,True,,False,False,False,False,10.0,False,False,4,6,2,True,CO
2023-06-26,1,False,,False,True,False,False,11.0,False,False,4,6,2,True,CO
2023-06-27,2,False,,False,True,False,False,12.0,False,False,4,6,2,True,CO
2023-06-28,3,False,,False,True,False,False,13.0,False,True,4,6,2,True,CO
2023-06-29,4,False,,False,True,False,False,14.0,False,True,5,6,2,True,CO
2023-06-30,5,False,,False,True,False,True,0.0,False,True,5,6,2,True,CO
2023-07-01,6,True,,False,False,False,False,1.0,True,False,1,7,3,False,CO
2023-07-02,7,True,,False,False,True,False,2.0,True,False,1,7,3,False,CO
2023-07-03,1,False,San Pedro y San Pablo (observado),True,False,False,False,3.0,True,False,1,7,3,False,CO
2023-07-04,2,False,,False,True,False,False,4.0,False,False,1,7,3,False,CO
2023-07-05,3,False,,False,True,False,False,5.0,False,False,1,7,3,False,CO
2023-07-06,4,False,,False,True,False,False,6.0,False,False,1,7,3,False,CO
2023-07-07,5,False,,False,True,False,False,7.0,False,False,1,7,3,False,CO
2023-07-08,6,True,,False,False,False,False,8.0,False,False,2,7,3,False,CO
2023-07-09,7,True,,False,False,False,False,9.0,False,False,2,7,3,False,CO
2023-07-10,1,False,,False,True,False,False,10.0,False,False,2,7,3,False,CO
2023-07-11,2,False,,False,True,False,False,11.0,False,False,2,7,3,False,CO
2023-07-12,3,False,,False,True,False,False,12.0,False,False,2,7,3,False,CO
2023-07-13,4,False,,False,True,False,False,13.0,False,False,2,7,3,False,CO
2023-07-14,5,False,,False,True,False,True,0.0,False,False,2,7,3,False,CO
2023-07-15,6,True,,False,False,False,False,1.0,False,False,3,7,3,False,CO
2023-07-16,7,True,,False,False,False,False,2.0,False,False,3,7,3,False,CO
2023-07-17,1,False,,False,True,False,False,3.0,False,False,3,7,3,False,CO
2023-07-18,2,False,,False,True,False,False,4.0,False,False,3,7,3,False,CO
2023-07-19,3,False,,False,True,False,False,5.0,False,False,3,7,3,False,CO
2023-07-20,4,False,Día de la Independencia,True,False,False,False,6.0,False,False,3,7,3,False,CO
2023-07-21,5,False,,False,True,False,False,7.0,False,False,3,7,3,False,CO
2023-07-22,6,True,,False,False,False,False,8.0,False,False,4,7,3,False,CO
2023-07-23,7,True,,False,False,False,False,9.0,False,False,4,7,3,False,CO
2023-07-24,1,False,,False,True,False,False,10.0,False,False,4,7,3,False,CO
2023-07-25,2,False,,False,True,False,False,11.0,False,False,4,7,3,False,CO
2023-07-26,3,False,,False,True,False,False,12.0,False,False,4,7,3,False,CO
2023-07-27,4,False,,False,True,False,False,13.0,False,False,4,7,3,False,CO
2023-07-28,5,False,,False,True,False,False,14.0,False,False,4,7,3,False,CO
2023-07-29,6,True,,False,False,False,False,15.0,False,True,5,7,3,False,CO
2023-07-30,7,True,,False,False,False,False,16.0,False,True,5,7,3,False,CO
2023-07-31,1,False,,False,True,False,True,0.0,False,True,5,7,3,False,CO
2023-08-01,2,False,,False,True,False,False,1.0,True,False,1,8,3,False,CO
2023-08-02,3,False,,False,True,False,False,2.0,True,False,1,8,3,False,CO
2023-08-03,4,False,,False,True,False,False,3.0,True,False,1,8,3,False,CO
2023-08-04,5,False,,False,True,False,False,4.0,False,False,1,8,3,False,CO
2023-08-05,6,True,,False,False,False,False,5.0,False,False,1,8,3,False,CO
2023-08-06,7,True,,False,False,True,False,6.0,False,False,1,8,3,False,CO
2023-08-07,1,False,Batalla de Boyacá,True,False,False,False,7.0,False,False,1,8,3,False,CO
2023-08-08,2,False,,False,True,False,False,8.0,False,False,2,8,3,False,CO
2023-08-09,3,False,,False,True,False,False,9.0,False,False,2,8,3,False,CO
2023-08-10,4,False,,False,True,False,False,10.0,False,False,2,8,3,False,CO
2023-08-11,5,False,,False,True,False,False,11.0,False,False,2,8,3,False,CO
2023-08-12,6,True,,False,False,False,False,12.0,False,False,2,8,3,False,CO
2023-08-13,7,True,,False,False,False,False,13.0,False,False,2,8,3,False,CO
2023-08-14,1,False,,False,True,False,False,14.0,False,False,2,8,3,False,CO
2023-08-15,2,False,,False,True,False,True,0.0,False,False,3,8,3,False,CO
2023-08-16,3,False,,False,True,False,False,1.0,False,False,3,8,3,False,CO
2023-08-17,4,False,,False,True,False,False,2.0,False,False,3,8,3,False,CO
2023-08-18,5,False,,False,True,False,False,3.0,False,False,3,8,3,False,CO
2023-08-19,6,True,,False,False,False,False,4.0,False,False,3,8,3,False,CO
2023-08-20,7,True,,False,False,True,False,5.0,False,False,3,8,3,False,CO
2023-08-21,1,False,La Asunción (observado),True,False,False,False,6.0,False,False,3,8,3,False,CO
2023-08-22,2,False,,False,True,False,False,7.0,False,False,4,8,3,False,CO
2023-08-23,3,False,,False,True,False,False,8.0,False,False,4,8,3,False,CO
2023-08-24,4,False,,False,True,False,False,9.0,False,False,4,8,3,False,CO
2023-08-25,5,False,,False,True,False,False,10.0,False,False,4,8,3,False,CO
2023-08-26,6,True,,False,False,False,False,11.0,False,False,4,8,3,False,CO
2023-08-27,7,True,,False,False,False,False,12.0,False,False,4,8,3,False,CO
2023-08-28,1,False,,False,True,False,False,13.0,False,False,4,8,3,False,CO
2023-08-29,2,False,,False,True,False,False,14.0,False,True,5,8,3,False,CO
2023-08-30,3,False,,False,True,False,False,15.0,False,True,5,8,3,False,CO
2023-08-31,4,False,,False,True,False,True,0.0,False,True,5,8,3,False,CO
2023-09-01,5,False,,False,True,False,False,1.0,True,False,1,9,3,False,CO
2023-09-02,6,True,,False,False,False,False,2.0,True,False,1,9,3,False,CO
2023-09-03,7,True,,False,False,False,False,3.0,True,False,1,9,3,False,CO
2023-09-04,1,False,,False,True,False,False,4.0,False,False,1,9,3,False,CO
2023-09-05,2,False,,False,True,False,False,5.0,False,False,1,9,3,False,CO
2023-09-06,3,False,,False,True,False,False,6.0,False,False,1,9,3,False,CO
2023-09-07,4,False,,False,True,False,False,7.0,False,False,1,9,3,False,CO
2023-09-08,5,False,,False,True,False,False,8.0,False,False,2,9,3,False,CO
2023-09-09,6,True,,False,False,False,False,9.0,False,False,2,9,3,False,CO
2023-09-10,7,True,,False,False,False,False,10.0,False,False,2,9,3,False,CO
2023-09-11,1,False,,False,True,False,False,11.0,False,False,2,9,3,False,CO
2023-09-12,2,False,,False,True,False,False,12.0,False,False,2,9,3,False,CO
2023-09-13,3,False,,False,True,False,False,13.0,False,False,2,9,3,False,CO
2023-09-14,4,False,,False,True,False,False,14.0,False,False,2,9,3,False,CO
2023-09-15,5,False,,False,True,False,True,0.0,False,False,3,9,3,False,CO
2023-09-16,6,True,,False,False,False,False,1.0,False,False,3,9,3,False,CO
2023-09-17,7,True,,False,False,False,False,2.0,False,False,3,9,3,False,CO
2023-09-18,1,False,,False,True,False,False,3.0,False,False,3,9,3,False,CO
2023-09-19,2,False,,False,True,False,False,4.0,False,False,3,9,3,False,CO
2023-09-20,3,False,,False,True,False,False,5.0,False,False,3,9,3,False,CO
2023-09-21,4,False,,False,True,False,False,6.0,False,False,3,9,3,False,CO
2023-09-22,5,False,,False,True,False,False,7.0,False,False,4,9,3,False,CO
2023-09-23,6,True,,False,False,False,False,8.0,False,False,4,9,3,False,CO
2023-09-24,7,True,,False,False,False,False,9.0,False,False,4,9,3,False,CO
2023-09-25,1,False,,False,True,False,False,10.0,False,False,4,9,3,False,CO
2023-09-26,2,False,,False,True,False,False,11.0,False,False,4,9,3,False,CO
2023-09-27,3,False,,False,True,False,False,12.0,False,False,4,9,3,False,CO
2023-09-28,4,False,,False,True,False,False,13.0,False,True,4,9,3,False,CO
2023-09-29,5,False,,False,True,False,True,0.0,False,True,5,9,3,False,CO
2023-09-30,6,True,,False,False,False,False,1.0,False,True,5,9,3,False,CO
2023-10-01,7,True,,False,False,False,False,2.0,True,False,1,10,4,False,CO
2023-10-02,1,False,,False,True,False,False,3.0,True,False,1,10,4,False,CO
2023-10-03,2,False,,False,True,False,False,4.0,True,False,1,10,4,False,CO
2023-10-04,3,False,,False,True,False,False,5.0,False,False,1,10,4,False,CO
2023-10-05,4,False,,False,True,False,False,6.0,False,False,1,10,4,False,CO
2023-10-06,5,False,,False,True,False,False,7.0,False,False,1,10,4,False,CO
2023-10-07,6,True,,False,False,False,False,8.0,False,False,1,10,4,False,CO
2023-10-08,7,True,,False,False,False,False,9.0,False,False,2,10,4,False,CO
2023-10-09,1,False,,False,True,False,False,10.0,False,False,2,10,4,False,CO
2023-10-10,2,False,,False,True,False,False,11.0,False,False,2,10,4,False,CO
2023-10-11,3,False,,False,True,False,False,12.0,False,False,2,10,4,False,CO
2023-10-12,4,False,,False,True,False,False,13.0,False,False,2,10,4,False,CO
2023-10-13,5,False,,False,True,False,True,0.0,False,False,2,10,4,False,CO
2023-10-14,6,True,,False,False,False,False,1.0,False,False,2,10,4,False,CO
2023-10-15,7,True,,False,False,True,False,2.0,False,False,3,10,4,False,CO
2023-10-16,1,False,Día de la Raza (observado),True,False,False,False,3.0,False,False,3,10,4,False,CO
2023-10-17,2,False,,False,True,False,False,4.0,False,False,3,10,4,False,CO
2023-10-18,3,False,,False,True,False,False,5.0,False,False,3,10,4,False,CO
2023-10-19,4,False,,False,True,False,False,6.0,False,False,3,10,4,False,CO
2023-10-20,5,False,,False,True,False,False,7.0,False,False,3,10,4,False,CO
2023-10-21,6,True,,False,False,False,False,8.0,False,False,3,10,4,False,CO
2023-10-22,7,True,,False,False,False,False,9.0,False,False,4,10,4,False,CO
2023-10-23,1,False,,False,True,False,False,10.0,False,False,4,10,4,False,CO
2023-10-24,2,False,,False,True,False,False,11.0,False,False,4,10,4,False,CO
2023-10-25,3,False,,False,True,False,False,12.0,False,False,4,10,4,False,CO
2023-10-26,4,False,,False,True,False,False,13.0,False,False,4,10,4,False,CO
2023-10-27,5,False,,False,True,False,False,14.0,False,False,4,10,4,False,CO
2023-10-28,6,True,,False,False,False,False,15.0,False,False,4,10,4,False,CO
2023-10-29,7,True,,False,False,False,False,16.0,False,True,5,10,4,False,CO
2023-10-30,1,False,,False,True,False,False,17.0,False,True,5,10,4,False,CO
2023-10-31,2,False,,False,True,False,True,0.0,False,True,5,10,4,False,CO
2023-11-01,3,False,,False,True,False,False,1.0,True,False,1,11,4,False,CO
2023-11-02,4,False,,False,True,False,False,2.0,True,False,1,11,4,False,CO
2023-11-03,5,False,,False,True,False,False,3.0,True,False,1,11,4,False,CO
2023-11-04,6,True,,False,False,False,False,4.0,False,False,1,11,4,False,CO
2023-11-05,7,True,,False,False,True,False,5.0,False,False,1,11,4,False,CO
2023-11-06,1,False,Día de Todos los Santos (observado),True,False,False,False,6.0,False,False,1,11,4,False,CO
2023-11-07,2,False,,False,True,False,False,7.0,False,False,1,11,4,False,CO
2023-11-08,3,False,,False,True,False,False,8.0,False,False,2,11,4,False,CO
2023-11-09,4,False,,False,True,False,False,9.0,False,False,2,11,4,False,CO
2023-11-10,5,False,,False,True,False,False,10.0,False,False,2,11,4,False,CO
2023-11-11,6,True,,False,False,False,False,11.0,False,False,2,11,4,False,CO
2023-11-12,7,True,,False,False,True,False,12.0,False,False,2,11,4,False,CO
2023-11-13,1,False,Independencia de Cartagena (observado),True,False,False,False,13.0,False,False,2,11,4,False,CO
2023-11-14,2,False,,False,True,False,False,14.0,False,False,2,11,4,False,CO
2023-11-15,3,False,,False,True,False,True,0.0,False,False,3,11,4,False,CO
2023-11-16,4,False,,False,True,False,False,1.0,False,False,3,11,4,False,CO
2023-11-17,5,False,,False,True,False,False,2.0,False,False,3,11,4,False,CO
2023-11-18,6,True,,False,False,False,False,3.0,False,False,3,11,4,False,CO
2023-11-19,7,True,,False,False,False,False,4.0,False,False,3,11,4,False,CO
2023-11-20,1,False,,False,True,False,False,5.0,False,False,3,11,4,False,CO
2023-11-21,2,False,,False,True,False,False,6.0,False,False,3,11,4,False,CO
2023-11-22,3,False,,False,True,False,False,7.0,False,False,4,11,4,False,CO
2023-11-23,4,False,,False,True,False,False,8.0,False,False,4,11,4,False,CO
2023-11-24,5,False,,False,True,False,False,9.0,False,False,4,11,4,False,CO
2023-11-25,6,True,,False,False,False,False,10.0,False,False,4,11,4,False,CO
2023-11-26,7,True,,False,False,False,False,11.0,False,False,4,11,4,False,CO
2023-11-27,1,False,,False,True,False,False,12.0,False,False,4,11,4,False,CO
2023-11-28,2,False,,False,True,False,False,13.0,False,True,4,11,4,False,CO
2023-11-29,3,False,,False,True,False,False,14.0,False,True,5,11,4,False,CO
2023-11-30,4,False,,False,True,False,True,0.0,False,True,5,11,4,False,CO
2023-12-01,5,False,,False,True,False,False,1.0,True,False,1,12,4,True,CO
2023-12-02,6,True,,False,False,False,False,2.0,True,False,1,12,4,True,CO
2023-12-03,7,True,,False,False,False,False,3.0,True,False,1,12,4,True,CO
2023-12-04,1,False,,False,True,False,False,4.0,False,False,1,12,4,True,CO
2023-12-05,2,False,,False,True,False,False,5.0,False,False,1,12,4,True,CO
2023-12-06,3,False,,False,True,False,False,6.0,False,False,1,12,4,True,CO
2023-12-07,4,False,,False,True,False,False,7.0,False,False,1,12,4,True,CO
2023-12-08,5,False,La Inmaculada Concepción,True,False,False,False,8.0,False,False,2,12,4,True,CO
2023-12-09,6,True,,False,False,True,False,9.0,False,False,2,12,4,True,CO
2023-12-10,7,True,,False,False,False,False,10.0,False,False,2,12,4,True,CO
2023-12-11,1,False,,False,True,False,False,11.0,False,False,2,12,4,True,CO
2023-12-12,2,False,,False,True,False,False,12.0,False,False,2,12,4,True,CO
2023-12-13,3,False,,False,True,False,False,13.0,False,False,2,12,4,True,CO
2023-12-14,4,False,,False,True,False,False,14.0,False,False,2,12,4,True,CO
2023-12-15,5,False,,False,True,False,True,0.0,False,False,3,12,4,True,CO
2023-12-16,6,True,,False,False,False,False,1.0,False,False,3,12,4,True,CO
2023-12-17,7,True,,False,False,False,False,2.0,False,False,3,12,4,True,CO
2023-12-18,1,False,,False,True,False,False,3.0,False,False,3,12,4,True,CO
2023-12-19,2,False,,False,True,False,False,4.0,False,False,3,12,4,True,CO
2023-12-20,3,False,,False,True,False,False,5.0,False,False,3,12,4,True,CO
2023-12-21,4,False,,False,True,False,False,6.0,False,False,3,12,4,True,CO
2023-12-22,5,False,,False,True,False,False,7.0,False,False,4,12,4,True,CO
2023-12-23,6,True,,False,False,False,False,8.0,False,False,4,12,4,True,CO
2023-12-24,7,True,,False,False,True,False,9.0,False,False,4,12,4,True,CO
2023-12-25,1,False,Navidad,True,False,False,False,10.0,False,False,4,12,4,True,CO
2023-12-26,2,False,,False,True,False,False,11.0,False,False,4,12,4,True,CO
2023-12-27,3,False,,False,True,False,False,12.0,False,False,4,12,4,True,CO
2023-12-28,4,False,,False,True,False,False,13.0,False,False,4,12,4,True,CO
2023-12-29,5,False,,False,True,False,True,0.0,False,True,5,12,4,True,CO
2023-12-30,6,True,,False,False,False,False,1.0,False,True,5,12,4,True,CO
2023-12-31,7,True,,False,False,True,False,2.0,False,True,5,12,4,True,CO
2024-01-01,1,False,Año Nuevo,True,False,False,False,3.0,True,False,1,1,1,False,CO
2024-01-02,2,False,,False,True,False,False,4.0,True,False,1,1,1,False,CO
2024-01-03,3,False,,False,True,False,False,5.0,True,False,1,1,1,False,CO
2024-01-04,4,False,,False,True,False,False,6.0,False,False,1,1,1,False,CO
2024-01-05,5,False,,False,True,False,False,7.0,False,False,1,1,1,False,CO
2024-01-06,6,True,,False,False,False,False,8.0,False,False,1,1,1,False,CO
2024-01-07,7,True,,False,False,True,False,9.0,False,False,1,1,1,False,CO
2024-01-08,1,False,Día de los Reyes Magos (observado),True,False,False,False,10.0,False,False,2,1,1,False,CO
2024-01-09,2,False,,False,True,False,False,11.0,False,False,2,1,1,False,CO
2024-01-10,3,False,,False,True,False,False,12.0,False,False,2,1,1,False,CO
2024-01-11,4,False,,False,True,False,False,13.0,False,False,2,1,1,False,CO
2024-01-12,5,False,,False,True,False,False,14.0,False,False,2,1,1,False,CO
2024-01-13,6,True,,False,False,False,False,15.0,False,False,2,1,1,False,CO
2024-01-14,7,True,,False,False,False,False,16.0,False,False,2,1,1,False,CO
2024-01-15,1,False,,False,True,False,True,0.0,False,False,3,1,1,False,CO
2024-01-16,2,False,,False,True,False,False,1.0,False,False,3,1,1,False,CO
2024-01-17,3,False,,False,True,False,False,2.0,False,False,3,1,1,False,CO
2024-01-18,4,False,,False,True,False,False,3.0,False,False,3,1,1,False,CO
2024-01-19,5,False,,False,True,False,False,4.0,False,False,3,1,1,False,CO
2024-01-20,6,True,,False,False,False,False,5.0,False,False,3,1,1,False,CO
2024-01-21,7,True,,False,False,False,False,6.0,False,False,3,1,1,False,CO
2024-01-22,1,False,,False,True,False,False,7.0,False,False,4,1,1,False,CO
2024-01-23,2,False,,False,True,False,False,8.0,False,False,4,1,1,False,CO
2024-01-24,3,False,,False,True,False,False,9.0,False,False,4,1,1,False,CO
2024-01-25,4,False,,False,True,False,False,10.0,False,False,4,1,1,False,CO
2024-01-26,5,False,,False,True,False,False,11.0,False,False,4,1,1,False,CO
2024-01-27,6,True,,False,False,False,False,12.0,False,False,4,1,1,False,CO
2024-01-28,7,True,,False,False,False,False,13.0,False,False,4,1,1,False,CO
2024-01-29,1,False,,False,True,False,False,14.0,False,True,5,1,1,False,CO
2024-01-30,2,False,,False,True,False,False,15.0,False,True,5,1,1,False,CO
2024-01-31,3,False,,False,True,False,True,0.0,False,True,5,1,1,False,CO
2024-02-01,4,False,,False,True,False,False,1.0,True,False,1,2,1,False,CO
2024-02-02,5,False,,False,True,False,False,2.0,True,False,1,2,1,False,CO
2024-02-03,6,True,,False,False,False,False,3.0,True,False,1,2,1,False,CO
2024-02-04,7,True,,False,False,False,False,4.0,False,False,1,2,1,False,CO
2024-02-05,1,False,,False,True,False,False,5.0,False,False,1,2,1,False,CO
2024-02-06,2,False,,False,True,False,False,6.0,False,False,1,2,1,False,CO
2024-02-07,3,False,,False,True,False,False,7.0,False,False,1,2,1,False,CO
2024-02-08,4,False,,False,True,False,False,8.0,False,False,2,2,1,False,CO
2024-02-09,5,False,,False,True,False,False,9.0,False,False,2,2,1,False,CO
2024-02-10,6,True,,False,False,False,False,10.0,False,False,2,2,1,False,CO
2024-02-11,7,True,,False,False,False,False,11.0,False,False,2,2,1,False,CO
2024-02-12,1,False,,False,True,False,False,12.0,False,False,2,2,1,False,CO
2024-02-13,2,False,,False,True,False,False,13.0,False,False,2,2,1,False,CO
2024-02-14,3,False,,False,True,False,False,14.0,False,False,2,2,1,False,CO
2024-02-15,4,False,,False,True,False,True,0.0,False,False,3,2,1,False,CO
2024-02-16,5,False,,False,True,False,False,1.0,False,False,3,2,1,False,CO
2024-02-17,6,True,,False,False,False,False,2.0,False,False,3,2,1,False,CO
2024-02-18,7,True,,False,False,False,False,3.0,False,False,3,2,1,False,CO
2024-02-19,1,False,,False,True,False,False,4.0,False,False,3,2,1,False,CO
2024-02-20,2,False,,False,True,False,False,5.0,False,False,3,2,1,False,CO
2024-02-21,3,False,,False,True,False,False,6.0,False,False,3,2,1,False,CO
2024-02-22,4,False,,False,True,False,False,7.0,False,False,4,2,1,False,CO
2024-02-23,5,False,,False,True,False,False,8.0,False,False,4,2,1,False,CO
2024-02-24,6,True,,False,False,False,False,9.0,False,False,4,2,1,False,CO
2024-02-25,7,True,,False,False,False,False,10.0,False,False,4,2,1,False,CO
2024-02-26,1,False,,False,True,False,False,11.0,False,False,4,2,1,False,CO
2024-02-27,2,False,,False,True,False,False,12.0,False,True,4,2,1,False,CO
2024-02-28,3,False,,False,True,False,False,13.0,False,True,4,2,1,False,CO
2024-02-29,4,False,,False,True,False,True,0.0,False,True,5,2,1,False,CO
2024-03-01,5,False,,False,True,False,False,1.0,True,False,1,3,1,False,CO
2024-03-02,6,True,,False,False,False,False,2.0,True,False,1,3,1,False,CO
2024-03-03,7,True,,False,False,False,False,3.0,True,False,1,3,1,False,CO
2024-03-04,1,False,,False,True,False,False,4.0,False,False,1,3,1,False,CO
2024-03-05,2,False,,False,True,False,False,5.0,False,False,1,3,1,False,CO
2024-03-06,3,False,,False,True,False,False,6.0,False,False,1,3,1,False,CO
2024-03-07,4,False,,False,True,False,False,7.0,False,False,1,3,1,False,CO
2024-03-08,5,False,,False,True,False,False,8.0,False,False,2,3,1,False,CO
2024-03-09,6,True,,False,False,False,False,9.0,False,False,2,3,1,False,CO
2024-03-10,7,True,,False,False,False,False,10.0,False,False,2,3,1,False,CO
2024-03-11,1,False,,False,True,False,False,11.0,False,False,2,3,1,False,CO
2024-03-12,2,False,,False,True,False,False,12.0,False,False,2,3,1,False,CO
2024-03-13,3,False,,False,True,False,False,13.0,False,False,2,3,1,False,CO
2024-03-14,4,False,,False,True,False,False,14.0,False,False,2,3,1,False,CO
2024-03-15,5,False,,False,True,False,True,0.0,False,False,3,3,1,False,CO
2024-03-16,6,True,,False,False,False,False,1.0,False,False,3,3,1,False,CO
2024-03-17,7,True,,False,False,False,False,2.0,False,False,3,3,1,False,CO
2024-03-18,1,False,,False,True,False,False,3.0,False,False,3,3,1,False,CO
2024-03-19,2,False,,False,True,False,False,4.0,False,False,3,3,1,False,CO
2024-03-20,3,False,,False,True,False,False,5.0,False,False,3,3,1,False,CO
2024-03-21,4,False,,False,True,False,False,6.0,False,False,3,3,1,False,CO
2024-03-22,5,False,,False,True,False,False,7.0,False,False,4,3,1,False,CO
2024-03-23,6,True,,False,False,False,False,8.0,False,False,4,3,1,False,CO
2024-03-24,7,True,,False,False,True,False,9.0,False,False,4,3,1,False,CO
2024-03-25,1,False,Día de San José (observado),True,False,False,False,10.0,False,False,4,3,1,False,CO
2024-03-26,2,False,,False,True,False,False,11.0,False,False,4,3,1,False,CO
2024-03-27,3,False,,False,True,False,True,0.0,False,False,4,3,1,False,CO
2024-03-28,4,False,Jueves Santo,True,False,False,False,1.0,False,False,4,3,1,False,CO
2024-03-29,5,False,Viernes Santo,True,False,True,False,2.0,False,True,5,3,1,False,CO
2024-03-30,6,True,,False,False,True,False,3.0,False,True,5,3,1,False,CO
2024-03-31,7,True,,False,False,False,False,4.0,False,True,5,3,1,False,CO
2024-04-01,1,False,,False,True,False,False,5.0,True,False,1,4,2,False,CO
2024-04-02,2,False,,False,True,False,False,6.0,True,False,1,4,2,False,CO
2024-04-03,3,False,,False,True,False,False,7.0,True,False,1,4,2,False,CO
2024-04-04,4,False,,False,True,False,False,8.0,False,False,1,4,2,False,CO
2024-04-05,5,False,,False,True,False,False,9.0,False,False,1,4,2,False,CO
2024-04-06,6,True,,False,False,False,False,10.0,False,False,1,4,2,False,CO
2024-04-07,7,True,,False,False,False,False,11.0,False,False,1,4,2,False,CO
2024-04-08,1,False,,False,True,False,False,12.0,False,False,2,4,2,False,CO
2024-04-09,2,False,,False,True,False,False,13.0,False,False,2,4,2,False,CO
2024-04-10,3,False,,False,True,False,False,14.0,False,False,2,4,2,False,CO
2024-04-11,4,False,,False,True,False,False,15.0,False,False,2,4,2,False,CO
2024-04-12,5,False,,False,True,False,False,16.0,False,False,2,4,2,False,CO
2024-04-13,6,True,,False,False,False,False,17.0,False,False,2,4,2,False,CO
2024-04-14,7,True,,False,False,False,False,18.0,False,False,2,4,2,False,CO
2024-04-15,1,False,,False,True,False,True,0.0,False,False,3,4,2,False,CO
2024-04-16,2,False,,False,True,False,False,1.0,False,False,3,4,2,False,CO
2024-04-17,3,False,,False,True,False,False,2.0,False,False,3,4,2,False,CO
2024-04-18,4,False,,False,True,False,False,3.0,False,False,3,4,2,False,CO
2024-04-19,5,False,,False,True,False,False,4.0,False,False,3,4,2,False,CO
2024-04-20,6,True,,False,False,False,False,5.0,False,False,3,4,2,False,CO
2024-04-21,7,True,,False,False,False,False,6.0,False,False,3,4,2,False,CO
2024-04-22,1,False,,False,True,False,False,7.0,False,False,4,4,2,False,CO
2024-04-23,2,False,,False,True,False,False,8.0,False,False,4,4,2,False,CO
2024-04-24,3,False,,False,True,False,False,9.0,False,False,4,4,2,False,CO
2024-04-25,4,False,,False,True,False,False,10.0,False,False,4,4,2,False,CO
2024-04-26,5,False,,False,True,False,False,11.0,False,False,4,4,2,False,CO
2024-04-27,6,True,,False,False,False,False,12.0,False,False,4,4,2,False,CO
2024-04-28,7,True,,False,False,False,False,13.0,False,True,4,4,2,False,CO
2024-04-29,1,False,,False,True,False,False,14.0,False,True,5,4,2,False,CO
2024-04-30,2,False,,False,True,False,True,0.0,False,True,5,4,2,False,CO
2024-05-01,3,False,Día del Trabajo,True,False,False,False,1.0,True,False,1,5,2,False,CO
2024-05-02,4,False,,False,True,False,False,2.0,True,False,1,5,2,False,CO
2024-05-03,5,False,,False,True,False,False,3.0,True,False,1,5,2,False,CO
2024-05-04,6,True,,False,False,False,False,4.0,False,False,1,5,2,False,CO
2024-05-05,7,True,,False,False,False,False,5.0,False,False,1,5,2,False,CO
2024-05-06,1,False,,False,True,False,False,6.0,False,False,1,5,2,False,CO
2024-05-07,2,False,,False,True,False,False,7.0,False,False,1,5,2,False,CO
2024-05-08,3,False,,False,True,False,False,8.0,False,False,2,5,2,False,CO
2024-05-09,4,False,,False,True,False,False,9.0,False,False,2,5,2,False,CO
2024-05-10,5,False,,False,True,False,False,10.0,False,False,2,5,2,False,CO
2024-05-11,6,True,,False,False,False,False,11.0,False,False,2,5,2,False,CO
2024-05-12,7,True,,False,False,True,False,12.0,False,False,2,5,2,False,CO
2024-05-13,1,False,Ascensión del señor (observado),True,False,False,False,13.0,False,False,2,5,2,False,CO
2024-05-14,2,False,,False,True,False,False,14.0,False,False,2,5,2,False,CO
2024-05-15,3,False,,False,True,False,True,0.0,False,False,3,5,2,False,CO
2024-05-16,4,False,,False,True,False,False,1.0,False,False,3,5,2,False,CO
2024-05-17,5,False,,False,True,False,False,2.0,False,False,3,5,2,False,CO
2024-05-18,6,True,,False,False,False,False,3.0,False,False,3,5,2,False,CO
2024-05-19,7,True,,False,False,False,False,4.0,False,False,3,5,2,False,CO
2024-05-20,1,False,,False,True,False,False,5.0,False,False,3,5,2,False,CO
2024-05-21,2,False,,False,True,False,False,6.0,False,False,3,5,2,False,CO
2024-05-22,3,False,,False,True,False,False,7.0,False,False,4,5,2,False,CO
2024-05-23,4,False,,False,True,False,False,8.0,False,False,4,5,2,False,CO
2024-05-24,5,False,,False,True,False,False,9.0,False,False,4,5,2,False,CO
2024-05-25,6,True,,False,False,False,False,10.0,False,False,4,5,2,False,CO
2024-05-26,7,True,,False,False,False,False,11.0,False,False,4,5,2,False,CO
2024-05-27,1,False,,False,True,False,False,12.0,False,False,4,5,2,False,CO
2024-05-28,2,False,,False,True,False,False,13.0,False,False,4,5,2,False,CO
2024-05-29,3,False,,False,True,False,False,14.0,False,True,5,5,2,False,CO
2024-05-30,4,False,,False,True,False,False,15.0,False,True,5,5,2,False,CO
2024-05-31,5,False,,False,True,False,True,0.0,False,True,5,5,2,False,CO
2024-06-01,6,True,,False,False,False,False,1.0,True,False,1,6,2,True,CO
2024-06-02,7,True,,False,False,True,False,2.0,True,False,1,6,2,True,CO
2024-06-03,1,False,Corpus Christi (observado),True,False,False,False,3.0,True,False,1,6,2,True,CO
2024-06-04,2,False,,False,True,False,False,4.0,False,False,1,6,2,True,CO
2024-06-05,3,False,,False,True,False,False,5.0,False,False,1,6,2,True,CO
2024-06-06,4,False,,False,True,False,False,6.0,False,False,1,6,2,True,CO
2024-06-07,5,False,,False,True,False,False,7.0,False,False,1,6,2,True,CO
2024-06-08,6,True,,False,False,False,False,8.0,False,False,2,6,2,True,CO
2024-06-09,7,True,,False,False,True,False,9.0,False,False,2,6,2,True,CO
2024-06-10,1,False,Sagrado Corazón (observado),True,False,False,False,10.0,False,False,2,6,2,True,CO
2024-06-11,2,False,,False,True,False,False,11.0,False,False,2,6,2,True,CO
2024-06-12,3,False,,False,True,False,False,12.0,False,False,2,6,2,True,CO
2024-06-13,4,False,,False,True,False,False,13.0,False,False,2,6,2,True,CO
2024-06-14,5,False,,False,True,False,True,0.0,False,False,2,6,2,True,CO
2024-06-15,6,True,,False,False,False,False,1.0,False,False,3,6,2,True,CO
2024-06-16,7,True,,False,False,False,False,2.0,False,False,3,6,2,True,CO
2024-06-17,1,False,,False,True,False,False,3.0,False,False,3,6,2,True,CO
2024-06-18,2,False,,False,True,False,False,4.0,False,False,3,6,2,True,CO
2024-06-19,3,False,,False,True,False,False,5.0,False,False,3,6,2,True,CO
2024-06-20,4,False,,False,True,False,False,6.0,False,False,3,6,2,True,CO
2024-06-21,5,False,,False,True,False,False,7.0,False,False,3,6,2,True,CO
2024-06-22,6,True,,False,False,False,False,8.0,False,False,4,6,2,True,CO
2024-06-23,7,True,,False,False,False,False,9.0,False,False,4,6,2,True,CO
2024-06-24,1,False,,False,True,False,False,10.0,False,False,4,6,2,True,CO
2024-06-25,2,False,,False,True,False,False,11.0,False,False,4,6,2,True,CO
2024-06-26,3,False,,False,True,False,False,12.0,False,False,4,6,2,True,CO
2024-06-27,4,False,,False,True,False,False,13.0,False,False,4,6,2,True,CO
2024-06-28,5,False,,False,True,False,True,0.0,False,True,4,6,2,True,CO
2024-06-29,6,True,,False,False,False,False,1.0,False,True,5,6,2,True,CO
2024-06-30,7,True,,False,False,True,False,2.0,False,True,5,6,2,True,CO
2024-07-01,1,False,San Pedro y San Pablo (observado),True,False,False,False,3.0,True,False,1,7,3,False,CO
2024-07-02,2,False,,False,True,False,False,4.0,True,False,1,7,3,False,CO
2024-07-03,3,False,,False,True,False,False,5.0,True,False,1,7,3,False,CO
2024-07-04,4,False,,False,True,False,False,6.0,False,False,1,7,3,False,CO
2024-07-05,5,False,,False,True,False,False,7.0,False,False,1,7,3,False,CO
2024-07-06,6,True,,False,False,False,False,8.0,False,False,1,7,3,False,CO
2024-07-07,7,True,,False,False,False,False,9.0,False,False,1,7,3,False,CO
2024-07-08,1,False,,False,True,False,False,10.0,False,False,2,7,3,False,CO
2024-07-09,2,False,,False,True,False,False,11.0,False,False,2,7,3,False,CO
2024-07-10,3,False,,False,True,False,False,12.0,False,False,2,7,3,False,CO
2024-07-11,4,False,,False,True,False,False,13.0,False,False,2,7,3,False,CO
2024-07-12,5,False,,False,True,False,False,14.0,False,False,2,7,3,False,CO
2024-07-13,6,True,,False,False,False,False,15.0,False,False,2,7,3,False,CO
2024-07-14,7,True,,False,False,False,False,16.0,False,False,2,7,3,False,CO
2024-07-15,1,False,,False,True,False,True,0.0,False,False,3,7,3,False,CO
2024-07-16,2,False,,False,True,False,False,1.0,False,False,3,7,3,False,CO
2024-07-17,3,False,,False,True,False,False,2.0,False,False,3,7,3,False,CO
2024-07-18,4,False,,False,True,False,False,3.0,False,False,3,7,3,False,CO
2024-07-19,5,False,,False,True,False,False,4.0,False,False,3,7,3,False,CO
2024-07-20,6,True,Día de la Independencia,True,False,False,False,5.0,False,False,3,7,3,False,CO
2024-07-21,7,True,,False,False,False,False,6.0,False,False,3,7,3,False,CO
2024-07-22,1,False,,False,True,False,False,7.0,False,False,4,7,3,False,CO
2024-07-23,2,False,,False,True,False,False,8.0,False,False,4,7,3,False,CO
2024-07-24,3,False,,False,True,False,False,9.0,False,False,4,7,3,False,CO
2024-07-25,4,False,,False,True,False,False,10.0,False,False,4,7,3,False,CO
2024-07-26,5,False,,False,True,False,False,11.0,False,False,4,7,3,False,CO
2024-07-27,6,True,,False,False,False,False,12.0,False,False,4,7,3,False,CO
2024-07-28,7,True,,False,False,False,False,13.0,False,False,4,7,3,False,CO
2024-07-29,1,False,,False,True,False,False,14.0,False,True,5,7,3,False,CO
2024-07-30,2,False,,False,True,False,False,15.0,False,True,5,7,3,False,CO
2024-07-31,3,False,,False,True,False,True,0.0,False,True,5,7,3,False,CO
2024-08-01,4,False,,False,True,False,False,1.0,True,False,1,8,3,False,CO
2024-08-02,5,False,,False,True,False,False,2.0,True,False,1,8,3,False,CO
2024-08-03,6,True,,False,False,False,False,3.0,True,False,1,8,3,False,CO
2024-08-04,7,True,,False,False,False,False,4.0,False,False,1,8,3,False,CO
2024-08-05,1,False,,False,True,False,False,5.0,False,False,1,8,3,False,CO
2024-08-06,2,False,,False,True,False,False,6.0,False,False,1,8,3,False,CO
2024-08-07,3,False,Batalla de Boyacá,True,False,False,False,7.0,False,False,1,8,3,False,CO
2024-08-08,4,False,,False,True,False,False,8.0,False,False,2,8,3,False,CO
2024-08-09,5,False,,False,True,False,False,9.0,False,False,2,8,3,False,CO
2024-08-10,6,True,,False,False,False,False,10.0,False,False,2,8,3,False,CO
2024-08-11,7,True,,False,False,False,False,11.0,False,False,2,8,3,False,CO
2024-08-12,1,False,,False,True,False,False,12.0,False,False,2,8,3,False,CO
2024-08-13,2,False,,False,True,False,False,13.0,False,False,2,8,3,False,CO
2024-08-14,3,False,,False,True,False,False,14.0,False,False,2,8,3,False,CO
2024-08-15,4,False,,False,True,False,True,0.0,False,False,3,8,3,False,CO
2024-08-16,5,False,,False,True,False,False,1.0,False,False,3,8,3,False,CO
2024-08-17,6,True,,False,False,False,False,2.0,False,False,3,8,3,False,CO
2024-08-18,7,True,,False,False,True,False,3.0,False,False,3,8,3,False,CO
2024-08-19,1,False,La Asunción (observado),True,False,False,False,4.0,False,False,3,8,3,False,CO
2024-08-20,2,False,,False,True,False,False,5.0,False,False,3,8,3,False,CO
2024-08-21,3,False,,False,True,False,False,6.0,False,False,3,8,3,False,CO
2024-08-22,4,False,,False,True,False,False,7.0,False,False,4,8,3,False,CO
2024-08-23,5,False,,False,True,False,False,8.0,False,False,4,8,3,False,CO
2024-08-24,6,True,,False,False,False,False,9.0,False,False,4,8,3,False,CO
2024-08-25,7,True,,False,False,False,False,10.0,False,False,4,8,3,False,CO
2024-08-26,1,False,,False,True,False,False,11.0,False,False,4,8,3,False,CO
2024-08-27,2,False,,False,True,False,False,12.0,False,False,4,8,3,False,CO
2024-08-28,3,False,,False,True,False,False,13.0,False,False,4,8,3,False,CO
2024-08-29,4,False,,False,True,False,False,14.0,False,True,5,8,3,False,CO
2024-08-30,5,False,,False,True,False,True,0.0,False,True,5,8,3,False,CO
2024-08-31,6,True,,False,False,False,False,1.0,False,True,5,8,3,False,CO
2024-09-01,7,True,,False,False,False,False,2.0,True,False,1,9,3,False,CO
2024-09-02,1,False,,False,True,False,False,3.0,True,False,1,9,3,False,CO
2024-09-03,2,False,,False,True,False,False,4.0,True,False,1,9,3,False,CO
2024-09-04,3,False,,False,True,False,False,5.0,False,False,1,9,3,False,CO
2024-09-05,4,False,,False,True,False,False,6.0,False,False,1,9,3,False,CO
2024-09-06,5,False,,False,True,False,False,7.0,False,False,1,9,3,False,CO
2024-09-07,6,True,,False,False,False,False,8.0,False,False,1,9,3,False,CO
2024-09-08,7,True,,False,False,False,False,9.0,False,False,2,9,3,False,CO
2024-09-09,1,False,,False,True,False,False,10.0,False,False,2,9,3,False,CO
2024-09-10,2,False,,False,True,False,False,11.0,False,False,2,9,3,False,CO
2024-09-11,3,False,,False,True,False,False,12.0,False,False,2,9,3,False,CO
2024-09-12,4,False,,False,True,False,False,13.0,False,False,2,9,3,False,CO
2024-09-13,5,False,,False,True,False,True,0.0,False,False,2,9,3,False,CO
2024-09-14,6,True,,False,False,False,False,1.0,False,False,2,9,3,False,CO
2024-09-15,7,True,,False,False,False,False,2.0,False,False,3,9,3,False,CO
2024-09-16,1,False,,False,True,False,False,3.0,False,False,3,9,3,False,CO
2024-09-17,2,False,,False,True,False,False,4.0,False,False,3,9,3,False,CO
2024-09-18,3,False,,False,True,False,False,5.0,False,False,3,9,3,False,CO
2024-09-19,4,False,,False,True,False,False,6.0,False,False,3,9,3,False,CO
2024-09-20,5,False,,False,True,False,False,7.0,False,False,3,9,3,False,CO
2024-09-21,6,True,,False,False,False,False,8.0,False,False,3,9,3,False,CO
2024-09-22,7,True,,False,False,False,False,9.0,False,False,4,9,3,False,CO
2024-09-23,1,False,,False,True,False,False,10.0,False,False,4,9,3,False,CO
2024-09-24,2,False,,False,True,False,False,11.0,False,False,4,9,3,False,CO
2024-09-25,3,False,,False,True,False,False,12.0,False,False,4,9,3,False,CO
2024-09-26,4,False,,False,True,False,False,13.0,False,False,4,9,3,False,CO
2024-09-27,5,False,,False,True,False,False,14.0,False,False,4,9,3,False,CO
2024-09-28,6,True,,False,False,False,False,15.0,False,True,4,9,3,False,CO
2024-09-29,7,True,,False,False,False,False,16.0,False,True,5,9,3,False,CO
2024-09-30,1,False,,False,True,False,True,0.0,False,True,5,9,3,False,CO
2024-10-01,2,False,,False,True,False,False,1.0,True,False,1,10,4,False,CO
2024-10-02,3,False,,False,True,False,False,2.0,True,False,1,10,4,False,CO
2024-10-03,4,False,,False,True,False,False,3.0,True,False,1,10,4,False,CO
2024-10-04,5,False,,False,True,False,False,4.0,False,False,1,10,4,False,CO
2024-10-05,6,True,,False,False,False,False,5.0,False,False,1,10,4,False,CO
2024-10-06,7,True,,False,False,False,False,6.0,False,False,1,10,4,False,CO
2024-10-07,1,False,,False,True,False,False,7.0,False,False,1,10,4,False,CO
2024-10-08,2,False,,False,True,False,False,8.0,False,False,2,10,4,False,CO
2024-10-09,3,False,,False,True,False,False,9.0,False,False,2,10,4,False,CO
2024-10-10,4,False,,False,True,False,False,10.0,False,False,2,10,4,False,CO
2024-10-11,5,False,,False,True,False,False,11.0,False,False,2,10,4,False,CO
2024-10-12,6,True,,False,False,False,False,12.0,False,False,2,10,4,False,CO
2024-10-13,7,True,,False,False,True,False,13.0,False,False,2,10,4,False,CO
2024-10-14,1,False,Día de la Raza (observado),True,False,False,False,14.0,False,False,2,10,4,False,CO
2024-10-15,2,False,,False,True,False,True,0.0,False,False,3,10,4,False,CO
2024-10-16,3,False,,False,True,False,False,1.0,False,False,3,10,4,False,CO
2024-10-17,4,False,,False,True,False,False,2.0,False,False,3,10,4,False,CO
2024-10-18,5,False,,False,True,False,False,3.0,False,False,3,10,4,False,CO
2024-10-19,6,True,,False,False,False,False,4.0,False,False,3,10,4,False,CO
2024-10-20,7,True,,False,False,False,False,5.0,False,False,3,10,4,False,CO
2024-10-21,1,False,,False,True,False,False,6.0,False,False,3,10,4,False,CO
2024-10-22,2,False,,False,True,False,False,7.0,False,False,4,10,4,False,CO
2024-10-23,3,False,,False,True,False,False,8.0,False,False,4,10,4,False,CO
2024-10-24,4,False,,False,True,False,False,9.0,False,False,4,10,4,False,CO
2024-10-25,5,False,,False,True,False,False,10.0,False,False,4,10,4,False,CO
2024-10-26,6,True,,False,False,False,False,11.0,False,False,4,10,4,False,CO
2024-10-27,7,True,,False,False,False,False,12.0,False,False,4,10,4,False,CO
2024-10-28,1,False,,False,True,False,False,13.0,False,False,4,10,4,False,CO
2024-10-29,2,False,,False,True,False,False,14.0,False,True,5,10,4,False,CO
2024-10-30,3,False,,False,True,False,False,15.0,False,True,5,10,4,False,CO
2024-10-31,4,False,,False,True,False,True,0.0,False,True,5,10,4,False,CO
2024-11-01,5,False,,False,True,False,False,1.0,True,False,1,11,4,False,CO
2024-11-02,6,True,,False,False,False,False,2.0,True,False,1,11,4,False,CO
2024-11-03,7,True,,False,False,True,False,3.0,True,False,1,11,4,False,CO
2024-11-04,1,False,Día de Todos los Santos (observado),True,False,False,False,4.0,False,False,1,11,4,False,CO
2024-11-05,2,False,,False,True,False,False,5.0,False,False,1,11,4,False,CO
2024-11-06,3,False,,False,True,False,False,6.0,False,False,1,11,4,False,CO
2024-11-07,4,False,,False,True,False,False,7.0,False,False,1,11,4,False,CO
2024-11-08,5,False,,False,True,False,False,8.0,False,False,2,11,4,False,CO
2024-11-09,6,True,,False,False,False,False,9.0,False,False,2,11,4,False,CO
2024-11-10,7,True,,False,False,True,False,10.0,False,False,2,11,4,False,CO
2024-11-11,1,False,Independencia de Cartagena,True,False,False,False,11.0,False,False,2,11,4,False,CO
2024-11-12,2,False,,False,True,False,False,12.0,False,False,2,11,4,False,CO
2024-11-13,3,False,,False,True,False,False,13.0,False,False,2,11,4,False,CO
2024-11-14,4,False,,False,True,False,False,14.0,False,False,2,11,4,False,CO
2024-11-15,5,False,,False,True,False,True,0.0,False,False,3,11,4,False,CO
2024-11-16,6,True,,False,False,False,False,1.0,False,False,3,11,4,False,CO
2024-11-17,7,True,,False,False,False,False,2.0,False,False,3,11,4,False,CO
2024-11-18,1,False,,False,True,False,False,3.0,False,False,3,11,4,False,CO
2024-11-19,2,False,,False,True,False,False,4.0,False,False,3,11,4,False,CO
2024-11-20,3,False,,False,True,False,False,5.0,False,False,3,11,4,False,CO
2024-11-21,4,False,,False,True,False,False,6.0,False,False,3,11,4,False,CO
2024-11-22,5,False,,False,True,False,False,7.0,False,False,4,11,4,False,CO
2024-11-23,6,True,,False,False,False,False,8.0,False,False,4,11,4,False,CO
2024-11-24,7,True,,False,False,False,False,9.0,False,False,4,11,4,False,CO
2024-11-25,1,False,,False,True,False,False,10.0,False,False,4,11,4,False,CO
2024-11-26,2,False,,False,True,False,False,11.0,False,False,4,11,4,False,CO
2024-11-27,3,False,,False,True,False,False,12.0,False,False,4,11,4,False,CO
2024-11-28,4,False,,False,True,False,False,13.0,False,True,4,11,4,False,CO
2024-11-29,5,False,,False,True,False,True,0.0,False,True,5,11,4,False,CO
2024-11-30,6,True,,False,False,False,False,1.0,False,True,5,11,4,False,CO
2024-12-01,7,True,,False,False,False,False,2.0,True,False,1,12,4,True,CO
2024-12-02,1,False,,False,True,False,False,3.0,True,False,1,12,4,True,CO
2024-12-03,2,False,,False,True,False,False,4.0,True,False,1,12,4,True,CO
2024-12-04,3,False,,False,True,False,False,5.0,False,False,1,12,4,True,CO
2024-12-05,4,False,,False,True,False,False,6.0,False,False,1,12,4,True,CO
2024-12-06,5,False,,False,True,False,False,7.0,False,False,1,12,4,True,CO
2024-12-07,6,True,,False,False,False,False,8.0,False,False,1,12,4,True,CO
2024-12-08,7,True,La Inmaculada Concepción,True,False,False,False,9.0,False,False,2,12,4,True,CO
2024-12-09,1,False,,False,True,False,False,10.0,False,False,2,12,4,True,CO
2024-12-10,2,False,,False,True,False,False,11.0,False,False,2,12,4,True,CO
2024-12-11,3,False,,False,True,False,False,12.0,False,False,2,12,4,True,CO
2024-12-12,4,False,,False,True,False,False,13.0,False,False,2,12,4,True,CO
2024-12-13,5,False,,False,True,False,True,0.0,False,False,2,12,4,True,CO
2024-12-14,6,True,,False,False,False,False,1.0,False,False,2,12,4,True,CO
2024-12-15,7,True,,False,False,False,False,2.0,False,False,3,12,4,True,CO
2024-12-16,1,False,,False,True,False,False,3.0,False,False,3,12,4,True,CO
2024-12-17,2,False,,False,True,False,False,4.0,False,False,3,12,4,True,CO
2024-12-18,3,False,,False,True,False,False,5.0,False,False,3,12,4,True,CO
2024-12-19,4,False,,False,True,False,False,6.0,False,False,3,12,4,True,CO
2024-12-20,5,False,,False,True,False,False,7.0,False,False,3,12,4,True,CO
2024-12-21,6,True,,False,False,False,False,8.0,False,False,3,12,4,True,CO
2024-12-22,7,True,,False,False,False,False,9.0,False,False,4,12,4,True,CO
2024-12-23,1,False,,False,True,False,False,10.0,False,False,4,12,4,True,CO
2024-12-24,2,False,,False,True,False,False,11.0,False,False,4,12,4,True,CO
2024-12-25,3,False,Navidad,True,False,False,False,12.0,False,False,4,12,4,True,CO
2024-12-26,4,False,,False,True,False,False,13.0,False,False,4,12,4,True,CO
2024-12-27,5,False,,False,True,False,False,14.0,False,False,4,12,4,True,CO
2024-12-28,6,True,,False,False,False,False,15.0,False,False,4,12,4,True,CO
2024-12-29,7,True,,False,False,False,False,16.0,False,True,5,12,4,True,CO
2024-12-30,1,False,,False,True,False,False,17.0,False,True,5,12,4,True,CO
2024-12-31,2,False,,False,True,False,True,0.0,False,True,5,12,4,True,CO
2025-01-01,3,False,Año Nuevo,True,False,False,False,1.0,True,False,1,1,1,False,CO
2025-01-02,4,False,,False,True,False,False,2.0,True,False,1,1,1,False,CO
2025-01-03,5,False,,False,True,False,False,3.0,True,False,1,1,1,False,CO
2025-01-04,6,True,,False,False,False,False,4.0,False,False,1,1,1,False,CO
2025-01-05,7,True,,False,False,True,False,5.0,False,False,1,1,1,False,CO
2025-01-06,1,False,Día de los Reyes Magos,True,False,False,False,6.0,False,False,1,1,1,False,CO
2025-01-07,2,False,,False,True,False,False,7.0,False,False,1,1,1,False,CO
2025-01-08,3,False,,False,True,False,False,8.0,False,False,2,1,1,False,CO
2025-01-09,4,False,,False,True,False,False,9.0,False,False,2,1,1,False,CO
2025-01-10,5,False,,False,True,False,False,10.0,False,False,2,1,1,False,CO
2025-01-11,6,True,,False,False,False,False,11.0,False,False,2,1,1,False,CO
2025-01-12,7,True,,False,False,False,False,12.0,False,False,2,1,1,False,CO
2025-01-13,1,False,,False,True,False,False,13.0,False,False,2,1,1,False,CO
2025-01-14,2,False,,False,True,False,False,14.0,False,False,2,1,1,False,CO
2025-01-15,3,False,,False,True,False,True,0.0,False,False,3,1,1,False,CO
2025-01-16,4,False,,False,True,False,False,1.0,False,False,3,1,1,False,CO
2025-01-17,5,False,,False,True,False,False,2.0,False,False,3,1,1,False,CO
2025-01-18,6,True,,False,False,False,False,3.0,False,False,3,1,1,False,CO
2025-01-19,7,True,,False,False,False,False,4.0,False,False,3,1,1,False,CO
2025-01-20,1,False,,False,True,False,False,5.0,False,False,3,1,1,False,CO
2025-01-21,2,False,,False,True,False,False,6.0,False,False,3,1,1,False,CO
2025-01-22,3,False,,False,True,False,False,7.0,False,False,4,1,1,False,CO
2025-01-23,4,False,,False,True,False,False,8.0,False,False,4,1,1,False,CO
2025-01-24,5,False,,False,True,False,False,9.0,False,False,4,1,1,False,CO
2025-01-25,6,True,,False,False,False,False,10.0,False,False,4,1,1,False,CO
2025-01-26,7,True,,False,False,False,False,11.0,False,False,4,1,1,False,CO
2025-01-27,1,False,,False,True,False,False,12.0,False,False,4,1,1,False,CO
2025-01-28,2,False,,False,True,False,False,13.0,False,False,4,1,1,False,CO
2025-01-29,3,False,,False,True,False,False,14.0,False,True,5,1,1,False,CO
2025-01-30,4,False,,False,True,False,False,15.0,False,True,5,1,1,False,CO
2025-01-31,5,False,,False,True,False,True,0.0,False,True,5,1,1,False,CO
2025-02-01,6,True,,False,False,False,False,1.0,True,False,1,2,1,False,CO
2025-02-02,7,True,,False,False,False,False,2.0,True,False,1,2,1,False,CO
2025-02-03,1,False,,False,True,False,False,3.0,True,False,1,2,1,False,CO
2025-02-04,2,False,,False,True,False,False,4.0,False,False,1,2,1,False,CO
2025-02-05,3,False,,False,True,False,False,5.0,False,False,1,2,1,False,CO
2025-02-06,4,False,,False,True,False,False,6.0,False,False,1,2,1,False,CO
2025-02-07,5,False,,False,True,False,False,7.0,False,False,1,2,1,False,CO
2025-02-08,6,True,,False,False,False,False,8.0,False,False,2,2,1,False,CO
2025-02-09,7,True,,False,False,False,False,9.0,False,False,2,2,1,False,CO
2025-02-10,1,False,,False,True,False,False,10.0,False,False,2,2,1,False,CO
2025-02-11,2,False,,False,True,False,False,11.0,False,False,2,2,1,False,CO
2025-02-12,3,False,,False,True,False,False,12.0,False,False,2,2,1,False,CO
2025-02-13,4,False,,False,True,False,False,13.0,False,False,2,2,1,False,CO
2025-02-14,5,False,,False,True,False,True,0.0,False,False,2,2,1,False,CO
2025-02-15,6,True,,False,False,False,False,1.0,False,False,3,2,1,False,CO
2025-02-16,7,True,,False,False,False,False,2.0,False,False,3,2,1,False,CO
2025-02-17,1,False,,False,True,False,False,3.0,False,False,3,2,1,False,CO
2025-02-18,2,False,,False,True,False,False,4.0,False,False,3,2,1,False,CO
2025-02-19,3,False,,False,True,False,False,5.0,False,False,3,2,1,False,CO
2025-02-20,4,False,,False,True,False,False,6.0,False,False,3,2,1,False,CO
2025-02-21,5,False,,False,True,False,False,7.0,False,False,3,2,1,False,CO
2025-02-22,6,True,,False,False,False,False,8.0,False,False,4,2,1,False,CO
2025-02-23,7,True,,False,False,False,False,9.0,False,False,4,2,1,False,CO
2025-02-24,1,False,,False,True,False,False,10.0,False,False,4,2,1,False,CO
2025-02-25,2,False,,False,True,False,False,11.0,False,False,4,2,1,False,CO
2025-02-26,3,False,,False,True,False,False,12.0,False,True,4,2,1,False,CO
2025-02-27,4,False,,False,True,False,False,13.0,False,True,4,2,1,False,CO
2025-02-28,5,False,,False,True,False,True,0.0,False,True,4,2,1,False,CO
2025-03-01,6,True,,False,False,False,False,1.0,True,False,1,3,1,False,CO
2025-03-02,7,True,,False,False,False,False,2.0,True,False,1,3,1,False,CO
2025-03-03,1,False,,False,True,False,False,3.0,True,False,1,3,1,False,CO
2025-03-04,2,False,,False,True,False,False,4.0,False,False,1,3,1,False,CO
2025-03-05,3,False,,False,True,False,False,5.0,False,False,1,3,1,False,CO
2025-03-06,4,False,,False,True,False,False,6.0,False,False,1,3,1,False,CO
2025-03-07,5,False,,False,True,False,False,7.0,False,False,1,3,1,False,CO
2025-03-08,6,True,,False,False,False,False,8.0,False,False,2,3,1,False,CO
2025-03-09,7,True,,False,False,False,False,9.0,False,False,2,3,1,False,CO
2025-03-10,1,False,,False,True,False,False,10.0,False,False,2,3,1,False,CO
2025-03-11,2,False,,False,True,False,False,11.0,False,False,2,3,1,False,CO
2025-03-12,3,False,,False,True,False,False,12.0,False,False,2,3,1,False,CO
2025-03-13,4,False,,False,True,False,False,13.0,False,False,2,3,1,False,CO
2025-03-14,5,False,,False,True,False,True,0.0,False,False,2,3,1,False,CO
2025-03-15,6,True,,False,False,False,False,1.0,False,False,3,3,1,False,CO
2025-03-16,7,True,,False,False,False,False,2.0,False,False,3,3,1,False,CO
2025-03-17,1,False,,False,True,False,False,3.0,False,False,3,3,1,False,CO
2025-03-18,2,False,,False,True,False,False,4.0,False,False,3,3,1,False,CO
2025-03-19,3,False,,False,True,False,False,5.0,False,False,3,3,1,False,CO
2025-03-20,4,False,,False,True,False,False,6.0,False,False,3,3,1,False,CO
2025-03-21,5,False,,False,True,False,False,7.0,False,False,3,3,1,False,CO
2025-03-22,6,True,,False,False,False,False,8.0,False,False,4,3,1,False,CO
2025-03-23,7,True,,False,False,True,False,9.0,False,False,4,3,1,False,CO
2025-03-24,1,False,Día de San José (observado),True,False,False,False,10.0,False,False,4,3,1,False,CO
2025-03-25,2,False,,False,True,False,False,11.0,False,False,4,3,1,False,CO
2025-03-26,3,False,,False,True,False,False,12.0,False,False,4,3,1,False,CO
2025-03-27,4,False,,False,True,False,False,13.0,False,False,4,3,1,False,CO
2025-03-28,5,False,,False,True,False,False,14.0,False,False,4,3,1,False,CO
2025-03-29,6,True,,False,False,False,False,15.0,False,True,5,3,1,False,CO
2025-03-30,7,True,,False,False,False,False,16.0,False,True,5,3,1,False,CO
2025-03-31,1,False,,False,True,False,True,0.0,False,True,5,3,1,False,CO
2025-04-01,2,False,,False,True,False,False,1.0,True,False,1,4,2,False,CO
2025-04-02,3,False,,False,True,False,False,2.0,True,False,1,4,2,False,CO
2025-04-03,4,False,,False,True,False,False,3.0,True,False,1,4,2,False,CO
2025-04-04,5,False,,False,True,False,False,4.0,False,False,1,4,2,False,CO
2025-04-05,6,True,,False,False,False,False,5.0,False,False,1,4,2,False,CO
2025-04-06,7,True,,False,False,False,False,6.0,False,False,1,4,2,False,CO
2025-04-07,1,False,,False,True,False,False,7.0,False,False,1,4,2,False,CO
2025-04-08,2,False,,False,True,False,False,8.0,False,False,2,4,2,False,CO
2025-04-09,3,False,,False,True,False,False,9.0,False,False,2,4,2,False,CO
2025-04-10,4,False,,False,True,False,False,10.0,False,False,2,4,2,False,CO
2025-04-11,5,False,,False,True,False,False,11.0,False,False,2,4,2,False,CO
2025-04-12,6,True,,False,False,False,False,12.0,False,False,2,4,2,False,CO
2025-04-13,7,True,,False,False,False,False,13.0,False,False,2,4,2,False,CO
2025-04-14,1,False,,False,True,False,False,14.0,False,False,2,4,2,False,CO
2025-04-15,2,False,,False,True,False,True,0.0,False,False,3,4,2,False,CO
2025-04-16,3,False,,False,True,False,False,1.0,False,False,3,4,2,False,CO
2025-04-17,4,False,Jueves Santo,True,False,False,False,2.0,False,False,3,4,2,False,CO
2025-04-18,5,False,Viernes Santo,True,False,True,False,3.0,False,False,3,4,2,False,CO
2025-04-19,6,True,,False,False,True,False,4.0,False,False,3,4,2,False,CO
2025-04-20,7,True,,False,False,False,False,5.0,False,False,3,4,2,False,CO
2025-04-21,1,False,,False,True,False,False,6.0,False,False,3,4,2,False,CO
2025-04-22,2,False,,False,True,False,False,7.0,False,False,4,4,2,False,CO
2025-04-23,3,False,,False,True,False,False,8.0,False,False,4,4,2,False,CO
2025-04-24,4,False,,False,True,False,False,9.0,False,False,4,4,2,False,CO
2025-04-25,5,False,,False,True,False,False,10.0,False,False,4,4,2,False,CO
2025-04-26,6,True,,False,False,False,False,11.0,False,False,4,4,2,False,CO
2025-04-27,7,True,,False,False,False,False,12.0,False,False,4,4,2,False,CO
2025-04-28,1,False,,False,True,False,False,13.0,False,True,4,4,2,False,CO
2025-04-29,2,False,,False,True,False,False,14.0,False,True,5,4,2,False,CO
2025-04-30,3,False,,False,True,False,True,0.0,False,True,5,4,2,False,CO
2025-05-01,4,False,Día del Trabajo,True,False,False,False,1.0,True,False,1,5,2,False,CO
2025-05-02,5,False,,False,True,False,False,2.0,True,False,1,5,2,False,CO
2025-05-03,6,True,,False,False,False,False,3.0,True,False,1,5,2,False,CO
2025-05-04,7,True,,False,False,False,False,4.0,False,False,1,5,2,False,CO
2025-05-05,1,False,,False,True,False,False,5.0,False,False,1,5,2,False,CO
2025-05-06,2,False,,False,True,False,False,6.0,False,False,1,5,2,False,CO
2025-05-07,3,False,,False,True,False,False,7.0,False,False,1,5,2,False,CO
2025-05-08,4,False,,False,True,False,False,8.0,False,False,2,5,2,False,CO
2025-05-09,5,False,,False,True,False,False,9.0,False,False,2,5,2,False,CO
2025-05-10,6,True,,False,False,False,False,10.0,False,False,2,5,2,False,CO
2025-05-11,7,True,,False,False,False,False,11.0,False,False,2,5,2,False,CO
2025-05-12,1,False,,False,True,False,False,12.0,False,False,2,5,2,False,CO
2025-05-13,2,False,,False,True,False,False,13.0,False,False,2,5,2,False,CO
2025-05-14,3,False,,False,True,False,False,14.0,False,False,2,5,2,False,CO
2025-05-15,4,False,,False,True,False,True,0.0,False,False,3,5,2,False,CO
2025-05-16,5,False,,False,True,False,False,1.0,False,False,3,5,2,False,CO
2025-05-17,6,True,,False,False,False,False,2.0,False,False,3,5,2,False,CO
2025-05-18,7,True,,False,False,False,False,3.0,False,False,3,5,2,False,CO
2025-05-19,1,False,,False,True,False,False,4.0,False,False,3,5,2,False,CO
2025-05-20,2,False,,False,True,False,False,5.0,False,False,3,5,2,False,CO
2025-05-21,3,False,,False,True,False,False,6.0,False,False,3,5,2,False,CO
2025-05-22,4,False,,False,True,False,False,7.0,False,False,4,5,2,False,CO
2025-05-23,5,False,,False,True,False,False,8.0,False,False,4,5,2,False,CO
2025-05-24,6,True,,False,False,False,False,9.0,False,False,4,5,2,False,CO
2025-05-25,7,True,,False,False,False,False,10.0,False,False,4,5,2,False,CO
2025-05-26,1,False,,False,True,False,False,11.0,False,False,4,5,2,False,CO
2025-05-27,2,False,,False,True,False,False,12.0,False,False,4,5,2,False,CO
2025-05-28,3,False,,False,True,False,False,13.0,False,False,4,5,2,False,CO
2025-05-29,4,False,,False,True,False,False,14.0,False,True,5,5,2,False,CO
2025-05-30,5,False,,False,True,False,True,0.0,False,True,5,5,2,False,CO
2025-05-31,6,True,,False,False,False,False,1.0,False,True,5,5,2,False,CO
2025-06-01,7,True,,False,False,True,False,2.0,True,False,1,6,2,True,CO
2025-06-02,1,False,Ascensión del señor (observado),True,False,False,False,3.0,True,False,1,6,2,True,CO
2025-06-03,2,False,,False,True,False,False,4.0,True,False,1,6,2,True,CO
2025-06-04,3,False,,False,True,False,False,5.0,False,False,1,6,2,True,CO
2025-06-05,4,False,,False,True,False,False,6.0,False,False,1,6,2,True,CO
2025-06-06,5,False,,False,True,False,False,7.0,False,False,1,6,2,True,CO
2025-06-07,6,True,,False,False,False,False,8.0,False,False,1,6,2,True,CO
2025-06-08,7,True,,False,False,False,False,9.0,False,False,2,6,2,True,CO
2025-06-09,1,False,,False,True,False,False,10.0,False,False,2,6,2,True,CO
2025-06-10,2,False,,False,True,False,False,11.0,False,False,2,6,2,True,CO
2025-06-11,3,False,,False,True,False,False,12.0,False,False,2,6,2,True,CO
2025-06-12,4,False,,False,True,False,False,13.0,False,False,2,6,2,True,CO
2025-06-13,5,False,,False,True,False,True,0.0,False,False,2,6,2,True,CO
2025-06-14,6,True,,False,False,False,False,1.0,False,False,2,6,2,True,CO
2025-06-15,7,True,,False,False,False,False,2.0,False,False,3,6,2,True,CO
2025-06-16,1,False,,False,True,False,False,3.0,False,False,3,6,2,True,CO
2025-06-17,2,False,,False,True,False,False,4.0,False,False,3,6,2,True,CO
2025-06-18,3,False,,False,True,False,False,5.0,False,False,3,6,2,True,CO
2025-06-19,4,False,,False,True,False,False,6.0,False,False,3,6,2,True,CO
2025-06-20,5,False,,False,True,False,False,7.0,False,False,3,6,2,True,CO
2025-06-21,6,True,,False,False,False,False,8.0,False,False,3,6,2,True,CO
2025-06-22,7,True,,False,False,True,False,9.0,False,False,4,6,2,True,CO
2025-06-23,1,False,Corpus Christi (observado),True,False,False,False,10.0,False,False,4,6,2,True,CO
2025-06-24,2,False,,False,True,False,False,11.0,False,False,4,6,2,True,CO
2025-06-25,3,False,,False,True,False,False,12.0,False,False,4,6,2,True,CO
2025-06-26,4,False,,False,True,False,False,13.0,False,False,4,6,2,True,CO
2025-06-27,5,False,,False,True,False,True,0.0,False,False,4,6,2,True,CO
2025-06-28,6,True,,False,False,False,False,1.0,False,True,4,6,2,True,CO
2025-06-29,7,True,,False,False,True,False,2.0,False,True,5,6,2,True,CO
2025-06-30,1,False,Sagrado Corazón (observado); San Pedro y San Pablo (observado),True,False,False,False,3.0,False,True,5,6,2,True,CO
2025-07-01,2,False,,False,True,False,False,4.0,True,False,1,7,3,False,CO
2025-07-02,3,False,,False,True,False,False,5.0,True,False,1,7,3,False,CO
2025-07-03,4,False,,False,True,False,False,6.0,True,False,1,7,3,False,CO
2025-07-04,5,False,,False,True,False,False,7.0,False,False,1,7,3,False,CO
2025-07-05,6,True,,False,False,False,False,8.0,False,False,1,7,3,False,CO
2025-07-06,7,True,,False,False,False,False,9.0,False,False,1,7,3,False,CO
2025-07-07,1,False,,False,True,False,False,10.0,False,False,1,7,3,False,CO
2025-07-08,2,False,,False,True,False,False,11.0,False,False,2,7,3,False,CO
2025-07-09,3,False,,False,True,False,False,12.0,False,False,2,7,3,False,CO
2025-07-10,4,False,,False,True,False,False,13.0,False,False,2,7,3,False,CO
2025-07-11,5,False,,False,True,False,False,14.0,False,False,2,7,3,False,CO
2025-07-12,6,True,,False,False,False,False,15.0,False,False,2,7,3,False,CO
2025-07-13,7,True,,False,False,False,False,16.0,False,False,2,7,3,False,CO
2025-07-14,1,False,,False,True,False,False,17.0,False,False,2,7,3,False,CO
2025-07-15,2,False,,False,True,False,True,0.0,False,False,3,7,3,False,CO
2025-07-16,3,False,,False,True,False,False,1.0,False,False,3,7,3,False,CO
2025-07-17,4,False,,False,True,False,False,2.0,False,False,3,7,3,False,CO
2025-07-18,5,False,,False,True,False,False,3.0,False,False,3,7,3,False,CO
2025-07-19,6,True,,False,False,False,False,4.0,False,False,3,7,3,False,CO
2025-07-20,7,True,Día de la Independencia,True,False,False,False,5.0,False,False,3,7,3,False,CO
2025-07-21,1,False,,False,True,False,False,6.0,False,False,3,7,3,False,CO
2025-07-22,2,False,,False,True,False,False,7.0,False,False,4,7,3,False,CO
2025-07-23,3,False,,False,True,False,False,8.0,False,False,4,7,3,False,CO
2025-07-24,4,False,,False,True,False,False,9.0,False,False,4,7,3,False,CO
2025-07-25,5,False,,False,True,False,False,10.0,False,False,4,7,3,False,CO
2025-07-26,6,True,,False,False,False,False,11.0,False,False,4,7,3,False,CO
2025-07-27,7,True,,False,False,False,False,12.0,False,False,4,7,3,False,CO
2025-07-28,1,False,,False,True,False,False,13.0,False,False,4,7,3,False,CO
2025-07-29,2,False,,False,True,False,False,14.0,False,True,5,7,3,False,CO
2025-07-30,3,False,,False,True,False,False,15.0,False,True,5,7,3,False,CO
2025-07-31,4,False,,False,True,False,True,0.0,False,True,5,7,3,False,CO
2025-08-01,5,False,,False,True,False,False,1.0,True,False,1,8,3,False,CO
2025-08-02,6,True,,False,False,False,False,2.0,True,False,1,8,3,False,CO
2025-08-03,7,True,,False,False,False,False,3.0,True,False,1,8,3,False,CO
2025-08-04,1,False,,False,True,False,False,4.0,False,False,1,8,3,False,CO
2025-08-05,2,False,,False,True,False,False,5.0,False,False,1,8,3,False,CO
2025-08-06,3,False,,False,True,False,False,6.0,False,False,1,8,3,False,CO
2025-08-07,4,False,Batalla de Boyacá,True,False,False,False,7.0,False,False,1,8,3,False,CO
2025-08-08,5,False,,False,True,False,False,8.0,False,False,2,8,3,False,CO
2025-08-09,6,True,,False,False,False,False,9.0,False,False,2,8,3,False,CO
2025-08-10,7,True,,False,False,False,False,10.0,False,False,2,8,3,False,CO
2025-08-11,1,False,,False,True,False,False,11.0,False,False,2,8,3,False,CO
2025-08-12,2,False,,False,True,False,False,12.0,False,False,2,8,3,False,CO
2025-08-13,3,False,,False,True,False,False,13.0,False,False,2,8,3,False,CO
2025-08-14,4,False,,False,True,False,False,14.0,False,False,2,8,3,False,CO
2025-08-15,5,False,,False,True,False,True,0.0,False,False,3,8,3,False,CO
2025-08-16,6,True,,False,False,False,False,1.0,False,False,3,8,3,False,CO
2025-08-17,7,True,,False,False,True,False,2.0,False,False,3,8,3,False,CO
2025-08-18,1,False,La Asunción (observado),True,False,False,False,3.0,False,False,3,8,3,False,CO
2025-08-19,2,False,,False,True,False,False,4.0,False,False,3,8,3,False,CO
2025-08-20,3,False,,False,True,False,False,5.0,False,False,3,8,3,False,CO
2025-08-21,4,False,,False,True,False,False,6.0,False,False,3,8,3,False,CO
2025-08-22,5,False,,False,True,False,False,7.0,False,False,4,8,3,False,CO
2025-08-23,6,True,,False,False,False,False,8.0,False,False,4,8,3,False,CO
2025-08-24,7,True,,False,False,False,False,9.0,False,False,4,8,3,False,CO
2025-08-25,1,False,,False,True,False,False,10.0,False,False,4,8,3,False,CO
2025-08-26,2,False,,False,True,False,False,11.0,False,False,4,8,3,False,CO
2025-08-27,3,False,,False,True,False,False,12.0,False,False,4,8,3,False,CO
2025-08-28,4,False,,False,True,False,False,13.0,False,False,4,8,3,False,CO
2025-08-29,5,False,,False,True,False,True,0.0,False,True,5,8,3,False,CO
2025-08-30,6,True,,False,False,False,False,1.0,False,True,5,8,3,False,CO
2025-08-31,7,True,,False,False,False,False,2.0,False,True,5,8,3,False,CO
2025-09-01,1,False,,False,True,False,False,3.0,True,False,1,9,3,False,CO
2025-09-02,2,False,,False,True,False,False,4.0,True,False,1,9,3,False,CO
2025-09-03,3,False,,False,True,False,False,5.0,True,False,1,9,3,False,CO
2025-09-04,4,False,,False,True,False,False,6.0,False,False,1,9,3,False,CO
2025-09-05,5,False,,False,True,False,False,7.0,False,False,1,9,3,False,CO
2025-09-06,6,True,,False,False,False,False,8.0,False,False,1,9,3,False,CO
2025-09-07,7,True,,False,False,False,False,9.0,False,False,1,9,3,False,CO
2025-09-08,1,False,,False,True,False,False,10.0,False,False,2,9,3,False,CO
2025-09-09,2,False,,False,True,False,False,11.0,False,False,2,9,3,False,CO
2025-09-10,3,False,,False,True,False,False,12.0,False,False,2,9,3,False,CO
2025-09-11,4,False,,False,True,False,False,13.0,False,False,2,9,3,False,CO
2025-09-12,5,False,,False,True,False,False,14.0,False,False,2,9,3,False,CO
2025-09-13,6,True,,False,False,False,False,15.0,False,False,2,9,3,False,CO
2025-09-14,7,True,,False,False,False,False,16.0,False,False,2,9,3,False,CO
2025-09-15,1,False,,False,True,False,True,0.0,False,False,3,9,3,False,CO
2025-09-16,2,False,,False,True,False,False,1.0,False,False,3,9,3,False,CO
2025-09-17,3,False,,False,True,False,False,2.0,False,False,3,9,3,False,CO
2025-09-18,4,False,,False,True,False,False,3.0,False,False,3,9,3,False,CO
2025-09-19,5,False,,False,True,False,False,4.0,False,False,3,9,3,False,CO
2025-09-20,6,True,,False,False,False,False,5.0,False,False,3,9,3,False,CO
2025-09-21,7,True,,False,False,False,False,6.0,False,False,3,9,3,False,CO
2025-09-22,1,False,,False,True,False,False,7.0,False,False,4,9,3,False,CO
2025-09-23,2,False,,False,True,False,False,8.0,False,False,4,9,3,False,CO
2025-09-24,3,False,,False,True,False,False,9.0,False,False,4,9,3,False,CO
2025-09-25,4,False,,False,True,False,False,10.0,False,False,4,9,3,False,CO
2025-09-26,5,False,,False,True,False,False,11.0,False,False,4,9,3,False,CO
2025-09-27,6,True,,False,False,False,False,12.0,False,False,4,9,3,False,CO
2025-09-28,7,True,,False,False,False,False,13.0,False,True,4,9,3,False,CO
2025-09-29,1,False,,False,True,False,False,14.0,False,True,5,9,3,False,CO
2025-09-30,2,False,,False,True,False,True,0.0,False,True,5,9,3,False,CO
2025-10-01,3,False,,False,True,False,False,1.0,True,False,1,10,4,False,CO
2025-10-02,4,False,,False,True,False,False,2.0,True,False,1,10,4,False,CO
2025-10-03,5,False,,False,True,False,False,3.0,True,False,1,10,4,False,CO
2025-10-04,6,True,,False,False,False,False,4.0,False,False,1,10,4,False,CO
2025-10-05,7,True,,False,False,False,False,5.0,False,False,1,10,4,False,CO
2025-10-06,1,False,,False,True,False,False,6.0,False,False,1,10,4,False,CO
2025-10-07,2,False,,False,True,False,False,7.0,False,False,1,10,4,False,CO
2025-10-08,3,False,,False,True,False,False,8.0,False,False,2,10,4,False,CO
2025-10-09,4,False,,False,True,False,False,9.0,False,False,2,10,4,False,CO
2025-10-10,5,False,,False,True,False,False,10.0,False,False,2,10,4,False,CO
2025-10-11,6,True,,False,False,False,False,11.0,False,False,2,10,4,False,CO
2025-10-12,7,True,,False,False,True,False,12.0,False,False,2,10,4,False,CO
2025-10-13,1,False,Día de la Raza (observado),True,False,False,False,13.0,False,False,2,10,4,False,CO
2025-10-14,2,False,,False,True,False,False,14.0,False,False,2,10,4,False,CO
2025-10-15,3,False,,False,True,False,True,0.0,False,False,3,10,4,False,CO
2025-10-16,4,False,,False,True,False,False,1.0,False,False,3,10,4,False,CO
2025-10-17,5,False,,False,True,False,False,2.0,False,False,3,10,4,False,CO
2025-10-18,6,True,,False,False,False,False,3.0,False,False,3,10,4,False,CO
2025-10-19,7,True,,False,False,False,False,4.0,False,False,3,10,4,False,CO
2025-10-20,1,False,,False,True,False,False,5.0,False,False,3,10,4,False,CO
2025-10-21,2,False,,False,True,False,False,6.0,False,False,3,10,4,False,CO
2025-10-22,3,False,,False,True,False,False,7.0,False,False,4,10,4,False,CO
2025-10-23,4,False,,False,True,False,False,8.0,False,False,4,10,4,False,CO
2025-10-24,5,False,,False,True,False,False,9.0,False,False,4,10,4,False,CO
2025-10-25,6,True,,False,False,False,False,10.0,False,False,4,10,4,False,CO
2025-10-26,7,True,,False,False,False,False,11.0,False,False,4,10,4,False,CO
2025-10-27,1,False,,False,True,False,False,12.0,False,False,4,10,4,False,CO
2025-10-28,2,False,,False,True,False,False,13.0,False,False,4,10,4,False,CO
2025-10-29,3,False,,False,True,False,False,14.0,False,True,5,10,4,False,CO
2025-10-30,4,False,,False,True,False,False,15.0,False,True,5,10,4,False,CO
2025-10-31,5,False,,False,True,False,True,0.0,False,True,5,10,4,False,CO
2025-11-01,6,True,,False,False,False,False,1.0,True,False,1,11,4,False,CO
2025-11-02,7,True,,False,False,True,False,2.0,True,False,1,11,4,False,CO
2025-11-03,1,False,Día de Todos los Santos (observado),True,False,False,False,3.0,True,False,1,11,4,False,CO
2025-11-04,2,False,,False,True,False,False,4.0,False,False,1,11,4,False,CO
2025-11-05,3,False,,False,True,False,False,5.0,False,False,1,11,4,False,CO
2025-11-06,4,False,,False,True,False,False,6.0,False,False,1,11,4,False,CO
2025-11-07,5,False,,False,True,False,False,7.0,False,False,1,11,4,False,CO
2025-11-08,6,True,,False,False,False,False,8.0,False,False,2,11,4,False,CO
2025-11-09,7,True,,False,False,False,False,9.0,False,False,2,11,4,False,CO
2025-11-10,1,False,,False,True,False,False,10.0,False,False,2,11,4,False,CO
2025-11-11,2,False,,False,True,False,False,11.0,False,False,2,11,4,False,CO
2025-11-12,3,False,,False,True,False,False,12.0,False,False,2,11,4,False,CO
2025-11-13,4,False,,False,True,False,False,13.0,False,False,2,11,4,False,CO
2025-11-14,5,False,,False,True,False,True,0.0,False,False,2,11,4,False,CO
2025-11-15,6,True,,False,False,False,False,1.0,False,False,3,11,4,False,CO
2025-11-16,7,True,,False,False,True,False,2.0,False,False,3,11,4,False,CO
2025-11-17,1,False,Independencia de Cartagena (observado),True,False,False,False,3.0,False,False,3,11,4,False,CO
2025-11-18,2,False,,False,True,False,False,4.0,False,False,3,11,4,False,CO
2025-11-19,3,False,,False,True,False,False,5.0,False,False,3,11,4,False,CO
2025-11-20,4,False,,False,True,False,False,6.0,False,False,3,11,4,False,CO
2025-11-21,5,False,,False,True,False,False,7.0,False,False,3,11,4,False,CO
2025-11-22,6,True,,False,False,False,False,8.0,False,False,4,11,4,False,CO
2025-11-23,7,True,,False,False,False,False,9.0,False,False,4,11,4,False,CO
2025-11-24,1,False,,False,True,False,False,10.0,False,False,4,11,4,False,CO
2025-11-25,2,False,,False,True,False,False,11.0,False,False,4,11,4,False,CO
2025-11-26,3,False,,False,True,False,False,12.0,False,False,4,11,4,False,CO
2025-11-27,4,False,,False,True,False,False,13.0,False,False,4,11,4,False,CO
2025-11-28,5,False,,False,True,False,True,0.0,False,True,4,11,4,False,CO
2025-11-29,6,True,,False,False,False,False,1.0,False,True,5,11,4,False,CO
2025-11-30,7,True,,False,False,False,False,2.0,False,True,5,11,4,False,CO
2025-12-01,1,False,,False,True,False,False,3.0,True,False,1,12,4,True,CO
2025-12-02,2,False,,False,True,False,False,4.0,True,False,1,12,4,True,CO
2025-12-03,3,False,,False,True,False,False,5.0,True,False,1,12,4,True,CO
2025-12-04,4,False,,False,True,False,False,6.0,False,False,1,12,4,True,CO
2025-12-05,5,False,,False,True,False,False,7.0,False,False,1,12,4,True,CO
2025-12-06,6,True,,False,False,False,False,8.0,False,False,1,12,4,True,CO
2025-12-07,7,True,,False,False,True,False,9.0,False,False,1,12,4,True,CO
2025-12-08,1,False,La Inmaculada Concepción,True,False,False,False,10.0,False,False,2,12,4,True,CO
2025-12-09,2,False,,False,True,False,False,11.0,False,False,2,12,4,True,CO
2025-12-10,3,False,,False,True,False,False,12.0,False,False,2,12,4,True,CO
2025-12-11,4,False,,False,True,False,False,13.0,False,False,2,12,4,True,CO
2025-12-12,5,False,,False,True,False,False,14.0,False,False,2,12,4,True,CO
2025-12-13,6,True,,False,False,False,False,15.0,False,False,2,12,4,True,CO
2025-12-14,7,True,,False,False,False,False,16.0,False,False,2,12,4,True,CO
2025-12-15,1,False,,False,True,False,True,0.0,False,False,3,12,4,True,CO
2025-12-16,2,False,,False,True,False,False,1.0,False,False,3,12,4,True,CO
2025-12-17,3,False,,False,True,False,False,2.0,False,False,3,12,4,True,CO
2025-12-18,4,False,,False,True,False,False,3.0,False,False,3,12,4,True,CO
2025-12-19,5,False,,False,True,False,False,4.0,False,False,3,12,4,True,CO
2025-12-20,6,True,,False,False,False,False,5.0,False,False,3,12,4,True,CO
2025-12-21,7,True,,False,False,False,False,6.0,False,False,3,12,4,True,CO
2025-12-22,1,False,,False,True,False,False,7.0,False,False,4,12,4,True,CO
2025-12-23,2,False,,False,True,False,False,8.0,False,False,4,12,4,True,CO
2025-12-24,3,False,,False,True,False,False,9.0,False,False,4,12,4,True,CO
2025-12-25,4,False,Navidad,True,False,False,False,10.0,False,False,4,12,4,True,CO
2025-12-26,5,False,,False,True,False,False,11.0,False,False,4,12,4,True,CO
2025-12-27,6,True,,False,False,False,False,12.0,False,False,4,12,4,True,CO
2025-12-28,7,True,,False,False,False,False,13.0,False,False,4,12,4,True,CO
2025-12-29,1,False,,False,True,False,False,14.0,False,True,5,12,4,True,CO
2025-12-30,2,False,,False,True,False,False,15.0,False,True,5,12,4,True,CO
2025-12-31,3,False,,False,True,False,True,0.0,False,True,5,12,4,True,CO
2026-01-01,4,False,Año Nuevo,True,False,False,False,1.0,True,False,1,1,1,False,CO
2026-01-02,5,False,,False,True,False,False,2.0,True,False,1,1,1,False,CO
2026-01-03,6,True,,False,False,False,False,3.0,True,False,1,1,1,False,CO
2026-01-04,7,True,,False,False,False,False,4.0,False,False,1,1,1,False,CO
2026-01-05,1,False,,False,True,False,False,5.0,False,False,1,1,1,False,CO
2026-01-06,2,False,,False,True,False,False,6.0,False,False,1,1,1,False,CO
2026-01-07,3,False,,False,True,False,False,7.0,False,False,1,1,1,False,CO
2026-01-08,4,False,,False,True,False,False,8.0,False,False,2,1,1,False,CO
2026-01-09,5,False,,False,True,False,False,9.0,False,False,2,1,1,False,CO
2026-01-10,6,True,,False,False,False,False,10.0,False,False,2,1,1,False,CO
2026-01-11,7,True,,False,False,True,False,11.0,False,False,2,1,1,False,CO
2026-01-12,1,False,Día de los Reyes Magos (observado),True,False,False,False,12.0,False,False,2,1,1,False,CO
2026-01-13,2,False,,False,True,False,False,13.0,False,False,2,1,1,False,CO
2026-01-14,3,False,,False,True,False,False,14.0,False,False,2,1,1,False,CO
2026-01-15,4,False,,False,True,False,True,0.0,False,False,3,1,1,False,CO
2026-01-16,5,False,,False,True,False,False,1.0,False,False,3,1,1,False,CO
2026-01-17,6,True,,False,False,False,False,2.0,False,False,3,1,1,False,CO
2026-01-18,7,True,,False,False,False,False,3.0,False,False,3,1,1,False,CO
2026-01-19,1,False,,False,True,False,False,4.0,False,False,3,1,1,False,CO
2026-01-20,2,False,,False,True,False,False,5.0,False,False,3,1,1,False,CO
2026-01-21,3,False,,False,True,False,False,6.0,False,False,3,1,1,False,CO
2026-01-22,4,False,,False,True,False,False,7.0,False,False,4,1,1,False,CO
2026-01-23,5,False,,False,True,False,False,8.0,False,False,4,1,1,False,CO
2026-01-24,6,True,,False,False,False,False,9.0,False,False,4,1,1,False,CO
2026-01-25,7,True,,False,False,False,False,10.0,False,False,4,1,1,False,CO
2026-01-26,1,False,,False,True,False,False,11.0,False,False,4,1,1,False,CO
2026-01-27,2,False,,False,True,False,False,12.0,False,False,4,1,1,False,CO
2026-01-28,3,False,,False,True,False,False,13.0,False,False,4,1,1,False,CO
2026-01-29,4,False,,False,True,False,False,14.0,False,True,5,1,1,False,CO
2026-01-30,5,False,,False,True,False,True,0.0,False,True,5,1,1,False,CO
2026-01-31,6,True,,False,False,False,False,1.0,False,True,5,1,1,False,CO
2026-02-01,7,True,,False,False,False,False,2.0,True,False,1,2,1,False,CO
2026-02-02,1,False,,False,True,False,False,3.0,True,False,1,2,1,False,CO
2026-02-03,2,False,,False,True,False,False,4.0,True,False,1,2,1,False,CO
2026-02-04,3,False,,False,True,False,False,5.0,False,False,1,2,1,False,CO
2026-02-05,4,False,,False,True,False,False,6.0,False,False,1,2,1,False,CO
2026-02-06,5,False,,False,True,False,False,7.0,False,False,1,2,1,False,CO
2026-02-07,6,True,,False,False,False,False,8.0,False,False,1,2,1,False,CO
2026-02-08,7,True,,False,False,False,False,9.0,False,False,2,2,1,False,CO
2026-02-09,1,False,,False,True,False,False,10.0,False,False,2,2,1,False,CO
2026-02-10,2,False,,False,True,False,False,11.0,False,False,2,2,1,False,CO
2026-02-11,3,False,,False,True,False,False,12.0,False,False,2,2,1,False,CO
2026-02-12,4,False,,False,True,False,False,13.0,False,False,2,2,1,False,CO
2026-02-13,5,False,,False,True,False,True,0.0,False,False,2,2,1,False,CO
2026-02-14,6,True,,False,False,False,False,1.0,False,False,2,2,1,False,CO
2026-02-15,7,True,,False,False,False,False,2.0,False,False,3,2,1,False,CO
2026-02-16,1,False,,False,True,False,False,3.0,False,False,3,2,1,False,CO
2026-02-17,2,False,,False,True,False,False,4.0,False,False,3,2,1,False,CO
2026-02-18,3,False,,False,True,False,False,5.0,False,False,3,2,1,False,CO
2026-02-19,4,False,,False,True,False,False,6.0,False,False,3,2,1,False,CO
2026-02-20,5,False,,False,True,False,False,7.0,False,False,3,2,1,False,CO
2026-02-21,6,True,,False,False,False,False,8.0,False,False,3,2,1,False,CO
2026-02-22,7,True,,False,False,False,False,9.0,False,False,4,2,1,False,CO
2026-02-23,1,False,,False,True,False,False,10.0,False,False,4,2,1,False,CO
2026-02-24,2,False,,False,True,False,False,11.0,False,False,4,2,1,False,CO
2026-02-25,3,False,,False,True,False,False,12.0,False,False,4,2,1,False,CO
2026-02-26,4,False,,False,True,False,False,13.0,False,True,4,2,1,False,CO
2026-02-27,5,False,,False,True,False,True,0.0,False,True,4,2,1,False,CO
2026-02-28,6,True,,False,False,False,False,1.0,False,True,4,2,1,False,CO
2026-03-01,7,True,,False,False,False,False,2.0,True,False,1,3,1,False,CO
2026-03-02,1,False,,False,True,False,False,3.0,True,False,1,3,1,False,CO
2026-03-03,2,False,,False,True,False,False,4.0,True,False,1,3,1,False,CO
2026-03-04,3,False,,False,True,False,False,5.0,False,False,1,3,1,False,CO
2026-03-05,4,False,,False,True,False,False,6.0,False,False,1,3,1,False,CO
2026-03-06,5,False,,False,True,False,False,7.0,False,False,1,3,1,False,CO
2026-03-07,6,True,,False,False,False,False,8.0,False,False,1,3,1,False,CO
2026-03-08,7,True,,False,False,False,False,9.0,False,False,2,3,1,False,CO
2026-03-09,1,False,,False,True,False,False,10.0,False,False,2,3,1,False,CO
2026-03-10,2,False,,False,True,False,False,11.0,False,False,2,3,1,False,CO
2026-03-11,3,False,,False,True,False,False,12.0,False,False,2,3,1,False,CO
2026-03-12,4,False,,False,True,False,False,13.0,False,False,2,3,1,False,CO
2026-03-13,5,False,,False,True,False,True,0.0,False,False,2,3,1,False,CO
2026-03-14,6,True,,False,False,False,False,1.0,False,False,2,3,1,False,CO
2026-03-15,7,True,,False,False,False,False,2.0,False,False,3,3,1,False,CO
2026-03-16,1,False,,False,True,False,False,3.0,False,False,3,3,1,False,CO
2026-03-17,2,False,,False,True,False,False,4.0,False,False,3,3,1,False,CO
2026-03-18,3,False,,False,True,False,False,5.0,False,False,3,3,1,False,CO
2026-03-19,4,False,,False,True,False,False,6.0,False,False,3,3,1,False,CO
2026-03-20,5,False,,False,True,False,False,7.0,False,False,3,3,1,False,CO
2026-03-21,6,True,,False,False,False,False,8.0,False,False,3,3,1,False,CO
2026-03-22,7,True,,False,False,True,False,9.0,False,False,4,3,1,False,CO
2026-03-23,1,False,Día de San José (observado),True,False,False,False,10.0,False,False,4,3,1,False,CO
2026-03-24,2,False,,False,True,False,False,11.0,False,False,4,3,1,False,CO
2026-03-25,3,False,,False,True,False,False,12.0,False,False,4,3,1,False,CO
2026-03-26,4,False,,False,True,False,False,13.0,False,False,4,3,1,False,CO
2026-03-27,5,False,,False,True,False,False,14.0,False,False,4,3,1,False,CO
2026-03-28,6,True,,False,False,False,False,15.0,False,False,4,3,1,False,CO
2026-03-29,7,True,,False,False,False,False,16.0,False,True,5,3,1,False,CO
2026-03-30,1,False,,False,True,False,False,17.0,False,True,5,3,1,False,CO
2026-03-31,2,False,,False,True,False,True,0.0,False,True,5,3,1,False,CO
2026-04-01,3,False,,False,True,False,False,1.0,True,False,1,4,2,False,CO
2026-04-02,4,False,Jueves Santo,True,False,False,False,2.0,True,False,1,4,2,False,CO
2026-04-03,5,False,Viernes Santo,True,False,True,False,3.0,True,False,1,4,2,False,CO
2026-04-04,6,True,,False,False,True,False,4.0,False,False,1,4,2,False,CO
2026-04-05,7,True,,False,False,False,False,5.0,False,False,1,4,2,False,CO
2026-04-06,1,False,,False,True,False,False,6.0,False,False,1,4,2,False,CO
2026-04-07,2,False,,False,True,False,False,7.0,False,False,1,4,2,False,CO
2026-04-08,3,False,,False,True,False,False,8.0,False,False,2,4,2,False,CO
2026-04-09,4,False,,False,True,False,False,9.0,False,False,2,4,2,False,CO
2026-04-10,5,False,,False,True,False,False,10.0,False,False,2,4,2,False,CO
2026-04-11,6,True,,False,False,False,False,11.0,False,False,2,4,2,False,CO
2026-04-12,7,True,,False,False,False,False,12.0,False,False,2,4,2,False,CO
2026-04-13,1,False,,False,True,False,False,13.0,False,False,2,4,2,False,CO
2026-04-14,2,False,,False,True,False,False,14.0,False,False,2,4,2,False,CO
2026-04-15,3,False,,False,True,False,True,0.0,False,False,3,4,2,False,CO
2026-04-16,4,False,,False,True,False,False,1.0,False,False,3,4,2,False,CO
2026-04-17,5,False,,False,True,False,False,2.0,False,False,3,4,2,False,CO
2026-04-18,6,True,,False,False,False,False,3.0,False,False,3,4,2,False,CO
2026-04-19,7,True,,False,False,False,False,4.0,False,False,3,4,2,False,CO
2026-04-20,1,False,,False,True,False,False,5.0,False,False,3,4,2,False,CO
2026-04-21,2,False,,False,True,False,False,6.0,False,False,3,4,2,False,CO
2026-04-22,3,False,,False,True,False,False,7.0,False,False,4,4,2,False,CO
2026-04-23,4,False,,False,True,False,False,8.0,False,False,4,4,2,False,CO
2026-04-24,5,False,,False,True,False,False,9.0,False,False,4,4,2,False,CO
2026-04-25,6,True,,False,False,False,False,10.0,False,False,4,4,2,False,CO
2026-04-26,7,True,,False,False,False,False,11.0,False,False,4,4,2,False,CO
2026-04-27,1,False,,False,True,False,False,12.0,False,False,4,4,2,False,CO
2026-04-28,2,False,,False,True,False,False,13.0,False,True,4,4,2,False,CO
2026-04-29,3,False,,False,True,False,False,14.0,False,True,5,4,2,False,CO
2026-04-30,4,False,,False,True,False,True,0.0,False,True,5,4,2,False,CO
2026-05-01,5,False,Día del Trabajo,True,False,False,False,1.0,True,False,1,5,2,False,CO
2026-05-02,6,True,,False,False,True,False,2.0,True,False,1,5,2,False,CO
2026-05-03,7,True,,False,False,False,False,3.0,True,False,1,5,2,False,CO
2026-05-04,1,False,,False,True,False,False,4.0,False,False,1,5,2,False,CO
2026-05-05,2,False,,False,True,False,False,5.0,False,False,1,5,2,False,CO
2026-05-06,3,False,,False,True,False,False,6.0,False,False,1,5,2,False,CO
2026-05-07,4,False,,False,True,False,False,7.0,False,False,1,5,2,False,CO
2026-05-08,5,False,,False,True,False,False,8.0,False,False,2,5,2,False,CO
2026-05-09,6,True,,False,False,False,False,9.0,False,False,2,5,2,False,CO
2026-05-10,7,True,,False,False,False,False,10.0,False,False,2,5,2,False,CO
2026-05-11,1,False,,False,True,False,False,11.0,False,False,2,5,2,False,CO
2026-05-12,2,False,,False,True,False,False,12.0,False,False,2,5,2,False,CO
2026-05-13,3,False,,False,True,False,False,13.0,False,False,2,5,2,False,CO
2026-05-14,4,False,,False,True,False,False,14.0,False,False,2,5,2,False,CO
2026-05-15,5,False,,False,True,False,True,0.0,False,False,3,5,2,False,CO
2026-05-16,6,True,,False,False,False,False,1.0,False,False,3,5,2,False,CO
2026-05-17,7,True,,False,False,True,False,2.0,False,False,3,5,2,False,CO
2026-05-18,1,False,Ascensión del señor (observado),True,False,False,False,3.0,False,False,3,5,2,False,CO
2026-05-19,2,False,,False,True,False,False,4.0,False,False,3,5,2,False,CO
2026-05-20,3,False,,False,True,False,False,5.0,False,False,3,5,2,False,CO
2026-05-21,4,False,,False,True,False,False,6.0,False,False,3,5,2,False,CO
2026-05-22,5,False,,False,True,False,False,7.0,False,False,4,5,2,False,CO
2026-05-23,6,True,,False,False,False,False,8.0,False,False,4,5,2,False,CO
2026-05-24,7,True,,False,False,False,False,9.0,False,False,4,5,2,False,CO
2026-05-25,1,False,,False,True,False,False,10.0,False,False,4,5,2,False,CO
2026-05-26,2,False,,False,True,False,False,11.0,False,False,4,5,2,False,CO
2026-05-27,3,False,,False,True,False,False,12.0,False,False,4,5,2,False,CO
2026-05-28,4,False,,False,True,False,False,13.0,False,False,4,5,2,False,CO
2026-05-29,5,False,,False,True,False,True,0.0,False,True,5,5,2,False,CO
2026-05-30,6,True,,False,False,False,False,1.0,False,True,5,5,2,False,CO
2026-05-31,7,True,,False,False,False,False,2.0,False,True,5,5,2,False,CO
2026-06-01,1,False,,False,True,False,False,3.0,True,False,1,6,2,True,CO
2026-06-02,2,False,,False,True,False,False,4.0,True,False,1,6,2,True,CO
2026-06-03,3,False,,False,True,False,False,5.0,True,False,1,6,2,True,CO
2026-06-04,4,False,,False,True,False,False,6.0,False,False,1,6,2,True,CO
2026-06-05,5,False,,False,True,False,False,7.0,False,False,1,6,2,True,CO
2026-06-06,6,True,,False,False,False,False,8.0,False,False,1,6,2,True,CO
2026-06-07,7,True,,False,False,True,False,9.0,False,False,1,6,2,True,CO
2026-06-08,1,False,Corpus Christi (observado),True,False,False,False,10.0,False,False,2,6,2,True,CO
2026-06-09,2,False,,False,True,False,False,11.0,False,False,2,6,2,True,CO
2026-06-10,3,False,,False,True,False,False,12.0,False,False,2,6,2,True,CO
2026-06-11,4,False,,False,True,False,False,13.0,False,False,2,6,2,True,CO
2026-06-12,5,False,,False,True,False,True,0.0,False,False,2,6,2,True,CO
2026-06-13,6,True,,False,False,False,False,1.0,False,False,2,6,2,True,CO
2026-06-14,7,True,,False,False,True,False,2.0,False,False,2,6,2,True,CO
2026-06-15,1,False,Sagrado Corazón (observado),True,False,False,False,3.0,False,False,3,6,2,True,CO
2026-06-16,2,False,,False,True,False,False,4.0,False,False,3,6,2,True,CO
2026-06-17,3,False,,False,True,False,False,5.0,False,False,3,6,2,True,CO
2026-06-18,4,False,,False,True,False,False,6.0,False,False,3,6,2,True,CO
2026-06-19,5,False,,False,True,False,False,7.0,False,False,3,6,2,True,CO
2026-06-20,6,True,,False,False,False,False,8.0,False,False,3,6,2,True,CO
2026-06-21,7,True,,False,False,False,False,9.0,False,False,3,6,2,True,CO
2026-06-22,1,False,,False,True,False,False,10.0,False,False,4,6,2,True,CO
2026-06-23,2,False,,False,True,False,False,11.0,False,False,4,6,2,True,CO
2026-06-24,3,False,,False,True,False,False,12.0,False,False,4,6,2,True,CO
2026-06-25,4,False,,False,True,False,False,13.0,False,False,4,6,2,True,CO
2026-06-26,5,False,,False,True,False,False,14.0,False,False,4,6,2,True,CO
2026-06-27,6,True,,False,False,False,False,15.0,False,False,4,6,2,True,CO
2026-06-28,7,True,,False,False,True,False,16.0,False,True,4,6,2,True,CO
2026-06-29,1,False,San Pedro y San Pablo,True,False,False,False,17.0,False,True,5,6,2,True,CO
2026-06-30,2,False,,False,True,False,True,0.0,False,True,5,6,2,True,CO
2023-06-01,4,False,,False,True,False,True,0.0,True,False,1,6,2,True,AR
2023-06-02,5,False,,False,True,False,False,1.0,True,False,1,6,2,True,AR
2023-06-03,6,True,,False,False,False,False,2.0,True,False,1,6,2,True,AR
2023-06-04,7,True,,False,False,False,False,3.0,False,False,1,6,2,True,AR
2023-06-05,1,False,,False,True,False,False,4.0,False,False,1,6,2,True,AR
2023-06-06,2,False,,False,True,False,False,5.0,False,False,1,6,2,True,AR
2023-06-07,3,False,,False,True,False,False,6.0,False,False,1,6,2,True,AR
2023-06-08,4,False,,False,True,False,False,7.0,False,False,2,6,2,True,AR
2023-06-09,5,False,,False,True,False,False,8.0,False,False,2,6,2,True,AR
2023-06-10,6,True,,False,False,False,False,9.0,False,False,2,6,2,True,AR
2023-06-11,7,True,,False,False,False,False,10.0,False,False,2,6,2,True,AR
2023-06-12,1,False,,False,True,False,False,11.0,False,False,2,6,2,True,AR
2023-06-13,2,False,,False,True,False,False,12.0,False,False,2,6,2,True,AR
2023-06-14,3,False,,False,True,False,False,13.0,False,False,2,6,2,True,AR
2023-06-15,4,False,,False,True,False,False,14.0,False,False,3,6,2,True,AR
2023-06-16,5,False,,False,True,False,False,15.0,False,False,3,6,2,True,AR
2023-06-17,6,True,Paso a la Inmortalidad del General Don Martín Miguel de Güemes,True,False,False,False,16.0,False,False,3,6,2,True,AR
2023-06-18,7,True,,False,False,True,False,17.0,False,False,3,6,2,True,AR
2023-06-19,1,False,Feriado con fines turísticos,True,False,True,False,18.0,False,False,3,6,2,True,AR
2023-06-20,2,False,Paso a la Inmortalidad del General Don Manuel Belgrano,True,False,False,False,19.0,False,False,3,6,2,True,AR
2023-06-21,3,False,,False,True,False,False,20.0,False,False,3,6,2,True,AR
2023-06-22,4,False,,False,True,False,False,21.0,False,False,4,6,2,True,AR
2023-06-23,5,False,,False,True,False,False,22.0,False,False,4,6,2,True,AR
2023-06-24,6,True,,False,False,False,False,23.0,False,False,4,6,2,True,AR
2023-06-25,7,True,,False,False,False,False,24.0,False,False,4,6,2,True,AR
2023-06-26,1,False,,False,True,False,False,25.0,False,False,4,6,2,True,AR
2023-06-27,2,False,,False,True,False,False,26.0,False,False,4,6,2,True,AR
2023-06-28,3,False,,False,True,False,False,27.0,False,True,4,6,2,True,AR
2023-06-29,4,False,,False,True,False,False,28.0,False,True,5,6,2,True,AR
2023-06-30,5,False,,False,True,False,False,29.0,False,True,5,6,2,True,AR
2023-07-01,6,True,,False,False,False,False,30.0,True,False,1,7,3,False,AR
2023-07-02,7,True,,False,False,False,False,31.0,True,False,1,7,3,False,AR
2023-07-03,1,False,,False,True,False,True,0.0,True,False,1,7,3,False,AR
2023-07-04,2,False,,False,True,False,False,1.0,False,False,1,7,3,False,AR
2023-07-05,3,False,,False,True,False,False,2.0,False,False,1,7,3,False,AR
2023-07-06,4,False,,False,True,False,False,3.0,False,False,1,7,3,False,AR
2023-07-07,5,False,,False,True,False,False,4.0,False,False,1,7,3,False,AR
2023-07-08,6,True,,False,False,False,False,5.0,False,False,2,7,3,False,AR
2023-07-09,7,True,Día de la Independencia,True,False,False,False,6.0,False,False,2,7,3,False,AR
2023-07-10,1,False,,False,True,False,False,7.0,False,False,2,7,3,False,AR
2023-07-11,2,False,,False,True,False,False,8.0,False,False,2,7,3,False,AR
2023-07-12,3,False,,False,True,False,False,9.0,False,False,2,7,3,False,AR
2023-07-13,4,False,,False,True,False,False,10.0,False,False,2,7,3,False,AR
2023-07-14,5,False,,False,True,False,False,11.0,False,False,2,7,3,False,AR
2023-07-15,6,True,,False,False,False,False,12.0,False,False,3,7,3,False,AR
2023-07-16,7,True,,False,False,False,False,13.0,False,False,3,7,3,False,AR
2023-07-17,1,False,,False,True,False,False,14.0,False,False,3,7,3,False,AR
2023-07-18,2,False,,False,True,False,False,15.0,False,False,3,7,3,False,AR
2023-07-19,3,False,,False,True,False,False,16.0,False,False,3,7,3,False,AR
2023-07-20,4,False,,False,True,False,False,17.0,False,False,3,7,3,False,AR
2023-07-21,5,False,,False,True,False,False,18.0,False,False,3,7,3,False,AR
2023-07-22,6,True,,False,False,False,False,19.0,False,False,4,7,3,False,AR
2023-07-23,7,True,,False,False,False,False,20.0,False,False,4,7,3,False,AR
2023-07-24,1,False,,False,True,False,False,21.0,False,False,4,7,3,False,AR
2023-07-25,2,False,,False,True,False,False,22.0,False,False,4,7,3,False,AR
2023-07-26,3,False,,False,True,False,False,23.0,False,False,4,7,3,False,AR
2023-07-27,4,False,,False,True,False,False,24.0,False,False,4,7,3,False,AR
2023-07-28,5,False,,False,True,False,False,25.0,False,False,4,7,3,False,AR
2023-07-29,6,True,,False,False,False,False,26.0,False,True,5,7,3,False,AR
2023-07-30,7,True,,False,False,False,False,27.0,False,True,5,7,3,False,AR
2023-07-31,1,False,,False,True,False,False,28.0,False,True,5,7,3,False,AR
2023-08-01,2,False,,False,True,False,True,0.0,True,False,1,8,3,False,AR
2023-08-02,3,False,,False,True,False,False,1.0,True,False,1,8,3,False,AR
2023-08-03,4,False,,False,True,False,False,2.0,True,False,1,8,3,False,AR
2023-08-04,5,False,,False,True,False,False,3.0,False,False,1,8,3,False,AR
2023-08-05,6,True,,False,False,False,False,4.0,False,False,1,8,3,False,AR
2023-08-06,7,True,,False,False,False,False,5.0,False,False,1,8,3,False,AR
2023-08-07,1,False,,False,True,False,False,6.0,False,False,1,8,3,False,AR
2023-08-08,2,False,,False,True,False,False,7.0,False,False,2,8,3,False,AR
2023-08-09,3,False,,False,True,False,False,8.0,False,False,2,8,3,False,AR
2023-08-10,4,False,,False,True,False,False,9.0,False,False,2,8,3,False,AR
2023-08-11,5,False,,False,True,False,False,10.0,False,False,2,8,3,False,AR
2023-08-12,6,True,,False,False,False,False,11.0,False,False,2,8,3,False,AR
2023-08-13,7,True,,False,False,False,False,12.0,False,False,2,8,3,False,AR
2023-08-14,1,False,,False,True,False,False,13.0,False,False,2,8,3,False,AR
2023-08-15,2,False,,False,True,False,False,14.0,False,False,3,8,3,False,AR
2023-08-16,3,False,,False,True,False,False,15.0,False,False,3,8,3,False,AR
2023-08-17,4,False,,False,True,False,False,16.0,False,False,3,8,3,False,AR
2023-08-18,5,False,,False,True,False,False,17.0,False,False,3,8,3,False,AR
2023-08-19,6,True,,False,False,False,False,18.0,False,False,3,8,3,False,AR
2023-08-20,7,True,,False,False,True,False,19.0,False,False,3,8,3,False,AR
2023-08-21,1,False,Paso a la Inmortalidad del General Don José de San Martín,True,False,False,False,20.0,False,False,3,8,3,False,AR
2023-08-22,2,False,,False,True,False,False,21.0,False,False,4,8,3,False,AR
2023-08-23,3,False,,False,True,False,False,22.0,False,False,4,8,3,False,AR
2023-08-24,4,False,,False,True,False,False,23.0,False,False,4,8,3,False,AR
2023-08-25,5,False,,False,True,False,False,24.0,False,False,4,8,3,False,AR
2023-08-26,6,True,,False,False,False,False,25.0,False,False,4,8,3,False,AR
2023-08-27,7,True,,False,False,False,False,26.0,False,False,4,8,3,False,AR
2023-08-28,1,False,,False,True,False,False,27.0,False,False,4,8,3,False,AR
2023-08-29,2,False,,False,True,False,False,28.0,False,True,5,8,3,False,AR
2023-08-30,3,False,,False,True,False,False,29.0,False,True,5,8,3,False,AR
2023-08-31,4,False,,False,True,False,False,30.0,False,True,5,8,3,False,AR
2023-09-01,5,False,,False,True,False,True,0.0,True,False,1,9,3,False,AR
2023-09-02,6,True,,False,False,False,False,1.0,True,False,1,9,3,False,AR
2023-09-03,7,True,,False,False,False,False,2.0,True,False,1,9,3,False,AR
2023-09-04,1,False,,False,True,False,False,3.0,False,False,1,9,3,False,AR
2023-09-05,2,False,,False,True,False,False,4.0,False,False,1,9,3,False,AR
2023-09-06,3,False,,False,True,False,False,5.0,False,False,1,9,3,False,AR
2023-09-07,4,False,,False,True,False,False,6.0,False,False,1,9,3,False,AR
2023-09-08,5,False,,False,True,False,False,7.0,False,False,2,9,3,False,AR
2023-09-09,6,True,,False,False,False,False,8.0,False,False,2,9,3,False,AR
2023-09-10,7,True,,False,False,False,False,9.0,False,False,2,9,3,False,AR
2023-09-11,1,False,,False,True,False,False,10.0,False,False,2,9,3,False,AR
2023-09-12,2,False,,False,True,False,False,11.0,False,False,2,9,3,False,AR
2023-09-13,3,False,,False,True,False,False,12.0,False,False,2,9,3,False,AR
2023-09-14,4,False,,False,True,False,False,13.0,False,False,2,9,3,False,AR
2023-09-15,5,False,,False,True,False,False,14.0,False,False,3,9,3,False,AR
2023-09-16,6,True,,False,False,False,False,15.0,False,False,3,9,3,False,AR
2023-09-17,7,True,,False,False,False,False,16.0,False,False,3,9,3,False,AR
2023-09-18,1,False,,False,True,False,False,17.0,False,False,3,9,3,False,AR
2023-09-19,2,False,,False,True,False,False,18.0,False,False,3,9,3,False,AR
2023-09-20,3,False,,False,True,False,False,19.0,False,False,3,9,3,False,AR
2023-09-21,4,False,,False,True,False,False,20.0,False,False,3,9,3,False,AR
2023-09-22,5,False,,False,True,False,False,21.0,False,False,4,9,3,False,AR
2023-09-23,6,True,,False,False,False,False,22.0,False,False,4,9,3,False,AR
2023-09-24,7,True,,False,False,False,False,23.0,False,False,4,9,3,False,AR
2023-09-25,1,False,,False,True,False,False,24.0,False,False,4,9,3,False,AR
2023-09-26,2,False,,False,True,False,False,25.0,False,False,4,9,3,False,AR
2023-09-27,3,False,,False,True,False,False,26.0,False,False,4,9,3,False,AR
2023-09-28,4,False,,False,True,False,False,27.0,False,True,4,9,3,False,AR
2023-09-29,5,False,,False,True,False,False,28.0,False,True,5,9,3,False,AR
2023-09-30,6,True,,False,False,False,False,29.0,False,True,5,9,3,False,AR
2023-10-01,7,True,,False,False,False,False,30.0,True,False,1,10,4,False,AR
2023-10-02,1,False,,False,True,False,True,0.0,True,False,1,10,4,False,AR
2023-10-03,2,False,,False,True,False,False,1.0,True,False,1,10,4,False,AR
2023-10-04,3,False,,False,True,False,False,2.0,False,False,1,10,4,False,AR
2023-10-05,4,False,,False,True,False,False,3.0,False,False,1,10,4,False,AR
2023-10-06,5,False,,False,True,False,False,4.0,False,False,1,10,4,False,AR
2023-10-07,6,True,,False,False,False,False,5.0,False,False,1,10,4,False,AR
2023-10-08,7,True,,False,False,False,False,6.0,False,False,2,10,4,False,AR
2023-10-09,1,False,,False,True,False,False,7.0,False,False,2,10,4,False,AR
2023-10-10,2,False,,False,True,False,False,8.0,False,False,2,10,4,False,AR
2023-10-11,3,False,,False,True,False,False,9.0,False,False,2,10,4,False,AR
2023-10-12,4,False,,False,True,False,False,10.0,False,False,2,10,4,False,AR
2023-10-13,5,False,Feriado con fines turísticos,True,False,False,False,11.0,False,False,2,10,4,False,AR
2023-10-14,6,True,,False,False,True,False,12.0,False,False,2,10,4,False,AR
2023-10-15,7,True,,False,False,True,False,13.0,False,False,3,10,4,False,AR
2023-10-16,1,False,Día del Respeto a la Diversidad Cultural,True,False,False,False,14.0,False,False,3,10,4,False,AR
2023-10-17,2,False,,False,True,False,False,15.0,False,False,3,10,4,False,AR
2023-10-18,3,False,,False,True,False,False,16.0,False,False,3,10,4,False,AR
2023-10-19,4,False,,False,True,False,False,17.0,False,False,3,10,4,False,AR
2023-10-20,5,False,,False,True,False,False,18.0,False,False,3,10,4,False,AR
2023-10-21,6,True,,False,False,False,False,19.0,False,False,3,10,4,False,AR
2023-10-22,7,True,,False,False,False,False,20.0,False,False,4,10,4,False,AR
2023-10-23,1,False,,False,True,False,False,21.0,False,False,4,10,4,False,AR
2023-10-24,2,False,,False,True,False,False,22.0,False,False,4,10,4,False,AR
2023-10-25,3,False,,False,True,False,False,23.0,False,False,4,10,4,False,AR
2023-10-26,4,False,,False,True,False,False,24.0,False,False,4,10,4,False,AR
2023-10-27,5,False,,False,True,False,False,25.0,False,False,4,10,4,False,AR
2023-10-28,6,True,,False,False,False,False,26.0,False,False,4,10,4,False,AR
2023-10-29,7,True,,False,False,False,False,27.0,False,True,5,10,4,False,AR
2023-10-30,1,False,,False,True,False,False,28.0,False,True,5,10,4,False,AR
2023-10-31,2,False,,False,True,False,False,29.0,False,True,5,10,4,False,AR
2023-11-01,3,False,,False,True,False,True,0.0,True,False,1,11,4,False,AR
2023-11-02,4,False,,False,True,False,False,1.0,True,False,1,11,4,False,AR
2023-11-03,5,False,,False,True,False,False,2.0,True,False,1,11,4,False,AR
2023-11-04,6,True,,False,False,False,False,3.0,False,False,1,11,4,False,AR
2023-11-05,7,True,,False,False,False,False,4.0,False,False,1,11,4,False,AR
2023-11-06,1,False,,False,True,False,False,5.0,False,False,1,11,4,False,AR
2023-11-07,2,False,,False,True,False,False,6.0,False,False,1,11,4,False,AR
2023-11-08,3,False,,False,True,False,False,7.0,False,False,2,11,4,False,AR
2023-11-09,4,False,,False,True,False,False,8.0,False,False,2,11,4,False,AR
2023-11-10,5,False,,False,True,False,False,9.0,False,False,2,11,4,False,AR
2023-11-11,6,True,,False,False,False,False,10.0,False,False,2,11,4,False,AR
2023-11-12,7,True,,False,False,False,False,11.0,False,False,2,11,4,False,AR
2023-11-13,1,False,,False,True,False,False,12.0,False,False,2,11,4,False,AR
2023-11-14,2,False,,False,True,False,False,13.0,False,False,2,11,4,False,AR
2023-11-15,3,False,,False,True,False,False,14.0,False,False,3,11,4,False,AR
2023-11-16,4,False,,False,True,False,False,15.0,False,False,3,11,4,False,AR
2023-11-17,5,False,,False,True,False,False,16.0,False,False,3,11,4,False,AR
2023-11-18,6,True,,False,False,False,False,17.0,False,False,3,11,4,False,AR
2023-11-19,7,True,,False,False,True,False,18.0,False,False,3,11,4,False,AR
2023-11-20,1,False,Día de la Soberanía Nacional,True,False,False,False,19.0,False,False,3,11,4,False,AR
2023-11-21,2,False,,False,True,False,False,20.0,False,False,3,11,4,False,AR
2023-11-22,3,False,,False,True,False,False,21.0,False,False,4,11,4,False,AR
2023-11-23,4,False,,False,True,False,False,22.0,False,False,4,11,4,False,AR
2023-11-24,5,False,,False,True,False,False,23.0,False,False,4,11,4,False,AR
2023-11-25,6,True,,False,False,False,False,24.0,False,False,4,11,4,False,AR
2023-11-26,7,True,,False,False,False,False,25.0,False,False,4,11,4,False,AR
2023-11-27,1,False,,False,True,False,False,26.0,False,False,4,11,4,False,AR
2023-11-28,2,False,,False,True,False,False,27.0,False,True,4,11,4,False,AR
2023-11-29,3,False,,False,True,False,False,28.0,False,True,5,11,4,False,AR
2023-11-30,4,False,,False,True,False,False,29.0,False,True,5,11,4,False,AR
2023-12-01,5,False,,False,True,False,True,0.0,True,False,1,12,4,True,AR
2023-12-02,6,True,,False,False,False,False,1.0,True,False,1,12,4,True,AR
2023-12-03,7,True,,False,False,False,False,2.0,True,False,1,12,4,True,AR
2023-12-04,1,False,,False,True,False,False,3.0,False,False,1,12,4,True,AR
2023-12-05,2,False,,False,True,False,False,4.0,False,False,1,12,4,True,AR
2023-12-06,3,False,,False,True,False,False,5.0,False,False,1,12,4,True,AR
2023-12-07,4,False,,False,True,False,False,6.0,False,False,1,12,4,True,AR
2023-12-08,5,False,Inmaculada Concepción de María,True,False,False,False,7.0,False,False,2,12,4,True,AR
2023-12-09,6,True,,False,False,True,False,8.0,False,False,2,12,4,True,AR
2023-12-10,7,True,,False,False,False,False,9.0,False,False,2,12,4,True,AR
2023-12-11,1,False,,False,True,False,False,10.0,False,False,2,12,4,True,AR
2023-12-12,2,False,,False,True,False,False,11.0,False,False,2,12,4,True,AR
2023-12-13,3,False,,False,True,False,False,12.0,False,False,2,12,4,True,AR
2023-12-14,4,False,,False,True,False,False,13.0,False,False,2,12,4,True,AR
2023-12-15,5,False,,False,True,False,False,14.0,False,False,3,12,4,True,AR
2023-12-16,6,True,,False,False,False,False,15.0,False,False,3,12,4,True,AR
2023-12-17,7,True,,False,False,False,False,16.0,False,False,3,12,4,True,AR
2023-12-18,1,False,,False,True,False,False,17.0,False,False,3,12,4,True,AR
2023-12-19,2,False,,False,True,False,False,18.0,False,False,3,12,4,True,AR
2023-12-20,3,False,,False,True,False,False,19.0,False,False,3,12,4,True,AR
2023-12-21,4,False,,False,True,False,False,20.0,False,False,3,12,4,True,AR
2023-12-22,5,False,,False,True,False,False,21.0,False,False,4,12,4,True,AR
2023-12-23,6,True,,False,False,False,False,22.0,False,False,4,12,4,True,AR
2023-12-24,7,True,,False,False,True,False,23.0,False,False,4,12,4,True,AR
2023-12-25,1,False,Navidad,True,False,False,False,24.0,False,False,4,12,4,True,AR
2023-12-26,2,False,,False,True,False,False,25.0,False,False,4,12,4,True,AR
2023-12-27,3,False,,False,True,False,False,26.0,False,False,4,12,4,True,AR
2023-12-28,4,False,,False,True,False,False,27.0,False,False,4,12,4,True,AR
2023-12-29,5,False,,False,True,False,False,28.0,False,True,5,12,4,True,AR
2023-12-30,6,True,,False,False,False,False,29.0,False,True,5,12,4,True,AR
2023-12-31,7,True,,False,False,True,False,30.0,False,True,5,12,4,True,AR
2024-01-01,1,False,Año Nuevo,True,False,False,False,31.0,True,False,1,1,1,False,AR
2024-01-02,2,False,,False,True,False,True,0.0,True,False,1,1,1,False,AR
2024-01-03,3,False,,False,True,False,False,1.0,True,False,1,1,1,False,AR
2024-01-04,4,False,,False,True,False,False,2.0,False,False,1,1,1,False,AR
2024-01-05,5,False,,False,True,False,False,3.0,False,False,1,1,1,False,AR
2024-01-06,6,True,,False,False,False,False,4.0,False,False,1,1,1,False,AR
2024-01-07,7,True,,False,False,False,False,5.0,False,False,1,1,1,False,AR
2024-01-08,1,False,,False,True,False,False,6.0,False,False,2,1,1,False,AR
2024-01-09,2,False,,False,True,False,False,7.0,False,False,2,1,1,False,AR
2024-01-10,3,False,,False,True,False,False,8.0,False,False,2,1,1,False,AR
2024-01-11,4,False,,False,True,False,False,9.0,False,False,2,1,1,False,AR
2024-01-12,5,False,,False,True,False,False,10.0,False,False,2,1,1,False,AR
2024-01-13,6,True,,False,False,False,False,11.0,False,False,2,1,1,False,AR
2024-01-14,7,True,,False,False,False,False,12.0,False,False,2,1,1,False,AR
2024-01-15,1,False,,False,True,False,False,13.0,False,False,3,1,1,False,AR
2024-01-16,2,False,,False,True,False,False,14.0,False,False,3,1,1,False,AR
2024-01-17,3,False,,False,True,False,False,15.0,False,False,3,1,1,False,AR
2024-01-18,4,False,,False,True,False,False,16.0,False,False,3,1,1,False,AR
2024-01-19,5,False,,False,True,False,False,17.0,False,False,3,1,1,False,AR
2024-01-20,6,True,,False,False,False,False,18.0,False,False,3,1,1,False,AR
2024-01-21,7,True,,False,False,False,False,19.0,False,False,3,1,1,False,AR
2024-01-22,1,False,,False,True,False,False,20.0,False,False,4,1,1,False,AR
2024-01-23,2,False,,False,True,False,False,21.0,False,False,4,1,1,False,AR
2024-01-24,3,False,,False,True,False,False,22.0,False,False,4,1,1,False,AR
2024-01-25,4,False,,False,True,False,False,23.0,False,False,4,1,1,False,AR
2024-01-26,5,False,,False,True,False,False,24.0,False,False,4,1,1,False,AR
2024-01-27,6,True,,False,False,False,False,25.0,False,False,4,1,1,False,AR
2024-01-28,7,True,,False,False,False,False,26.0,False,False,4,1,1,False,AR
2024-01-29,1,False,,False,True,False,False,27.0,False,True,5,1,1,False,AR
2024-01-30,2,False,,False,True,False,False,28.0,False,True,5,1,1,False,AR
2024-01-31,3,False,,False,True,False,False,29.0,False,True,5,1,1,False,AR
2024-02-01,4,False,,False,True,False,True,0.0,True,False,1,2,1,False,AR
2024-02-02,5,False,,False,True,False,False,1.0,True,False,1,2,1,False,AR
2024-02-03,6,True,,False,False,False,False,2.0,True,False,1,2,1,False,AR
2024-02-04,7,True,,False,False,False,False,3.0,False,False,1,2,1,False,AR
2024-02-05,1,False,,False,True,False,False,4.0,False,False,1,2,1,False,AR
2024-02-06,2,False,,False,True,False,False,5.0,False,False,1,2,1,False,AR
2024-02-07,3,False,,False,True,False,False,6.0,False,False,1,2,1,False,AR
2024-02-08,4,False,,False,True,False,False,7.0,False,False,2,2,1,False,AR
2024-02-09,5,False,,False,True,False,False,8.0,False,False,2,2,1,False,AR
2024-02-10,6,True,,False,False,False,False,9.0,False,False,2,2,1,False,AR
2024-02-11,7,True,,False,False,True,False,10.0,False,False,2,2,1,False,AR
2024-02-12,1,False,Lunes de Carnaval,True,False,True,False,11.0,False,False,2,2,1,False,AR
2024-02-13,2,False,Martes de Carnaval,True,False,False,False,12.0,False,False,2,2,1,False,AR
2024-02-14,3,False,,False,True,False,False,13.0,False,False,2,2,1,False,AR
2024-02-15,4,False,,False,True,False,False,14.0,False,False,3,2,1,False,AR
2024-02-16,5,False,,False,True,False,False,15.0,False,False,3,2,1,False,AR
2024-02-17,6,True,,False,False,False,False,16.0,False,False,3,2,1,False,AR
2024-02-18,7,True,,False,False,False,False,17.0,False,False,3,2,1,False,AR
2024-02-19,1,False,,False,True,False,False,18.0,False,False,3,2,1,False,AR
2024-02-20,2,False,,False,True,False,False,19.0,False,False,3,2,1,False,AR
2024-02-21,3,False,,False,True,False,False,20.0,False,False,3,2,1,False,AR
2024-02-22,4,False,,False,True,False,False,21.0,False,False,4,2,1,False,AR
2024-02-23,5,False,,False,True,False,False,22.0,False,False,4,2,1,False,AR
2024-02-24,6,True,,False,False,False,False,23.0,False,False,4,2,1,False,AR
2024-02-25,7,True,,False,False,False,False,24.0,False,False,4,2,1,False,AR
2024-02-26,1,False,,False,True,False,False,25.0,False,False,4,2,1,False,AR
2024-02-27,2,False,,False,True,False,False,26.0,False,True,4,2,1,False,AR
2024-02-28,3,False,,False,True,False,False,27.0,False,True,4,2,1,False,AR
2024-02-29,4,False,,False,True,False,False,28.0,False,True,5,2,1,False,AR
2024-03-01,5,False,,False,True,False,True,0.0,True,False,1,3,1,False,AR
2024-03-02,6,True,,False,False,False,False,1.0,True,False,1,3,1,False,AR
2024-03-03,7,True,,False,False,False,False,2.0,True,False,1,3,1,False,AR
2024-03-04,1,False,,False,True,False,False,3.0,False,False,1,3,1,False,AR
2024-03-05,2,False,,False,True,False,False,4.0,False,False,1,3,1,False,AR
2024-03-06,3,False,,False,True,False,False,5.0,False,False,1,3,1,False,AR
2024-03-07,4,False,,False,True,False,False,6.0,False,False,1,3,1,False,AR
2024-03-08,5,False,,False,True,False,False,7.0,False,False,2,3,1,False,AR
2024-03-09,6,True,,False,False,False,False,8.0,False,False,2,3,1,False,AR
2024-03-10,7,True,,False,False,False,False,9.0,False,False,2,3,1,False,AR
2024-03-11,1,False,,False,True,False,False,10.0,False,False,2,3,1,False,AR
2024-03-12,2,False,,False,True,False,False,11.0,False,False,2,3,1,False,AR
2024-03-13,3,False,,False,True,False,False,12.0,False,False,2,3,1,False,AR
2024-03-14,4,False,,False,True,False,False,13.0,False,False,2,3,1,False,AR
2024-03-15,5,False,,False,True,False,False,14.0,False,False,3,3,1,False,AR
2024-03-16,6,True,,False,False,False,False,15.0,False,False,3,3,1,False,AR
2024-03-17,7,True,,False,False,False,False,16.0,False,False,3,3,1,False,AR
2024-03-18,1,False,,False,True,False,False,17.0,False,False,3,3,1,False,AR
2024-03-19,2,False,,False,True,False,False,18.0,False,False,3,3,1,False,AR
2024-03-20,3,False,,False,True,False,False,19.0,False,False,3,3,1,False,AR
2024-03-21,4,False,,False,True,False,False,20.0,False,False,3,3,1,False,AR
2024-03-22,5,False,,False,True,False,False,21.0,False,False,4,3,1,False,AR
2024-03-23,6,True,,False,False,False,False,22.0,False,False,4,3,1,False,AR
2024-03-24,7,True,Día Nacional de la Memoria por la Verdad y la Justicia,True,False,False,False,23.0,False,False,4,3,1,False,AR
2024-03-25,1,False,,False,True,False,False,24.0,False,False,4,3,1,False,AR
2024-03-26,2,False,,False,True,False,False,25.0,False,False,4,3,1,False,AR
2024-03-27,3,False,,False,True,False,False,26.0,False,False,4,3,1,False,AR
2024-03-28,4,False,Jueves Santo,True,False,False,False,27.0,False,False,4,3,1,False,AR
2024-03-29,5,False,Viernes Santo,True,False,True,False,28.0,False,True,5,3,1,False,AR
2024-03-30,6,True,,False,False,True,False,29.0,False,True,5,3,1,False,AR
2024-03-31,7,True,,False,False,True,False,30.0,False,True,5,3,1,False,AR
2024-04-01,1,False,Feriado con fines turísticos,True,False,True,False,31.0,True,False,1,4,2,False,AR
2024-04-02,2,False,Día del Veterano y de los Caidos en la Guerra de Malvinas,True,False,False,False,32.0,True,False,1,4,2,False,AR
2024-04-03,3,False,,False,True,False,True,0.0,True,False,1,4,2,False,AR
2024-04-04,4,False,,False,True,False,False,1.0,False,False,1,4,2,False,AR
2024-04-05,5,False,,False,True,False,False,2.0,False,False,1,4,2,False,AR
2024-04-06,6,True,,False,False,False,False,3.0,False,False,1,4,2,False,AR
2024-04-07,7,True,,False,False,False,False,4.0,False,False,1,4,2,False,AR
2024-04-08,1,False,,False,True,False,False,5.0,False,False,2,4,2,False,AR
2024-04-09,2,False,,False,True,False,False,6.0,False,False,2,4,2,False,AR
2024-04-10,3,False,,False,True,False,False,7.0,False,False,2,4,2,False,AR
2024-04-11,4,False,,False,True,False,False,8.0,False,False,2,4,2,False,AR
2024-04-12,5,False,,False,True,False,False,9.0,False,False,2,4,2,False,AR
2024-04-13,6,True,,False,False,False,False,10.0,False,False,2,4,2,False,AR
2024-04-14,7,True,,False,False,False,False,11.0,False,False,2,4,2,False,AR
2024-04-15,1,False,,False,True,False,False,12.0,False,False,3,4,2,False,AR
2024-04-16,2,False,,False,True,False,False,13.0,False,False,3,4,2,False,AR
2024-04-17,3,False,,False,True,False,False,14.0,False,False,3,4,2,False,AR
2024-04-18,4,False,,False,True,False,False,15.0,False,False,3,4,2,False,AR
2024-04-19,5,False,,False,True,False,False,16.0,False,False,3,4,2,False,AR
2024-04-20,6,True,,False,False,False,False,17.0,False,False,3,4,2,False,AR
2024-04-21,7,True,,False,False,False,False,18.0,False,False,3,4,2,False,AR
2024-04-22,1,False,,False,True,False,False,19.0,False,False,4,4,2,False,AR
2024-04-23,2,False,,False,True,False,False,20.0,False,False,4,4,2,False,AR
2024-04-24,3,False,,False,True,False,False,21.0,False,False,4,4,2,False,AR
2024-04-25,4,False,,False,True,False,False,22.0,False,False,4,4,2,False,AR
2024-04-26,5,False,,False,True,False,False,23.0,False,False,4,4,2,False,AR
2024-04-27,6,True,,False,False,False,False,24.0,False,False,4,4,2,False,AR
2024-04-28,7,True,,False,False,False,False,25.0,False,True,4,4,2,False,AR
2024-04-29,1,False,,False,True,False,False,26.0,False,True,5,4,2,False,AR
2024-04-30,2,False,,False,True,False,False,27.0,False,True,5,4,2,False,AR
2024-05-01,3,False,Día del Trabajo,True,False,False,False,28.0,True,False,1,5,2,False,AR
2024-05-02,4,False,,False,True,False,True,0.0,True,False,1,5,2,False,AR
2024-05-03,5,False,,False,True,False,False,1.0,True,False,1,5,2,False,AR
2024-05-04,6,True,,False,False,False,False,2.0,False,False,1,5,2,False,AR
2024-05-05,7,True,,False,False,False,False,3.0,False,False,1,5,2,False,AR
2024-05-06,1,False,,False,True,False,False,4.0,False,False,1,5,2,False,AR
2024-05-07,2,False,,False,True,False,False,5.0,False,False,1,5,2,False,AR
2024-05-08,3,False,,False,True,False,False,6.0,False,False,2,5,2,False,AR
2024-05-09,4,False,,False,True,False,False,7.0,False,False,2,5,2,False,AR
2024-05-10,5,False,,False,True,False,False,8.0,False,False,2,5,2,False,AR
2024-05-11,6,True,,False,False,False,False,9.0,False,False,2,5,2,False,AR
2024-05-12,7,True,,False,False,False,False,10.0,False,False,2,5,2,False,AR
2024-05-13,1,False,,False,True,False,False,11.0,False,False,2,5,2,False,AR
2024-05-14,2,False,,False,True,False,False,12.0,False,False,2,5,2,False,AR
2024-05-15,3,False,,False,True,False,False,13.0,False,False,3,5,2,False,AR
2024-05-16,4,False,,False,True,False,False,14.0,False,False,3,5,2,False,AR
2024-05-17,5,False,,False,True,False,False,15.0,False,False,3,5,2,False,AR
2024-05-18,6,True,,False,False,False,False,16.0,False,False,3,5,2,False,AR
2024-05-19,7,True,,False,False,False,False,17.0,False,False,3,5,2,False,AR
2024-05-20,1,False,,False,True,False,False,18.0,False,False,3,5,2,False,AR
2024-05-21,2,False,,False,True,False,False,19.0,False,False,3,5,2,False,AR
2024-05-22,3,False,,False,True,False,False,20.0,False,False,4,5,2,False,AR
2024-05-23,4,False,,False,True,False,False,21.0,False,False,4,5,2,False,AR
2024-05-24,5,False,,False,True,False,False,22.0,False,False,4,5,2,False,AR
2024-05-25,6,True,Día de la Revolución de Mayo,True,False,False,False,23.0,False,False,4,5,2,False,AR
2024-05-26,7,True,,False,False,False,False,24.0,False,False,4,5,2,False,AR
2024-05-27,1,False,,False,True,False,False,25.0,False,False,4,5,2,False,AR
2024-05-28,2,False,,False,True,False,False,26.0,False,False,4,5,2,False,AR
2024-05-29,3,False,,False,True,False,False,27.0,False,True,5,5,2,False,AR
2024-05-30,4,False,,False,True,False,False,28.0,False,True,5,5,2,False,AR
2024-05-31,5,False,,False,True,False,False,29.0,False,True,5,5,2,False,AR
2024-06-01,6,True,,False,False,False,False,30.0,True,False,1,6,2,True,AR
2024-06-02,7,True,,False,False,False,False,31.0,True,False,1,6,2,True,AR
2024-06-03,1,False,,False,True,False,True,0.0,True,False,1,6,2,True,AR
2024-06-04,2,False,,False,True,False,False,1.0,False,False,1,6,2,True,AR
2024-06-05,3,False,,False,True,False,False,2.0,False,False,1,6,2,True,AR
2024-06-06,4,False,,False,True,False,False,3.0,False,False,1,6,2,True,AR
2024-06-07,5,False,,False,True,False,False,4.0,False,False,1,6,2,True,AR
2024-06-08,6,True,,False,False,False,False,5.0,False,False,2,6,2,True,AR
2024-06-09,7,True,,False,False,False,False,6.0,False,False,2,6,2,True,AR
2024-06-10,1,False,,False,True,False,False,7.0,False,False,2,6,2,True,AR
2024-06-11,2,False,,False,True,False,False,8.0,False,False,2,6,2,True,AR
2024-06-12,3,False,,False,True,False,False,9.0,False,False,2,6,2,True,AR
2024-06-13,4,False,,False,True,False,False,10.0,False,False,2,6,2,True,AR
2024-06-14,5,False,,False,True,False,False,11.0,False,False,2,6,2,True,AR
2024-06-15,6,True,,False,False,False,False,12.0,False,False,3,6,2,True,AR
2024-06-16,7,True,,False,False,True,False,13.0,False,False,3,6,2,True,AR
2024-06-17,1,False,Paso a la Inmortalidad del General Don Martín Miguel de Güemes,True,False,False,False,14.0,False,False,3,6,2,True,AR
2024-06-18,2,False,,False,True,False,False,15.0,False,False,3,6,2,True,AR
2024-06-19,3,False,,False,True,False,False,16.0,False,False,3,6,2,True,AR
2024-06-20,4,False,Paso a la Inmortalidad del General Don Manuel Belgrano,True,False,False,False,17.0,False,False,3,6,2,True,AR
2024-06-21,5,False,Feriado con fines turísticos,True,False,True,False,18.0,False,False,3,6,2,True,AR
2024-06-22,6,True,,False,False,True,False,19.0,False,False,4,6,2,True,AR
2024-06-23,7,True,,False,False,False,False,20.0,False,False,4,6,2,True,AR
2024-06-24,1,False,,False,True,False,False,21.0,False,False,4,6,2,True,AR
2024-06-25,2,False,,False,True,False,False,22.0,False,False,4,6,2,True,AR
2024-06-26,3,False,,False,True,False,False,23.0,False,False,4,6,2,True,AR
2024-06-27,4,False,,False,True,False,False,24.0,False,False,4,6,2,True,AR
2024-06-28,5,False,,False,True,False,False,25.0,False,True,4,6,2,True,AR
2024-06-29,6,True,,False,False,False,False,26.0,False,True,5,6,2,True,AR
2024-06-30,7,True,,False,False,False,False,27.0,False,True,5,6,2,True,AR
2024-07-01,1,False,,False,True,False,True,0.0,True,False,1,7,3,False,AR
2024-07-02,2,False,,False,True,False,False,1.0,True,False,1,7,3,False,AR
2024-07-03,3,False,,False,True,False,False,2.0,True,False,1,7,3,False,AR
2024-07-04,4,False,,False,True,False,False,3.0,False,False,1,7,3,False,AR
2024-07-05,5,False,,False,True,False,False,4.0,False,False,1,7,3,False,AR
2024-07-06,6,True,,False,False,False,False,5.0,False,False,1,7,3,False,AR
2024-07-07,7,True,,False,False,False,False,6.0,False,False,1,7,3,False,AR
2024-07-08,1,False,,False,True,False,False,7.0,False,False,2,7,3,False,AR
2024-07-09,2,False,Día de la Independencia,True,False,False,False,8.0,False,False,2,7,3,False,AR
2024-07-10,3,False,,False,True,False,False,9.0,False,False,2,7,3,False,AR
2024-07-11,4,False,,False,True,False,False,10.0,False,False,2,7,3,False,AR
2024-07-12,5,False,,False,True,False,False,11.0,False,False,2,7,3,False,AR
2024-07-13,6,True,,False,False,False,False,12.0,False,False,2,7,3,False,AR
2024-07-14,7,True,,False,False,False,False,13.0,False,False,2,7,3,False,AR
2024-07-15,1,False,,False,True,False,False,14.0,False,False,3,7,3,False,AR
2024-07-16,2,False,,False,True,False,False,15.0,False,False,3,7,3,False,AR
2024-07-17,3,False,,False,True,False,False,16.0,False,False,3,7,3,False,AR
2024-07-18,4,False,,False,True,False,False,17.0,False,False,3,7,3,False,AR
2024-07-19,5,False,,False,True,False,False,18.0,False,False,3,7,3,False,AR
2024-07-20,6,True,,False,False,False,False,19.0,False,False,3,7,3,False,AR
2024-07-21,7,True,,False,False,False,False,20.0,False,False,3,7,3,False,AR
2024-07-22,1,False,,False,True,False,False,21.0,False,False,4,7,3,False,AR
2024-07-23,2,False,,False,True,False,False,22.0,False,False,4,7,3,False,AR
2024-07-24,3,False,,False,True,False,False,23.0,False,False,4,7,3,False,AR
2024-07-25,4,False,,False,True,False,False,24.0,False,False,4,7,3,False,AR
2024-07-26,5,False,,False,True,False,False,25.0,False,False,4,7,3,False,AR
2024-07-27,6,True,,False,False,False,False,26.0,False,False,4,7,3,False,AR
2024-07-28,7,True,,False,False,False,False,27.0,False,False,4,7,3,False,AR
2024-07-29,1,False,,False,True,False,False,28.0,False,True,5,7,3,False,AR
2024-07-30,2,False,,False,True,False,False,29.0,False,True,5,7,3,False,AR
2024-07-31,3,False,,False,True,False,False,30.0,False,True,5,7,3,False,AR
2024-08-01,4,False,,False,True,False,True,0.0,True,False,1,8,3,False,AR
2024-08-02,5,False,,False,True,False,False,1.0,True,False,1,8,3,False,AR
2024-08-03,6,True,,False,False,False,False,2.0,True,False,1,8,3,False,AR
2024-08-04,7,True,,False,False,False,False,3.0,False,False,1,8,3,False,AR
2024-08-05,1,False,,False,True,False,False,4.0,False,False,1,8,3,False,AR
2024-08-06,2,False,,False,True,False,False,5.0,False,False,1,8,3,False,AR
2024-08-07,3,False,,False,True,False,False,6.0,False,False,1,8,3,False,AR
2024-08-08,4,False,,False,True,False,False,7.0,False,False,2,8,3,False,AR
2024-08-09,5,False,,False,True,False,False,8.0,False,False,2,8,3,False,AR
2024-08-10,6,True,,False,False,False,False,9.0,False,False,2,8,3,False,AR
2024-08-11,7,True,,False,False,False,False,10.0,False,False,2,8,3,False,AR
2024-08-12,1,False,,False,True,False,False,11.0,False,False,2,8,3,False,AR
2024-08-13,2,False,,False,True,False,False,12.0,False,False,2,8,3,False,AR
2024-08-14,3,False,,False,True,False,False,13.0,False,False,2,8,3,False,AR
2024-08-15,4,False,,False,True,False,False,14.0,False,False,3,8,3,False,AR
2024-08-16,5,False,,False,True,False,False,15.0,False,False,3,8,3,False,AR
2024-08-17,6,True,Paso a la Inmortalidad del General Don José de San Martín,True,False,False,False,16.0,False,False,3,8,3,False,AR
2024-08-18,7,True,,False,False,False,False,17.0,False,False,3,8,3,False,AR
2024-08-19,1,False,,False,True,False,False,18.0,False,False,3,8,3,False,AR
2024-08-20,2,False,,False,True,False,False,19.0,False,False,3,8,3,False,AR
2024-08-21,3,False,,False,True,False,False,20.0,False,False,3,8,3,False,AR
2024-08-22,4,False,,False,True,False,False,21.0,False,False,4,8,3,False,AR
2024-08-23,5,False,,False,True,False,False,22.0,False,False,4,8,3,False,AR
2024-08-24,6,True,,False,False,False,False,23.0,False,False,4,8,3,False,AR
2024-08-25,7,True,,False,False,False,False,24.0,False,False,4,8,3,False,AR
2024-08-26,1,False,,False,True,False,False,25.0,False,False,4,8,3,False,AR
2024-08-27,2,False,,False,True,False,False,26.0,False,False,4,8,3,False,AR
2024-08-28,3,False,,False,True,False,False,27.0,False,False,4,8,3,False,AR
2024-08-29,4,False,,False,True,False,False,28.0,False,True,5,8,3,False,AR
2024-08-30,5,False,,False,True,False,False,29.0,False,True,5,8,3,False,AR
2024-08-31,6,True,,False,False,False,False,30.0,False,True,5,8,3,False,AR
2024-09-01,7,True,,False,False,False,False,31.0,True,False,1,9,3,False,AR
2024-09-02,1,False,,False,True,False,True,0.0,True,False,1,9,3,False,AR
2024-09-03,2,False,,False,True,False,False,1.0,True,False,1,9,3,False,AR
2024-09-04,3,False,,False,True,False,False,2.0,False,False,1,9,3,False,AR
2024-09-05,4,False,,False,True,False,False,3.0,False,False,1,9,3,False,AR
2024-09-06,5,False,,False,True,False,False,4.0,False,False,1,9,3,False,AR
2024-09-07,6,True,,False,False,False,False,5.0,False,False,1,9,3,False,AR
2024-09-08,7,True,,False,False,False,False,6.0,False,False,2,9,3,False,AR
2024-09-09,1,False,,False,True,False,False,7.0,False,False,2,9,3,False,AR
2024-09-10,2,False,,False,True,False,False,8.0,False,False,2,9,3,False,AR
2024-09-11,3,False,,False,True,False,False,9.0,False,False,2,9,3,False,AR
2024-09-12,4,False,,False,True,False,False,10.0,False,False,2,9,3,False,AR
2024-09-13,5,False,,False,True,False,False,11.0,False,False,2,9,3,False,AR
2024-09-14,6,True,,False,False,False,False,12.0,False,False,2,9,3,False,AR
2024-09-15,7,True,,False,False,False,False,13.0,False,False,3,9,3,False,AR
2024-09-16,1,False,,False,True,False,False,14.0,False,False,3,9,3,False,AR
2024-09-17,2,False,,False,True,False,False,15.0,False,False,3,9,3,False,AR
2024-09-18,3,False,,False,True,False,False,16.0,False,False,3,9,3,False,AR
2024-09-19,4,False,,False,True,False,False,17.0,False,False,3,9,3,False,AR
2024-09-20,5,False,,False,True,False,False,18.0,False,False,3,9,3,False,AR
2024-09-21,6,True,,False,False,False,False,19.0,False,False,3,9,3,False,AR
2024-09-22,7,True,,False,False,False,False,20.0,False,False,4,9,3,False,AR
2024-09-23,1,False,,False,True,False,False,21.0,False,False,4,9,3,False,AR
2024-09-24,2,False,,False,True,False,False,22.0,False,False,4,9,3,False,AR
2024-09-25,3,False,,False,True,False,False,23.0,False,False,4,9,3,False,AR
2024-09-26,4,False,,False,True,False,False,24.0,False,False,4,9,3,False,AR
2024-09-27,5,False,,False,True,False,False,25.0,False,False,4,9,3,False,AR
2024-09-28,6,True,,False,False,False,False,26.0,False,True,4,9,3,False,AR
2024-09-29,7,True,,False,False,False,False,27.0,False,True,5,9,3,False,AR
2024-09-30,1,False,,False,True,False,False,28.0,False,True,5,9,3,False,AR
2024-10-01,2,False,,False,True,False,True,0.0,True,False,1,10,4,False,AR
2024-10-02,3,False,,False,True,False,False,1.0,True,False,1,10,4,False,AR
2024-10-03,4,False,,False,True,False,False,2.0,True,False,1,10,4,False,AR
2024-10-04,5,False,,False,True,False,False,3.0,False,False,1,10,4,False,AR
2024-10-05,6,True,,False,False,False,False,4.0,False,False,1,10,4,False,AR
2024-10-06,7,True,,False,False,False,False,5.0,False,False,1,10,4,False,AR
2024-10-07,1,False,,False,True,False,False,6.0,False,False,1,10,4,False,AR
2024-10-08,2,False,,False,True,False,False,7.0,False,False,2,10,4,False,AR
2024-10-09,3,False,,False,True,False,False,8.0,False,False,2,10,4,False,AR
2024-10-10,4,False,,False,True,False,False,9.0,False,False,2,10,4,False,AR
2024-10-11,5,False,Feriado con fines turísticos,True,False,False,False,10.0,False,False,2,10,4,False,AR
2024-10-12,6,True,Día del Respeto a la Diversidad Cultural,True,False,True,False,11.0,False,False,2,10,4,False,AR
2024-10-13,7,True,,False,False,False,False,12.0,False,False,2,10,4,False,AR
2024-10-14,1,False,,False,True,False,False,13.0,False,False,2,10,4,False,AR
2024-10-15,2,False,,False,True,False,False,14.0,False,False,3,10,4,False,AR
2024-10-16,3,False,,False,True,False,False,15.0,False,False,3,10,4,False,AR
2024-10-17,4,False,,False,True,False,False,16.0,False,False,3,10,4,False,AR
2024-10-18,5,False,,False,True,False,False,17.0,False,False,3,10,4,False,AR
2024-10-19,6,True,,False,False,False,False,18.0,False,False,3,10,4,False,AR
2024-10-20,7,True,,False,False,False,False,19.0,False,False,3,10,4,False,AR
2024-10-21,1,False,,False,True,False,False,20.0,False,False,3,10,4,False,AR
2024-10-22,2,False,,False,True,False,False,21.0,False,False,4,10,4,False,AR
2024-10-23,3,False,,False,True,False,False,22.0,False,False,4,10,4,False,AR
2024-10-24,4,False,,False,True,False,False,23.0,False,False,4,10,4,False,AR
2024-10-25,5,False,,False,True,False,False,24.0,False,False,4,10,4,False,AR
2024-10-26,6,True,,False,False,False,False,25.0,False,False,4,10,4,False,AR
2024-10-27,7,True,,False,False,False,False,26.0,False,False,4,10,4,False,AR
2024-10-28,1,False,,False,True,False,False,27.0,False,False,4,10,4,False,AR
2024-10-29,2,False,,False,True,False,False,28.0,False,True,5,10,4,False,AR
2024-10-30,3,False,,False,True,False,False,29.0,False,True,5,10,4,False,AR
2024-10-31,4,False,,False,True,False,False,30.0,False,True,5,10,4,False,AR
2024-11-01,5,False,,False,True,False,True,0.0,True,False,1,11,4,False,AR
2024-11-02,6,True,,False,False,False,False,1.0,True,False,1,11,4,False,AR
2024-11-03,7,True,,False,False,False,False,2.0,True,False,1,11,4,False,AR
2024-11-04,1,False,,False,True,False,False,3.0,False,False,1,11,4,False,AR
2024-11-05,2,False,,False,True,False,False,4.0,False,False,1,11,4,False,AR
2024-11-06,3,False,,False,True,False,False,5.0,False,False,1,11,4,False,AR
2024-11-07,4,False,,False,True,False,False,6.0,False,False,1,11,4,False,AR
2024-11-08,5,False,,False,True,False,False,7.0,False,False,2,11,4,False,AR
2024-11-09,6,True,,False,False,False,False,8.0,False,False,2,11,4,False,AR
2024-11-10,7,True,,False,False,False,False,9.0,False,False,2,11,4,False,AR
2024-11-11,1,False,,False,True,False,False,10.0,False,False,2,11,4,False,AR
2024-11-12,2,False,,False,True,False,False,11.0,False,False,2,11,4,False,AR
2024-11-13,3,False,,False,True,False,False,12.0,False,False,2,11,4,False,AR
2024-11-14,4,False,,False,True,False,False,13.0,False,False,2,11,4,False,AR
2024-11-15,5,False,,False,True,False,False,14.0,False,False,3,11,4,False,AR
2024-11-16,6,True,,False,False,False,False,15.0,False,False,3,11,4,False,AR
2024-11-17,7,True,,False,False,True,False,16.0,False,False,3,11,4,False,AR
2024-11-18,1,False,Día de la Soberanía Nacional,True,False,False,False,17.0,False,False,3,11,4,False,AR
2024-11-19,2,False,,False,True,False,False,18.0,False,False,3,11,4,False,AR
2024-11-20,3,False,,False,True,False,False,19.0,False,False,3,11,4,False,AR
2024-11-21,4,False,,False,True,False,False,20.0,False,False,3,11,4,False,AR
2024-11-22,5,False,,False,True,False,False,21.0,False,False,4,11,4,False,AR
2024-11-23,6,True,,False,False,False,False,22.0,False,False,4,11,4,False,AR
2024-11-24,7,True,,False,False,False,False,23.0,False,False,4,11,4,False,AR
2024-11-25,1,False,,False,True,False,False,24.0,False,False,4,11,4,False,AR
2024-11-26,2,False,,False,True,False,False,25.0,False,False,4,11,4,False,AR
2024-11-27,3,False,,False,True,False,False,26.0,False,False,4,11,4,False,AR
2024-11-28,4,False,,False,True,False,False,27.0,False,True,4,11,4,False,AR
2024-11-29,5,False,,False,True,False,False,28.0,False,True,5,11,4,False,AR
2024-11-30,6,True,,False,False,False,False,29.0,False,True,5,11,4,False,AR
2024-12-01,7,True,,False,False,False,False,30.0,True,False,1,12,4,True,AR
2024-12-02,1,False,,False,True,False,True,0.0,True,False,1,12,4,True,AR
2024-12-03,2,False,,False,True,False,False,1.0,True,False,1,12,4,True,AR
2024-12-04,3,False,,False,True,False,False,2.0,False,False,1,12,4,True,AR
2024-12-05,4,False,,False,True,False,False,3.0,False,False,1,12,4,True,AR
2024-12-06,5,False,,False,True,False,False,4.0,False,False,1,12,4,True,AR
2024-12-07,6,True,,False,False,False,False,5.0,False,False,1,12,4,True,AR
2024-12-08,7,True,Inmaculada Concepción de María,True,False,False,False,6.0,False,False,2,12,4,True,AR
2024-12-09,1,False,,False,True,False,False,7.0,False,False,2,12,4,True,AR
2024-12-10,2,False,,False,True,False,False,8.0,False,False,2,12,4,True,AR
2024-12-11,3,False,,False,True,False,False,9.0,False,False,2,12,4,True,AR
2024-12-12,4,False,,False,True,False,False,10.0,False,False,2,12,4,True,AR
2024-12-13,5,False,,False,True,False,False,11.0,False,False,2,12,4,True,AR
2024-12-14,6,True,,False,False,False,False,12.0,False,False,2,12,4,True,AR
2024-12-15,7,True,,False,False,False,False,13.0,False,False,3,12,4,True,AR
2024-12-16,1,False,,False,True,False,False,14.0,False,False,3,12,4,True,AR
2024-12-17,2,False,,False,True,False,False,15.0,False,False,3,12,4,True,AR
2024-12-18,3,False,,False,True,False,False,16.0,False,False,3,12,4,True,AR
2024-12-19,4,False,,False,True,False,False,17.0,False,False,3,12,4,True,AR
2024-12-20,5,False,,False,True,False,False,18.0,False,False,3,12,4,True,AR
2024-12-21,6,True,,False,False,False,False,19.0,False,False,3,12,4,True,AR
2024-12-22,7,True,,False,False,False,False,20.0,False,False,4,12,4,True,AR
2024-12-23,1,False,,False,True,False,False,21.0,False,False,4,12,4,True,AR
2024-12-24,2,False,,False,True,False,False,22.0,False,False,4,12,4,True,AR
2024-12-25,3,False,Navidad,True,False,False,False,23.0,False,False,4,12,4,True,AR
2024-12-26,4,False,,False,True,False,False,24.0,False,False,4,12,4,True,AR
2024-12-27,5,False,,False,True,False,False,25.0,False,False,4,12,4,True,AR
2024-12-28,6,True,,False,False,False,False,26.0,False,False,4,12,4,True,AR
2024-12-29,7,True,,False,False,False,False,27.0,False,True,5,12,4,True,AR
2024-12-30,1,False,,False,True,False,False,28.0,False,True,5,12,4,True,AR
2024-12-31,2,False,,False,True,False,False,29.0,False,True,5,12,4,True,AR
2025-01-01,3,False,Año Nuevo,True,False,False,False,30.0,True,False,1,1,1,False,AR
2025-01-02,4,False,,False,True,False,True,0.0,True,False,1,1,1,False,AR
2025-01-03,5,False,,False,True,False,False,1.0,True,False,1,1,1,False,AR
2025-01-04,6,True,,False,False,False,False,2.0,False,False,1,1,1,False,AR
2025-01-05,7,True,,False,False,False,False,3.0,False,False,1,1,1,False,AR
2025-01-06,1,False,,False,True,False,False,4.0,False,False,1,1,1,False,AR
2025-01-07,2,False,,False,True,False,False,5.0,False,False,1,1,1,False,AR
2025-01-08,3,False,,False,True,False,False,6.0,False,False,2,1,1,False,AR
2025-01-09,4,False,,False,True,False,False,7.0,False,False,2,1,1,False,AR
2025-01-10,5,False,,False,True,False,False,8.0,False,False,2,1,1,False,AR
2025-01-11,6,True,,False,False,False,False,9.0,False,False,2,1,1,False,AR
2025-01-12,7,True,,False,False,False,False,10.0,False,False,2,1,1,False,AR
2025-01-13,1,False,,False,True,False,False,11.0,False,False,2,1,1,False,AR
2025-01-14,2,False,,False,True,False,False,12.0,False,False,2,1,1,False,AR
2025-01-15,3,False,,False,True,False,False,13.0,False,False,3,1,1,False,AR
2025-01-16,4,False,,False,True,False,False,14.0,False,False,3,1,1,False,AR
2025-01-17,5,False,,False,True,False,False,15.0,False,False,3,1,1,False,AR
2025-01-18,6,True,,False,False,False,False,16.0,False,False,3,1,1,False,AR
2025-01-19,7,True,,False,False,False,False,17.0,False,False,3,1,1,False,AR
2025-01-20,1,False,,False,True,False,False,18.0,False,False,3,1,1,False,AR
2025-01-21,2,False,,False,True,False,False,19.0,False,False,3,1,1,False,AR
2025-01-22,3,False,,False,True,False,False,20.0,False,False,4,1,1,False,AR
2025-01-23,4,False,,False,True,False,False,21.0,False,False,4,1,1,False,AR
2025-01-24,5,False,,False,True,False,False,22.0,False,False,4,1,1,False,AR
2025-01-25,6,True,,False,False,False,False,23.0,False,False,4,1,1,False,AR
2025-01-26,7,True,,False,False,False,False,24.0,False,False,4,1,1,False,AR
2025-01-27,1,False,,False,True,False,False,25.0,False,False,4,1,1,False,AR
2025-01-28,2,False,,False,True,False,False,26.0,False,False,4,1,1,False,AR
2025-01-29,3,False,,False,True,False,False,27.0,False,True,5,1,1,False,AR
2025-01-30,4,False,,False,True,False,False,28.0,False,True,5,1,1,False,AR
2025-01-31,5,False,,False,True,False,False,29.0,False,True,5,1,1,False,AR
2025-02-01,6,True,,False,False,False,False,30.0,True,False,1,2,1,False,AR
2025-02-02,7,True,,False,False,False,False,31.0,True,False,1,2,1,False,AR
2025-02-03,1,False,,False,True,False,True,0.0,True,False,1,2,1,False,AR
2025-02-04,2,False,,False,True,False,False,1.0,False,False,1,2,1,False,AR
2025-02-05,3,False,,False,True,False,False,2.0,False,False,1,2,1,False,AR
2025-02-06,4,False,,False,True,False,False,3.0,False,False,1,2,1,False,AR
2025-02-07,5,False,,False,True,False,False,4.0,False,False,1,2,1,False,AR
2025-02-08,6,True,,False,False,False,False,5.0,False,False,2,2,1,False,AR
2025-02-09,7,True,,False,False,False,False,6.0,False,False,2,2,1,False,AR
2025-02-10,1,False,,False,True,False,False,7.0,False,False,2,2,1,False,AR
2025-02-11,2,False,,False,True,False,False,8.0,False,False,2,2,1,False,AR
2025-02-12,3,False,,False,True,False,False,9.0,False,False,2,2,1,False,AR
2025-02-13,4,False,,False,True,False,False,10.0,False,False,2,2,1,False,AR
2025-02-14,5,False,,False,True,False,False,11.0,False,False,2,2,1,False,AR
2025-02-15,6,True,,False,False,False,False,12.0,False,False,3,2,1,False,AR
2025-02-16,7,True,,False,False,False,False,13.0,False,False,3,2,1,False,AR
2025-02-17,1,False,,False,True,False,False,14.0,False,False,3,2,1,False,AR
2025-02-18,2,False,,False,True,False,False,15.0,False,False,3,2,1,False,AR
2025-02-19,3,False,,False,True,False,False,16.0,False,False,3,2,1,False,AR
2025-02-20,4,False,,False,True,False,False,17.0,False,False,3,2,1,False,AR
2025-02-21,5,False,,False,True,False,False,18.0,False,False,3,2,1,False,AR
2025-02-22,6,True,,False,False,False,False,19.0,False,False,4,2,1,False,AR
2025-02-23,7,True,,False,False,False,False,20.0,False,False,4,2,1,False,AR
2025-02-24,1,False,,False,True,False,False,21.0,False,False,4,2,1,False,AR
2025-02-25,2,False,,False,True,False,False,22.0,False,False,4,2,1,False,AR
2025-02-26,3,False,,False,True,False,False,23.0,False,True,4,2,1,False,AR
2025-02-27,4,False,,False,True,False,False,24.0,False,True,4,2,1,False,AR
2025-02-28,5,False,,False,True,False,False,25.0,False,True,4,2,1,False,AR
2025-03-01,6,True,,False,False,False,False,26.0,True,False,1,3,1,False,AR
2025-03-02,7,True,,False,False,True,False,27.0,True,False,1,3,1,False,AR
2025-03-03,1,False,Lunes de Carnaval,True,False,True,False,28.0,True,False,1,3,1,False,AR
2025-03-04,2,False,Martes de Carnaval,True,False,False,False,29.0,False,False,1,3,1,False,AR
2025-03-05,3,False,,False,True,False,True,0.0,False,False,1,3,1,False,AR
2025-03-06,4,False,,False,True,False,False,1.0,False,False,1,3,1,False,AR
2025-03-07,5,False,,False,True,False,False,2.0,False,False,1,3,1,False,AR
2025-03-08,6,True,,False,False,False,False,3.0,False,False,2,3,1,False,AR
2025-03-09,7,True,,False,False,False,False,4.0,False,False,2,3,1,False,AR
2025-03-10,1,False,,False,True,False,False,5.0,False,False,2,3,1,False,AR
2025-03-11,2,False,,False,True,False,False,6.0,False,False,2,3,1,False,AR
2025-03-12,3,False,,False,True,False,False,7.0,False,False,2,3,1,False,AR
2025-03-13,4,False,,False,True,False,False,8.0,False,False,2,3,1,False,AR
2025-03-14,5,False,,False,True,False,False,9.0,False,False,2,3,1,False,AR
2025-03-15,6,True,,False,False,False,False,10.0,False,False,3,3,1,False,AR
2025-03-16,7,True,,False,False,False,False,11.0,False,False,3,3,1,False,AR
2025-03-17,1,False,,False,True,False,False,12.0,False,False,3,3,1,False,AR
2025-03-18,2,False,,False,True,False,False,13.0,False,False,3,3,1,False,AR
2025-03-19,3,False,,False,True,False,False,14.0,False,False,3,3,1,False,AR
2025-03-20,4,False,,False,True,False,False,15.0,False,False,3,3,1,False,AR
2025-03-21,5,False,,False,True,False,False,16.0,False,False,3,3,1,False,AR
2025-03-22,6,True,,False,False,False,False,17.0,False,False,4,3,1,False,AR
2025-03-23,7,True,,False,False,True,False,18.0,False,False,4,3,1,False,AR
2025-03-24,1,False,Día Nacional de la Memoria por la Verdad y la Justicia,True,False,False,False,19.0,False,False,4,3,1,False,AR
2025-03-25,2,False,,False,True,False,False,20.0,False,False,4,3,1,False,AR
2025-03-26,3,False,,False,True,False,False,21.0,False,False,4,3,1,False,AR
2025-03-27,4,False,,False,True,False,False,22.0,False,False,4,3,1,False,AR
2025-03-28,5,False,,False,True,False,False,23.0,False,False,4,3,1,False,AR
2025-03-29,6,True,,False,False,False,False,24.0,False,True,5,3,1,False,AR
2025-03-30,7,True,,False,False,False,False,25.0,False,True,5,3,1,False,AR
2025-03-31,1,False,,False,True,False,False,26.0,False,True,5,3,1,False,AR
2025-04-01,2,False,,False,True,False,True,0.0,True,False,1,4,2,False,AR
2025-04-02,3,False,Día del Veterano y de los Caidos en la Guerra de Malvinas,True,False,False,False,1.0,True,False,1,4,2,False,AR
2025-04-03,4,False,,False,True,False,False,2.0,True,False,1,4,2,False,AR
2025-04-04,5,False,,False,True,False,False,3.0,False,False,1,4,2,False,AR
2025-04-05,6,True,,False,False,False,False,4.0,False,False,1,4,2,False,AR
2025-04-06,7,True,,False,False,False,False,5.0,False,False,1,4,2,False,AR
2025-04-07,1,False,,False,True,False,False,6.0,False,False,1,4,2,False,AR
2025-04-08,2,False,,False,True,False,False,7.0,False,False,2,4,2,False,AR
2025-04-09,3,False,,False,True,False,False,8.0,False,False,2,4,2,False,AR
2025-04-10,4,False,,False,True,False,False,9.0,False,False,2,4,2,False,AR
2025-04-11,5,False,,False,True,False,False,10.0,False,False,2,4,2,False,AR
2025-04-12,6,True,,False,False,False,False,11.0,False,False,2,4,2,False,AR
2025-04-13,7,True,,False,False,False,False,12.0,False,False,2,4,2,False,AR
2025-04-14,1,False,,False,True,False,False,13.0,False,False,2,4,2,False,AR
2025-04-15,2,False,,False,True,False,False,14.0,False,False,3,4,2,False,AR
2025-04-16,3,False,,False,True,False,False,15.0,False,False,3,4,2,False,AR
2025-04-17,4,False,Jueves Santo,True,False,False,False,16.0,False,False,3,4,2,False,AR
2025-04-18,5,False,Viernes Santo,True,False,True,False,17.0,False,False,3,4,2,False,AR
2025-04-19,6,True,,False,False,True,False,18.0,False,False,3,4,2,False,AR
2025-04-20,7,True,,False,False,False,False,19.0,False,False,3,4,2,False,AR
2025-04-21,1,False,,False,True,False,False,20.0,False,False,3,4,2,False,AR
2025-04-22,2,False,,False,True,False,False,21.0,False,False,4,4,2,False,AR
2025-04-23,3,False,,False,True,False,False,22.0,False,False,4,4,2,False,AR
2025-04-24,4,False,,False,True,False,False,23.0,False,False,4,4,2,False,AR
2025-04-25,5,False,,False,True,False,False,24.0,False,False,4,4,2,False,AR
2025-04-26,6,True,,False,False,False,False,25.0,False,False,4,4,2,False,AR
2025-04-27,7,True,,False,False,False,False,26.0,False,False,4,4,2,False,AR
2025-04-28,1,False,,False,True,False,False,27.0,False,True,4,4,2,False,AR
2025-04-29,2,False,,False,True,False,False,28.0,False,True,5,4,2,False,AR
2025-04-30,3,False,,False,True,False,False,29.0,False,True,5,4,2,False,AR
2025-05-01,4,False,Día del Trabajo,True,False,False,False,30.0,True,False,1,5,2,False,AR
2025-05-02,5,False,Feriado con fines turísticos,True,False,True,False,31.0,True,False,1,5,2,False,AR
2025-05-03,6,True,,False,False,True,False,32.0,True,False,1,5,2,False,AR
2025-05-04,7,True,,False,False,False,False,33.0,False,False,1,5,2,False,AR
2025-05-05,1,False,,False,True,False,True,0.0,False,False,1,5,2,False,AR
2025-05-06,2,False,,False,True,False,False,1.0,False,False,1,5,2,False,AR
2025-05-07,3,False,,False,True,False,False,2.0,False,False,1,5,2,False,AR
2025-05-08,4,False,,False,True,False,False,3.0,False,False,2,5,2,False,AR
2025-05-09,5,False,,False,True,False,False,4.0,False,False,2,5,2,False,AR
2025-05-10,6,True,,False,False,False,False,5.0,False,False,2,5,2,False,AR
2025-05-11,7,True,,False,False,False,False,6.0,False,False,2,5,2,False,AR
2025-05-12,1,False,,False,True,False,False,7.0,False,False,2,5,2,False,AR
2025-05-13,2,False,,False,True,False,False,8.0,False,False,2,5,2,False,AR
2025-05-14,3,False,,False,True,False,False,9.0,False,False,2,5,2,False,AR
2025-05-15,4,False,,False,True,False,False,10.0,False,False,3,5,2,False,AR
2025-05-16,5,False,,False,True,False,False,11.0,False,False,3,5,2,False,AR
2025-05-17,6,True,,False,False,False,False,12.0,False,False,3,5,2,False,AR
2025-05-18,7,True,,False,False,False,False,13.0,False,False,3,5,2,False,AR
2025-05-19,1,False,,False,True,False,False,14.0,False,False,3,5,2,False,AR
2025-05-20,2,False,,False,True,False,False,15.0,False,False,3,5,2,False,AR
2025-05-21,3,False,,False,True,False,False,16.0,False,False,3,5,2,False,AR
2025-05-22,4,False,,False,True,False,False,17.0,False,False,4,5,2,False,AR
2025-05-23,5,False,,False,True,False,False,18.0,False,False,4,5,2,False,AR
2025-05-24,6,True,,False,False,False,False,19.0,False,False,4,5,2,False,AR
2025-05-25,7,True,Día de la Revolución de Mayo,True,False,False,False,20.0,False,False,4,5,2,False,AR
2025-05-26,1,False,,False,True,False,False,21.0,False,False,4,5,2,False,AR
2025-05-27,2,False,,False,True,False,False,22.0,False,False,4,5,2,False,AR
2025-05-28,3,False,,False,True,False,False,23.0,False,False,4,5,2,False,AR
2025-05-29,4,False,,False,True,False,False,24.0,False,True,5,5,2,False,AR
2025-05-30,5,False,,False,True,False,False,25.0,False,True,5,5,2,False,AR
2025-05-31,6,True,,False,False,False,False,26.0,False,True,5,5,2,False,AR
2025-06-01,7,True,,False,False,False,False,27.0,True,False,1,6,2,True,AR
2025-06-02,1,False,,False,True,False,True,0.0,True,False,1,6,2,True,AR
2025-06-03,2,False,,False,True,False,False,1.0,True,False,1,6,2,True,AR
2025-06-04,3,False,,False,True,False,False,2.0,False,False,1,6,2,True,AR
2025-06-05,4,False,,False,True,False,False,3.0,False,False,1,6,2,True,AR
2025-06-06,5,False,,False,True,False,False,4.0,False,False,1,6,2,True,AR
2025-06-07,6,True,,False,False,False,False,5.0,False,False,1,6,2,True,AR
2025-06-08,7,True,,False,False,False,False,6.0,False,False,2,6,2,True,AR
2025-06-09,1,False,,False,True,False,False,7.0,False,False,2,6,2,True,AR
2025-06-10,2,False,,False,True,False,False,8.0,False,False,2,6,2,True,AR
2025-06-11,3,False,,False,True,False,False,9.0,False,False,2,6,2,True,AR
2025-06-12,4,False,,False,True,False,False,10.0,False,False,2,6,2,True,AR
2025-06-13,5,False,,False,True,False,False,11.0,False,False,2,6,2,True,AR
2025-06-14,6,True,,False,False,False,False,12.0,False,False,2,6,2,True,AR
2025-06-15,7,True,,False,False,True,False,13.0,False,False,3,6,2,True,AR
2025-06-16,1,False,Paso a la Inmortalidad del General Don Martín Miguel de Güemes,True,False,False,False,14.0,False,False,3,6,2,True,AR
2025-06-17,2,False,,False,True,False,False,15.0,False,False,3,6,2,True,AR
2025-06-18,3,False,,False,True,False,False,16.0,False,False,3,6,2,True,AR
2025-06-19,4,False,,False,True,False,False,17.0,False,False,3,6,2,True,AR
2025-06-20,5,False,Paso a la Inmortalidad del General Don Manuel Belgrano,True,False,False,False,18.0,False,False,3,6,2,True,AR
2025-06-21,6,True,,False,False,True,False,19.0,False,False,3,6,2,True,AR
2025-06-22,7,True,,False,False,False,False,20.0,False,False,4,6,2,True,AR
2025-06-23,1,False,,False,True,False,False,21.0,False,False,4,6,2,True,AR
2025-06-24,2,False,,False,True,False,False,22.0,False,False,4,6,2,True,AR
2025-06-25,3,False,,False,True,False,False,23.0,False,False,4,6,2,True,AR
2025-06-26,4,False,,False,True,False,False,24.0,False,False,4,6,2,True,AR
2025-06-27,5,False,,False,True,False,False,25.0,False,False,4,6,2,True,AR
2025-06-28,6,True,,False,False,False,False,26.0,False,True,4,6,2,True,AR
2025-06-29,7,True,,False,False,False,False,27.0,False,True,5,6,2,True,AR
2025-06-30,1,False,,False,True,False,False,28.0,False,True,5,6,2,True,AR
2025-07-01,2,False,,False,True,False,True,0.0,True,False,1,7,3,False,AR
2025-07-02,3,False,,False,True,False,False,1.0,True,False,1,7,3,False,AR
2025-07-03,4,False,,False,True,False,False,2.0,True,False,1,7,3,False,AR
2025-07-04,5,False,,False,True,False,False,3.0,False,False,1,7,3,False,AR
2025-07-05,6,True,,False,False,False,False,4.0,False,False,1,7,3,False,AR
2025-07-06,7,True,,False,False,False,False,5.0,False,False,1,7,3,False,AR
2025-07-07,1,False,,False,True,False,False,6.0,False,False,1,7,3,False,AR
2025-07-08,2,False,,False,True,False,False,7.0,False,False,2,7,3,False,AR
2025-07-09,3,False,Día de la Independencia,True,False,False,False,8.0,False,False,2,7,3,False,AR
2025-07-10,4,False,,False,True,False,False,9.0,False,False,2,7,3,False,AR
2025-07-11,5,False,,False,True,False,False,10.0,False,False,2,7,3,False,AR
2025-07-12,6,True,,False,False,False,False,11.0,False,False,2,7,3,False,AR
2025-07-13,7,True,,False,False,False,False,12.0,False,False,2,7,3,False,AR
2025-07-14,1,False,,False,True,False,False,13.0,False,False,2,7,3,False,AR
2025-07-15,2,False,,False,True,False,False,14.0,False,False,3,7,3,False,AR
2025-07-16,3,False,,False,True,False,False,15.0,False,False,3,7,3,False,AR
2025-07-17,4,False,,False,True,False,False,16.0,False,False,3,7,3,False,AR
2025-07-18,5,False,,False,True,False,False,17.0,False,False,3,7,3,False,AR
2025-07-19,6,True,,False,False,False,False,18.0,False,False,3,7,3,False,AR
2025-07-20,7,True,,False,False,False,False,19.0,False,False,3,7,3,False,AR
2025-07-21,1,False,,False,True,False,False,20.0,False,False,3,7,3,False,AR
2025-07-22,2,False,,False,True,False,False,21.0,False,False,4,7,3,False,AR
2025-07-23,3,False,,False,True,False,False,22.0,False,False,4,7,3,False,AR
2025-07-24,4,False,,False,True,False,False,23.0,False,False,4,7,3,False,AR
2025-07-25,5,False,,False,True,False,False,24.0,False,False,4,7,3,False,AR
2025-07-26,6,True,,False,False,False,False,25.0,False,False,4,7,3,False,AR
2025-07-27,7,True,,False,False,False,False,26.0,False,False,4,7,3,False,AR
2025-07-28,1,False,,False,True,False,False,27.0,False,False,4,7,3,False,AR
2025-07-29,2,False,,False,True,False,False,28.0,False,True,5,7,3,False,AR
2025-07-30,3,False,,False,True,False,False,29.0,False,True,5,7,3,False,AR
2025-07-31,4,False,,False,True,False,False,30.0,False,True,5,7,3,False,AR
2025-08-01,5,False,,False,True,False,True,0.0,True,False,1,8,3,False,AR
2025-08-02,6,True,,False,False,False,False,1.0,True,False,1,8,3,False,AR
2025-08-03,7,True,,False,False,False,False,2.0,True,False,1,8,3,False,AR
2025-08-04,1,False,,False,True,False,False,3.0,False,False,1,8,3,False,AR
2025-08-05,2,False,,False,True,False,False,4.0,False,False,1,8,3,False,AR
2025-08-06,3,False,,False,True,False,False,5.0,False,False,1,8,3,False,AR
2025-08-07,4,False,,False,True,False,False,6.0,False,False,1,8,3,False,AR
2025-08-08,5,False,,False,True,False,False,7.0,False,False,2,8,3,False,AR
2025-08-09,6,True,,False,False,False,False,8.0,False,False,2,8,3,False,AR
2025-08-10,7,True,,False,False,False,False,9.0,False,False,2,8,3,False,AR
2025-08-11,1,False,,False,True,False,False,10.0,False,False,2,8,3,False,AR
2025-08-12,2,False,,False,True,False,False,11.0,False,False,2,8,3,False,AR
2025-08-13,3,False,,False,True,False,False,12.0,False,False,2,8,3,False,AR
2025-08-14,4,False,,False,True,False,False,13.0,False,False,2,8,3,False,AR
2025-08-15,5,False,Feriado con fines turísticos,True,False,False,False,14.0,False,False,3,8,3,False,AR
2025-08-16,6,True,,False,False,True,False,15.0,False,False,3,8,3,False,AR
2025-08-17,7,True,Paso a la Inmortalidad del General Don José de San Martín,True,False,False,False,16.0,False,False,3,8,3,False,AR
2025-08-18,1,False,,False,True,False,False,17.0,False,False,3,8,3,False,AR
2025-08-19,2,False,,False,True,False,False,18.0,False,False,3,8,3,False,AR
2025-08-20,3,False,,False,True,False,False,19.0,False,False,3,8,3,False,AR
2025-08-21,4,False,,False,True,False,False,20.0,False,False,3,8,3,False,AR
2025-08-22,5,False,,False,True,False,False,21.0,False,False,4,8,3,False,AR
2025-08-23,6,True,,False,False,False,False,22.0,False,False,4,8,3,False,AR
2025-08-24,7,True,,False,False,False,False,23.0,False,False,4,8,3,False,AR
2025-08-25,1,False,,False,True,False,False,24.0,False,False,4,8,3,False,AR
2025-08-26,2,False,,False,True,False,False,25.0,False,False,4,8,3,False,AR
2025-08-27,3,False,,False,True,False,False,26.0,False,False,4,8,3,False,AR
2025-08-28,4,False,,False,True,False,False,27.0,False,False,4,8,3,False,AR
2025-08-29,5,False,,False,True,False,False,28.0,False,True,5,8,3,False,AR
2025-08-30,6,True,,False,False,False,False,29.0,False,True,5,8,3,False,AR
2025-08-31,7,True,,False,False,False,False,30.0,False,True,5,8,3,False,AR
2025-09-01,1,False,,False,True,False,True,0.0,True,False,1,9,3,False,AR
2025-09-02,2,False,,False,True,False,False,1.0,True,False,1,9,3,False,AR
2025-09-03,3,False,,False,True,False,False,2.0,True,False,1,9,3,False,AR
2025-09-04,4,False,,False,True,False,False,3.0,False,False,1,9,3,False,AR
2025-09-05,5,False,,False,True,False,False,4.0,False,False,1,9,3,False,AR
2025-09-06,6,True,,False,False,False,False,5.0,False,False,1,9,3,False,AR
2025-09-07,7,True,,False,False,False,False,6.0,False,False,1,9,3,False,AR
2025-09-08,1,False,,False,True,False,False,7.0,False,False,2,9,3,False,AR
2025-09-09,2,False,,False,True,False,False,8.0,False,False,2,9,3,False,AR
2025-09-10,3,False,,False,True,False,False,9.0,False,False,2,9,3,False,AR
2025-09-11,4,False,,False,True,False,False,10.0,False,False,2,9,3,False,AR
2025-09-12,5,False,,False,True,False,False,11.0,False,False,2,9,3,False,AR
2025-09-13,6,True,,False,False,False,False,12.0,False,False,2,9,3,False,AR
2025-09-14,7,True,,False,False,False,False,13.0,False,False,2,9,3,False,AR
2025-09-15,1,False,,False,True,False,False,14.0,False,False,3,9,3,False,AR
2025-09-16,2,False,,False,True,False,False,15.0,False,False,3,9,3,False,AR
2025-09-17,3,False,,False,True,False,False,16.0,False,False,3,9,3,False,AR
2025-09-18,4,False,,False,True,False,False,17.0,False,False,3,9,3,False,AR
2025-09-19,5,False,,False,True,False,False,18.0,False,False,3,9,3,False,AR
2025-09-20,6,True,,False,False,False,False,19.0,False,False,3,9,3,False,AR
2025-09-21,7,True,,False,False,False,False,20.0,False,False,3,9,3,False,AR
2025-09-22,1,False,,False,True,False,False,21.0,False,False,4,9,3,False,AR
2025-09-23,2,False,,False,True,False,False,22.0,False,False,4,9,3,False,AR
2025-09-24,3,False,,False,True,False,False,23.0,False,False,4,9,3,False,AR
2025-09-25,4,False,,False,True,False,False,24.0,False,False,4,9,3,False,AR
2025-09-26,5,False,,False,True,False,False,25.0,False,False,4,9,3,False,AR
2025-09-27,6,True,,False,False,False,False,26.0,False,False,4,9,3,False,AR
2025-09-28,7,True,,False,False,False,False,27.0,False,True,4,9,3,False,AR
2025-09-29,1,False,,False,True,False,False,28.0,False,True,5,9,3,False,AR
2025-09-30,2,False,,False,True,False,False,29.0,False,True,5,9,3,False,AR
2025-10-01,3,False,,False,True,False,True,0.0,True,False,1,10,4,False,AR
2025-10-02,4,False,,False,True,False,False,1.0,True,False,1,10,4,False,AR
2025-10-03,5,False,,False,True,False,False,2.0,True,False,1,10,4,False,AR
2025-10-04,6,True,,False,False,False,False,3.0,False,False,1,10,4,False,AR
2025-10-05,7,True,,False,False,False,False,4.0,False,False,1,10,4,False,AR
2025-10-06,1,False,,False,True,False,False,5.0,False,False,1,10,4,False,AR
2025-10-07,2,False,,False,True,False,False,6.0,False,False,1,10,4,False,AR
2025-10-08,3,False,,False,True,False,False,7.0,False,False,2,10,4,False,AR
2025-10-09,4,False,,False,True,False,False,8.0,False,False,2,10,4,False,AR
2025-10-10,5,False,,False,True,False,False,9.0,False,False,2,10,4,False,AR
2025-10-11,6,True,,False,False,False,False,10.0,False,False,2,10,4,False,AR
2025-10-12,7,True,Día del Respeto a la Diversidad Cultural,True,False,False,False,11.0,False,False,2,10,4,False,AR
2025-10-13,1,False,,False,True,False,False,12.0,False,False,2,10,4,False,AR
2025-10-14,2,False,,False,True,False,False,13.0,False,False,2,10,4,False,AR
2025-10-15,3,False,,False,True,False,False,14.0,False,False,3,10,4,False,AR
2025-10-16,4,False,,False,True,False,False,15.0,False,False,3,10,4,False,AR
2025-10-17,5,False,,False,True,False,False,16.0,False,False,3,10,4,False,AR
2025-10-18,6,True,,False,False,False,False,17.0,False,False,3,10,4,False,AR
2025-10-19,7,True,,False,False,False,False,18.0,False,False,3,10,4,False,AR
2025-10-20,1,False,,False,True,False,False,19.0,False,False,3,10,4,False,AR
2025-10-21,2,False,,False,True,False,False,20.0,False,False,3,10,4,False,AR
2025-10-22,3,False,,False,True,False,False,21.0,False,False,4,10,4,False,AR
2025-10-23,4,False,,False,True,False,False,22.0,False,False,4,10,4,False,AR
2025-10-24,5,False,,False,True,False,False,23.0,False,False,4,10,4,False,AR
2025-10-25,6,True,,False,False,False,False,24.0,False,False,4,10,4,False,AR
2025-10-26,7,True,,False,False,False,False,25.0,False,False,4,10,4,False,AR
2025-10-27,1,False,,False,True,False,False,26.0,False,False,4,10,4,False,AR
2025-10-28,2,False,,False,True,False,False,27.0,False,False,4,10,4,False,AR
2025-10-29,3,False,,False,True,False,False,28.0,False,True,5,10,4,False,AR
2025-10-30,4,False,,False,True,False,False,29.0,False,True,5,10,4,False,AR
2025-10-31,5,False,,False,True,False,False,30.0,False,True,5,10,4,False,AR
2025-11-01,6,True,,False,False,False,False,31.0,True,False,1,11,4,False,AR
2025-11-02,7,True,,False,False,False,False,32.0,True,False,1,11,4,False,AR
2025-11-03,1,False,,False,True,False,True,0.0,True,False,1,11,4,False,AR
2025-11-04,2,False,,False,True,False,False,1.0,False,False,1,11,4,False,AR
2025-11-05,3,False,,False,True,False,False,2.0,False,False,1,11,4,False,AR
2025-11-06,4,False,,False,True,False,False,3.0,False,False,1,11,4,False,AR
2025-11-07,5,False,,False,True,False,False,4.0,False,False,1,11,4,False,AR
2025-11-08,6,True,,False,False,False,False,5.0,False,False,2,11,4,False,AR
2025-11-09,7,True,,False,False,False,False,6.0,False,False,2,11,4,False,AR
2025-11-10,1,False,,False,True,False,False,7.0,False,False,2,11,4,False,AR
2025-11-11,2,False,,False,True,False,False,8.0,False,False,2,11,4,False,AR
2025-11-12,3,False,,False,True,False,False,9.0,False,False,2,11,4,False,AR
2025-11-13,4,False,,False,True,False,False,10.0,False,False,2,11,4,False,AR
2025-11-14,5,False,,False,True,False,False,11.0,False,False,2,11,4,False,AR
2025-11-15,6,True,,False,False,False,False,12.0,False,False,3,11,4,False,AR
2025-11-16,7,True,,False,False,False,False,13.0,False,False,3,11,4,False,AR
2025-11-17,1,False,,False,True,False,False,14.0,False,False,3,11,4,False,AR
2025-11-18,2,False,,False,True,False,False,15.0,False,False,3,11,4,False,AR
2025-11-19,3,False,,False,True,False,False,16.0,False,False,3,11,4,False,AR
2025-11-20,4,False,,False,True,False,False,17.0,False,False,3,11,4,False,AR
2025-11-21,5,False,Feriado con fines turísticos,True,False,False,False,18.0,False,False,3,11,4,False,AR
2025-11-22,6,True,,False,False,True,False,19.0,False,False,4,11,4,False,AR
2025-11-23,7,True,,False,False,True,False,20.0,False,False,4,11,4,False,AR
2025-11-24,1,False,Día de la Soberanía Nacional,True,False,False,False,21.0,False,False,4,11,4,False,AR
2025-11-25,2,False,,False,True,False,False,22.0,False,False,4,11,4,False,AR
2025-11-26,3,False,,False,True,False,False,23.0,False,False,4,11,4,False,AR
2025-11-27,4,False,,False,True,False,False,24.0,False,False,4,11,4,False,AR
2025-11-28,5,False,,False,True,False,False,25.0,False,True,4,11,4,False,AR
2025-11-29,6,True,,False,False,False,False,26.0,False,True,5,11,4,False,AR
2025-11-30,7,True,,False,False,False,False,27.0,False,True,5,11,4,False,AR
2025-12-01,1,False,,False,True,False,True,0.0,True,False,1,12,4,True,AR
2025-12-02,2,False,,False,True,False,False,1.0,True,False,1,12,4,True,AR
2025-12-03,3,False,,False,True,False,False,2.0,True,False,1,12,4,True,AR
2025-12-04,4,False,,False,True,False,False,3.0,False,False,1,12,4,True,AR
2025-12-05,5,False,,False,True,False,False,4.0,False,False,1,12,4,True,AR
2025-12-06,6,True,,False,False,False,False,5.0,False,False,1,12,4,True,AR
2025-12-07,7,True,,False,False,True,False,6.0,False,False,1,12,4,True,AR
2025-12-08,1,False,Inmaculada Concepción de María,True,False,False,False,7.0,False,False,2,12,4,True,AR
2025-12-09,2,False,,False,True,False,False,8.0,False,False,2,12,4,True,AR
2025-12-10,3,False,,False,True,False,False,9.0,False,False,2,12,4,True,AR
2025-12-11,4,False,,False,True,False,False,10.0,False,False,2,12,4,True,AR
2025-12-12,5,False,,False,True,False,False,11.0,False,False,2,12,4,True,AR
2025-12-13,6,True,,False,False,False,False,12.0,False,False,2,12,4,True,AR
2025-12-14,7,True,,False,False,False,False,13.0,False,False,2,12,4,True,AR
2025-12-15,1,False,,False,True,False,False,14.0,False,False,3,12,4,True,AR
2025-12-16,2,False,,False,True,False,False,15.0,False,False,3,12,4,True,AR
2025-12-17,3,False,,False,True,False,False,16.0,False,False,3,12,4,True,AR
2025-12-18,4,False,,False,True,False,False,17.0,False,False,3,12,4,True,AR
2025-12-19,5,False,,False,True,False,False,18.0,False,False,3,12,4,True,AR
2025-12-20,6,True,,False,False,False,False,19.0,False,False,3,12,4,True,AR
2025-12-21,7,True,,False,False,False,False,20.0,False,False,3,12,4,True,AR
2025-12-22,1,False,,False,True,False,False,21.0,False,False,4,12,4,True,AR
2025-12-23,2,False,,False,True,False,False,22.0,False,False,4,12,4,True,AR
2025-12-24,3,False,,False,True,False,False,23.0,False,False,4,12,4,True,AR
2025-12-25,4,False,Navidad,True,False,False,False,24.0,False,False,4,12,4,True,AR
2025-12-26,5,False,,False,True,False,False,25.0,False,False,4,12,4,True,AR
2025-12-27,6,True,,False,False,False,False,26.0,False,False,4,12,4,True,AR
2025-12-28,7,True,,False,False,False,False,27.0,False,False,4,12,4,True,AR
2025-12-29,1,False,,False,True,False,False,28.0,False,True,5,12,4,True,AR
2025-12-30,2,False,,False,True,False,False,29.0,False,True,5,12,4,True,AR
2025-12-31,3,False,,False,True,False,False,30.0,False,True,5,12,4,True,AR
2026-01-01,4,False,Año Nuevo,True,False,False,False,31.0,True,False,1,1,1,False,AR
2026-01-02,5,False,,False,True,False,True,0.0,True,False,1,1,1,False,AR
2026-01-03,6,True,,False,False,False,False,1.0,True,False,1,1,1,False,AR
2026-01-04,7,True,,False,False,False,False,2.0,False,False,1,1,1,False,AR
2026-01-05,1,False,,False,True,False,False,3.0,False,False,1,1,1,False,AR
2026-01-06,2,False,,False,True,False,False,4.0,False,False,1,1,1,False,AR
2026-01-07,3,False,,False,True,False,False,5.0,False,False,1,1,1,False,AR
2026-01-08,4,False,,False,True,False,False,6.0,False,False,2,1,1,False,AR
2026-01-09,5,False,,False,True,False,False,7.0,False,False,2,1,1,False,AR
2026-01-10,6,True,,False,False,False,False,8.0,False,False,2,1,1,False,AR
2026-01-11,7,True,,False,False,False,False,9.0,False,False,2,1,1,False,AR
2026-01-12,1,False,,False,True,False,False,10.0,False,False,2,1,1,False,AR
2026-01-13,2,False,,False,True,False,False,11.0,False,False,2,1,1,False,AR
2026-01-14,3,False,,False,True,False,False,12.0,False,False,2,1,1,False,AR
2026-01-15,4,False,,False,True,False,False,13.0,False,False,3,1,1,False,AR
2026-01-16,5,False,,False,True,False,False,14.0,False,False,3,1,1,False,AR
2026-01-17,6,True,,False,False,False,False,15.0,False,False,3,1,1,False,AR
2026-01-18,7,True,,False,False,False,False,16.0,False,False,3,1,1,False,AR
2026-01-19,1,False,,False,True,False,False,17.0,False,False,3,1,1,False,AR
2026-01-20,2,False,,False,True,False,False,18.0,False,False,3,1,1,False,AR
2026-01-21,3,False,,False,True,False,False,19.0,False,False,3,1,1,False,AR
2026-01-22,4,False,,False,True,False,False,20.0,False,False,4,1,1,False,AR
2026-01-23,5,False,,False,True,False,False,21.0,False,False,4,1,1,False,AR
2026-01-24,6,True,,False,False,False,False,22.0,False,False,4,1,1,False,AR
2026-01-25,7,True,,False,False,False,False,23.0,False,False,4,1,1,False,AR
2026-01-26,1,False,,False,True,False,False,24.0,False,False,4,1,1,False,AR
2026-01-27,2,False,,False,True,False,False,25.0,False,False,4,1,1,False,AR
2026-01-28,3,False,,False,True,False,False,26.0,False,False,4,1,1,False,AR
2026-01-29,4,False,,False,True,False,False,27.0,False,True,5,1,1,False,AR
2026-01-30,5,False,,False,True,False,False,28.0,False,True,5,1,1,False,AR
2026-01-31,6,True,,False,False,False,False,29.0,False,True,5,1,1,False,AR
2026-02-01,7,True,,False,False,False,False,30.0,True,False,1,2,1,False,AR
2026-02-02,1,False,,False,True,False,True,0.0,True,False,1,2,1,False,AR
2026-02-03,2,False,,False,True,False,False,1.0,True,False,1,2,1,False,AR
2026-02-04,3,False,,False,True,False,False,2.0,False,False,1,2,1,False,AR
2026-02-05,4,False,,False,True,False,False,3.0,False,False,1,2,1,False,AR
2026-02-06,5,False,,False,True,False,False,4.0,False,False,1,2,1,False,AR
2026-02-07,6,True,,False,False,False,False,5.0,False,False,1,2,1,False,AR
2026-02-08,7,True,,False,False,False,False,6.0,False,False,2,2,1,False,AR
2026-02-09,1,False,,False,True,False,False,7.0,False,False,2,2,1,False,AR
2026-02-10,2,False,,False,True,False,False,8.0,False,False,2,2,1,False,AR
2026-02-11,3,False,,False,True,False,False,9.0,False,False,2,2,1,False,AR
2026-02-12,4,False,,False,True,False,False,10.0,False,False,2,2,1,False,AR
2026-02-13,5,False,,False,True,False,False,11.0,False,False,2,2,1,False,AR
2026-02-14,6,True,,False,False,False,False,12.0,False,False,2,2,1,False,AR
2026-02-15,7,True,,False,False,True,False,13.0,False,False,3,2,1,False,AR
2026-02-16,1,False,Lunes de Carnaval,True,False,True,False,14.0,False,False,3,2,1,False,AR
2026-02-17,2,False,Martes de Carnaval,True,False,False,False,15.0,False,False,3,2,1,False,AR
2026-02-18,3,False,,False,True,False,False,16.0,False,False,3,2,1,False,AR
2026-02-19,4,False,,False,True,False,False,17.0,False,False,3,2,1,False,AR
2026-02-20,5,False,,False,True,False,False,18.0,False,False,3,2,1,False,AR
2026-02-21,6,True,,False,False,False,False,19.0,False,False,3,2,1,False,AR
2026-02-22,7,True,,False,False,False,False,20.0,False,False,4,2,1,False,AR
2026-02-23,1,False,,False,True,False,False,21.0,False,False,4,2,1,False,AR
2026-02-24,2,False,,False,True,False,False,22.0,False,False,4,2,1,False,AR
2026-02-25,3,False,,False,True,False,False,23.0,False,False,4,2,1,False,AR
2026-02-26,4,False,,False,True,False,False,24.0,False,True,4,2,1,False,AR
2026-02-27,5,False,,False,True,False,False,25.0,False,True,4,2,1,False,AR
2026-02-28,6,True,,False,False,False,False,26.0,False,True,4,2,1,False,AR
2026-03-01,7,True,,False,False,False,False,27.0,True,False,1,3,1,False,AR
2026-03-02,1,False,,False,True,False,True,0.0,True,False,1,3,1,False,AR
2026-03-03,2,False,,False,True,False,False,1.0,True,False,1,3,1,False,AR
2026-03-04,3,False,,False,True,False,False,2.0,False,False,1,3,1,False,AR
2026-03-05,4,False,,False,True,False,False,3.0,False,False,1,3,1,False,AR
2026-03-06,5,False,,False,True,False,False,4.0,False,False,1,3,1,False,AR
2026-03-07,6,True,,False,False,False,False,5.0,False,False,1,3,1,False,AR
2026-03-08,7,True,,False,False,False,False,6.0,False,False,2,3,1,False,AR
2026-03-09,1,False,,False,True,False,False,7.0,False,False,2,3,1,False,AR
2026-03-10,2,False,,False,True,False,False,8.0,False,False,2,3,1,False,AR
2026-03-11,3,False,,False,True,False,False,9.0,False,False,2,3,1,False,AR
2026-03-12,4,False,,False,True,False,False,10.0,False,False,2,3,1,False,AR
2026-03-13,5,False,,False,True,False,False,11.0,False,False,2,3,1,False,AR
2026-03-14,6,True,,False,False,False,False,12.0,False,False,2,3,1,False,AR
2026-03-15,7,True,,False,False,False,False,13.0,False,False,3,3,1,False,AR
2026-03-16,1,False,,False,True,False,False,14.0,False,False,3,3,1,False,AR
2026-03-17,2,False,,False,True,False,False,15.0,False,False,3,3,1,False,AR
2026-03-18,3,False,,False,True,False,False,16.0,False,False,3,3,1,False,AR
2026-03-19,4,False,,False,True,False,False,17.0,False,False,3,3,1,False,AR
2026-03-20,5,False,,False,True,False,False,18.0,False,False,3,3,1,False,AR
2026-03-21,6,True,,False,False,False,False,19.0,False,False,3,3,1,False,AR
2026-03-22,7,True,,False,False,True,False,20.0,False,False,4,3,1,False,AR
2026-03-23,1,False,Feriado con fines turísticos,True,False,True,False,21.0,False,False,4,3,1,False,AR
2026-03-24,2,False,Día Nacional de la Memoria por la Verdad y la Justicia,True,False,False,False,22.0,False,False,4,3,1,False,AR
2026-03-25,3,False,,False,True,False,False,23.0,False,False,4,3,1,False,AR
2026-03-26,4,False,,False,True,False,False,24.0,False,False,4,3,1,False,AR
2026-03-27,5,False,,False,True,False,False,25.0,False,False,4,3,1,False,AR
2026-03-28,6,True,,False,False,False,False,26.0,False,False,4,3,1,False,AR
2026-03-29,7,True,,False,False,False,False,27.0,False,True,5,3,1,False,AR
2026-03-30,1,False,,False,True,False,False,28.0,False,True,5,3,1,False,AR
2026-03-31,2,False,,False,True,False,False,29.0,False,True,5,3,1,False,AR
2026-04-01,3,False,,False,True,False,True,0.0,True,False,1,4,2,False,AR
2026-04-02,4,False,Día del Veterano y de los Caidos en la Guerra de Malvinas; Jueves Santo,True,False,False,False,1.0,True,False,1,4,2,False,AR
2026-04-03,5,False,Viernes Santo,True,False,True,False,2.0,True,False,1,4,2,False,AR
2026-04-04,6,True,,False,False,True,False,3.0,False,False,1,4,2,False,AR
2026-04-05,7,True,,False,False,False,False,4.0,False,False,1,4,2,False,AR
2026-04-06,1,False,,False,True,False,False,5.0,False,False,1,4,2,False,AR
2026-04-07,2,False,,False,True,False,False,6.0,False,False,1,4,2,False,AR
2026-04-08,3,False,,False,True,False,False,7.0,False,False,2,4,2,False,AR
2026-04-09,4,False,,False,True,False,False,8.0,False,False,2,4,2,False,AR
2026-04-10,5,False,,False,True,False,False,9.0,False,False,2,4,2,False,AR
2026-04-11,6,True,,False,False,False,False,10.0,False,False,2,4,2,False,AR
2026-04-12,7,True,,False,False,False,False,11.0,False,False,2,4,2,False,AR
2026-04-13,1,False,,False,True,False,False,12.0,False,False,2,4,2,False,AR
2026-04-14,2,False,,False,True,False,False,13.0,False,False,2,4,2,False,AR
2026-04-15,3,False,,False,True,False,False,14.0,False,False,3,4,2,False,AR
2026-04-16,4,False,,False,True,False,False,15.0,False,False,3,4,2,False,AR
2026-04-17,5,False,,False,True,False,False,16.0,False,False,3,4,2,False,AR
2026-04-18,6,True,,False,False,False,False,17.0,False,False,3,4,2,False,AR
2026-04-19,7,True,,False,False,False,False,18.0,False,False,3,4,2,False,AR
2026-04-20,1,False,,False,True,False,False,19.0,False,False,3,4,2,False,AR
2026-04-21,2,False,,False,True,False,False,20.0,False,False,3,4,2,False,AR
2026-04-22,3,False,,False,True,False,False,21.0,False,False,4,4,2,False,AR
2026-04-23,4,False,,False,True,False,False,22.0,False,False,4,4,2,False,AR
2026-04-24,5,False,,False,True,False,False,23.0,False,False,4,4,2,False,AR
2026-04-25,6,True,,False,False,False,False,24.0,False,False,4,4,2,False,AR
2026-04-26,7,True,,False,False,False,False,25.0,False,False,4,4,2,False,AR
2026-04-27,1,False,,False,True,False,False,26.0,False,False,4,4,2,False,AR
2026-04-28,2,False,,False,True,False,False,27.0,False,True,4,4,2,False,AR
2026-04-29,3,False,,False,True,False,False,28.0,False,True,5,4,2,False,AR
2026-04-30,4,False,,False,True,False,False,29.0,False,True,5,4,2,False,AR
2026-05-01,5,False,Día del Trabajo,True,False,False,False,30.0,True,False,1,5,2,False,AR
2026-05-02,6,True,,False,False,True,False,31.0,True,False,1,5,2,False,AR
2026-05-03,7,True,,False,False,False,False,32.0,True,False,1,5,2,False,AR
2026-05-04,1,False,,False,True,False,True,0.0,False,False,1,5,2,False,AR
2026-05-05,2,False,,False,True,False,False,1.0,False,False,1,5,2,False,AR
2026-05-06,3,False,,False,True,False,False,2.0,False,False,1,5,2,False,AR
2026-05-07,4,False,,False,True,False,False,3.0,False,False,1,5,2,False,AR
2026-05-08,5,False,,False,True,False,False,4.0,False,False,2,5,2,False,AR
2026-05-09,6,True,,False,False,False,False,5.0,False,False,2,5,2,False,AR
2026-05-10,7,True,,False,False,False,False,6.0,False,False,2,5,2,False,AR
2026-05-11,1,False,,False,True,False,False,7.0,False,False,2,5,2,False,AR
2026-05-12,2,False,,False,True,False,False,8.0,False,False,2,5,2,False,AR
2026-05-13,3,False,,False,True,False,False,9.0,False,False,2,5,2,False,AR
2026-05-14,4,False,,False,True,False,False,10.0,False,False,2,5,2,False,AR
2026-05-15,5,False,,False,True,False,False,11.0,False,False,3,5,2,False,AR
2026-05-16,6,True,,False,False,False,False,12.0,False,False,3,5,2,False,AR
2026-05-17,7,True,,False,False,False,False,13.0,False,False,3,5,2,False,AR
2026-05-18,1,False,,False,True,False,False,14.0,False,False,3,5,2,False,AR
2026-05-19,2,False,,False,True,False,False,15.0,False,False,3,5,2,False,AR
2026-05-20,3,False,,False,True,False,False,16.0,False,False,3,5,2,False,AR
2026-05-21,4,False,,False,True,False,False,17.0,False,False,3,5,2,False,AR
2026-05-22,5,False,,False,True,False,False,18.0,False,False,4,5,2,False,AR
2026-05-23,6,True,,False,False,False,False,19.0,False,False,4,5,2,False,AR
2026-05-24,7,True,,False,False,True,False,20.0,False,False,4,5,2,False,AR
2026-05-25,1,False,Día de la Revolución de Mayo,True,False,False,False,21.0,False,False,4,5,2,False,AR
2026-05-26,2,False,,False,True,False,False,22.0,False,False,4,5,2,False,AR
2026-05-27,3,False,,False,True,False,False,23.0,False,False,4,5,2,False,AR
2026-05-28,4,False,,False,True,False,False,24.0,False,False,4,5,2,False,AR
2026-05-29,5,False,,False,True,False,False,25.0,False,True,5,5,2,False,AR
2026-05-30,6,True,,False,False,False,False,26.0,False,True,5,5,2,False,AR
2026-05-31,7,True,,False,False,False,False,27.0,False,True,5,5,2,False,AR
2026-06-01,1,False,,False,True,False,True,0.0,True,False,1,6,2,True,AR
2026-06-02,2,False,,False,True,False,False,1.0,True,False,1,6,2,True,AR
2026-06-03,3,False,,False,True,False,False,2.0,True,False,1,6,2,True,AR
2026-06-04,4,False,,False,True,False,False,3.0,False,False,1,6,2,True,AR
2026-06-05,5,False,,False,True,False,False,4.0,False,False,1,6,2,True,AR
2026-06-06,6,True,,False,False,False,False,5.0,False,False,1,6,2,True,AR
2026-06-07,7,True,,False,False,False,False,6.0,False,False,1,6,2,True,AR
2026-06-08,1,False,,False,True,False,False,7.0,False,False,2,6,2,True,AR
2026-06-09,2,False,,False,True,False,False,8.0,False,False,2,6,2,True,AR
2026-06-10,3,False,,False,True,False,False,9.0,False,False,2,6,2,True,AR
2026-06-11,4,False,,False,True,False,False,10.0,False,False,2,6,2,True,AR
2026-06-12,5,False,,False,True,False,False,11.0,False,False,2,6,2,True,AR
2026-06-13,6,True,,False,False,False,False,12.0,False,False,2,6,2,True,AR
2026-06-14,7,True,,False,False,True,False,13.0,False,False,2,6,2,True,AR
2026-06-15,1,False,Paso a la Inmortalidad del General Don Martín Miguel de Güemes,True,False,False,False,14.0,False,False,3,6,2,True,AR
2026-06-16,2,False,,False,True,False,False,15.0,False,False,3,6,2,True,AR
2026-06-17,3,False,,False,True,False,False,16.0,False,False,3,6,2,True,AR
2026-06-18,4,False,,False,True,False,False,17.0,False,False,3,6,2,True,AR
2026-06-19,5,False,,False,True,False,False,18.0,False,False,3,6,2,True,AR
2026-06-20,6,True,Paso a la Inmortalidad del General Don Manuel Belgrano,True,False,False,False,19.0,False,False,3,6,2,True,AR
2026-06-21,7,True,,False,False,False,False,20.0,False,False,3,6,2,True,AR
2026-06-22,1,False,,False,True,False,False,21.0,False,False,4,6,2,True,AR
2026-06-23,2,False,,False,True,False,False,22.0,False,False,4,6,2,True,AR
2026-06-24,3,False,,False,True,False,False,23.0,False,False,4,6,2,True,AR
2026-06-25,4,False,,False,True,False,False,24.0,False,False,4,6,2,True,AR
2026-06-26,5,False,,False,True,False,False,25.0,False,False,4,6,2,True,AR
2026-06-27,6,True,,False,False,False,False,26.0,False,False,4,6,2,True,AR
2026-06-28,7,True,,False,False,False,False,27.0,False,True,4,6,2,True,AR
2026-06-29,1,False,,False,True,False,False,28.0,False,True,5,6,2,True,AR
2026-06-30,2,False,,False,True,False,False,29.0,False,True,5,6,2,True,AR
