send_channel,promoted_product,campaign_objective,segment,country_code,sends_fit,delivered_fit,open_tracked_fit,opened_fit,clicked_fit,conversions_fit,value_fit,cost_fit,sends_ho,opened_ho,conversions_ho,conversion_value_ho,send_cost_ho,tracked,value_per_conv,cost_per_send,rate_eb,roi_median,roi_p05,roi_p95,p_roi_pos,break_even_rate,ev_per_send,ev_p05,ev_p95,break_even_margin,rate_ho,value_per_conv_ho,cost_per_send_ho
Email,(unknown),Acquisition,Basic,AR,948.0,883.0,883.0,258.0,42.0,3.0,11103.84,4.390600000000001,0.0,0.0,0.0,0.0,0.0,True,3016.2237918340024,0.004631434599156119,0.0051227012098340845,3266.1524821159405,2189.92606183829,4636.358528774595,1.0,1.5355076144200807e-06,15.372925032148283,10.142499332391559,21.47299130425922,0.00029974569109600933,,3016.2237918340024,0.004631434599156119
Email,(unknown),Acquisition,Basic,CO,1501.0,1400.0,1400.0,444.0,94.0,4.0,6743.17,7.154099999999998,0.0,0.0,0.0,0.0,0.0,True,2196.568926074669,0.0047662225183211174,0.004718301361616478,2128.213343749318,1461.9782246387667,2968.8058222955256,1.0,2.1698488318499943e-06,10.371815135245765,6.96811353556842,14.149989162747774,0.00045987923736745155,,2196.568926074669,0.0047662225183211174
Email,(unknown),Acquisition,Basic,MX,2476.0,2325.0,2325.0,750.0,160.0,9.0,28557.12,11.586400000000001,0.0,0.0,0.0,0.0,0.0,True,2970.21930961943,0.004679483037156705,0.004790870051816727,2965.335878066764,2096.4891314862016,4034.4417040438866,1.0,1.5754671791411524e-06,14.090350776085758,9.810485328373073,18.879101518470957,0.00032884782139806226,,2970.21930961943,0.004679483037156705
Email,(unknown),Acquisition,Plus,AR,423.0,405.0,405.0,119.0,21.0,2.0,4160.57,1.9310999999999998,0.0,0.0,0.0,0.0,0.0,True,2455.217190667431,0.004565248226950354,0.005611780734719083,2935.36226232258,1961.4783529503813,4307.963873733562,1.0,1.8594070798719555e-06,13.763191544415339,8.954635573008229,19.666924436328323,0.00033133993785041115,,2455.217190667431,0.004565248226950354
Email,(unknown),Acquisition,Plus,CO,633.0,594.0,594.0,174.0,43.0,5.0,6642.99,2.9292,0.0,0.0,0.0,0.0,0.0,True,1966.894033467202,0.004627488151658767,0.00610888399193038,2550.204064796988,1789.7141389708313,3534.309757669011,1.0,2.352688082286529e-06,11.977703863625312,8.281880972943695,16.35497652790532,0.0003851256768657494,,1966.894033467202,0.004627488151658767
Email,(unknown),Acquisition,Plus,MX,1004.0,943.0,943.0,280.0,63.0,8.0,22398.699999999997,4.7948,0.0,0.0,0.0,0.0,0.0,True,2724.973102667078,0.0047756972111553785,0.0062906814998986435,3540.0702207122026,2455.5649288269988,4828.564749426691,1.0,1.7525667341380899e-06,17.096282568872027,11.727034582410052,23.059763207720216,0.0002785972766490129,,2724.973102667078,0.0047756972111553785
Email,(unknown),Acquisition,Premium,AR,172.0,160.0,160.0,47.0,8.0,0.0,0.0,0.8455,0.0,0.0,0.0,0.0,0.0,True,2605.190066934404,0.004915697674418604,0.005427144099282157,2783.0656814364056,1853.7100417008287,4004.6337931754347,1.0,1.886886387603587e-06,14.06597369349798,9.112278141035178,19.68556902401064,0.0003476757486231411,,2605.190066934404,0.004915697674418604
Email,(unknown),Acquisition,Premium,CO,257.0,249.0,249.0,72.0,15.0,1.0,4124.68,1.2267,0.0,0.0,0.0,0.0,0.0,True,2858.4383891120033,0.004773151750972762,0.005590966091147421,3284.534465394575,2174.8159055836572,4701.378093796767,1.0,1.6698459442589489e-06,15.914018792533843,10.380726347780046,22.440391080391024,0.00029866858733107617,,2858.4383891120033,0.004773151750972762
Email,(unknown),Acquisition,Premium,MX,419.0,399.0,399.0,136.0,37.0,4.0,5176.780000000001,1.9800999999999995,0.0,0.0,0.0,0.0,0.0,True,2022.5255927413357,0.004725775656324581,0.006197949540430698,2603.0292422550233,1810.5143761054076,3619.65256412016,1.0,2.336571499161726e-06,12.500568455695587,8.556084764024622,17.105665971871904,0.0003769910490428673,,2022.5255927413357,0.004725775656324581
Email,(unknown),Acquisition,Student,AR,79.0,75.0,75.0,22.0,6.0,0.0,0.0,0.3614,0.0,0.0,0.0,0.0,0.0,True,2605.190066934404,0.004574683544303798,0.005589420238635326,3118.2108955977515,2003.8547077982582,4523.714141905986,1.0,1.7559884026761045e-06,14.487326589553115,9.167001156940387,20.694560644111693,0.00031416288768883736,,2605.190066934404,0.004574683544303798
Email,(unknown),Acquisition,Student,CO,135.0,126.0,126.0,26.0,4.0,0.0,0.0,0.6569,0.0,0.0,0.0,0.0,0.0,True,2605.190066934404,0.004865925925925926,0.005490563716318466,2883.2159774379306,1879.8674340899902,4209.282286018481,1.0,1.8677815441127449e-06,14.36214763613257,9.147295684842332,20.482055805078073,0.00034018028760171283,,2605.190066934404,0.004865925925925926
Email,(unknown),Acquisition,Student,MX,223.0,206.0,206.0,58.0,19.0,0.0,0.0,1.1018,0.0,0.0,0.0,0.0,0.0,True,2605.190066934404,0.004940807174887892,0.005342091719128282,2726.6576632704973,1777.6838636655445,4019.5808608158723,1.0,1.896524648085224e-06,13.826648809922698,8.783193188281151,19.85997395716111,0.00035501536622712597,,2605.190066934404,0.004940807174887892
Email,(unknown),Cross-sell,Basic,AR,1530.0,1440.0,1440.0,440.0,92.0,13.0,23542.29,7.2213,1405.0,393.0,11.0,23175.27,6.7209,True,2031.5689074817792,0.004719803921568628,0.006661432942794885,2868.210674170751,2093.3587022434717,3779.1921524756112,1.0,2.323231028091996e-06,13.565198164136927,9.880242612098549,17.837045941615774,0.0003487584500276087,0.007829181494661922,2106.842727272727,0.00478355871886121
Email,(unknown),Cross-sell,Basic,CO,2461.0,2296.0,2296.0,684.0,143.0,13.0,40704.03999999999,11.5601,2177.0,604.0,8.0,16149.21,10.1477,True,2984.999463037334,0.004697318163348232,0.005532249273507556,3491.8337803527284,2518.0270425865583,4621.674607463076,1.0,1.5736412088223822e-06,16.538133777186108,11.827974162943873,21.709476078721625,0.0002844487171534594,0.0036747818098300414,2018.65125,0.004661322921451539
Email,(unknown),Cross-sell,Basic,MX,3885.0,3663.0,3663.0,1070.0,210.0,25.0,62623.15,18.385199999999998,3550.0,984.0,14.0,35201.94,16.603700000000003,True,2521.636677822401,0.004732355212355212,0.006128245446049742,3245.1764515010022,2515.9362213282147,4118.6657769336825,1.0,1.876699864804438e-06,15.506349987504931,11.906303890955854,19.49098945742114,0.0003062377121357233,0.003943661971830986,2514.424285714286,0.004677098591549297
Email,(unknown),Cross-sell,Plus,AR,657.0,626.0,626.0,163.0,38.0,1.0,4645.55,3.1419,562.0,168.0,2.0,5216.21,2.5232,True,2945.25005577867,0.004782191780821918,0.004984616844538055,3022.3339817932247,1988.0175254455983,4295.871590158082,1.0,1.6236963552344607e-06,14.666194050356237,9.507081070315868,20.54368180992036,0.0003257414573426326,0.0035587188612099642,2608.105,0.004489679715302492
Email,(unknown),Cross-sell,Plus,CO,1028.0,954.0,954.0,281.0,54.0,7.0,17441.54,4.684899999999999,948.0,266.0,8.0,18168.93,4.3777,True,2538.957527889335,0.004557295719844357,0.0060071395766903265,3294.9099993906175,2362.1483919904263,4592.955229575139,1.0,1.794947599471225e-06,15.290793243226345,10.7650087564552,20.93145520917954,0.00029880237949459523,0.008438818565400843,2271.11625,0.004617827004219409
Email,(unknown),Cross-sell,Plus,MX,1598.0,1497.0,1497.0,453.0,101.0,12.0,30496.620000000003,7.4719999999999995,1500.0,450.0,9.0,24297.1,7.332600000000002,True,2560.1511961571778,0.004675844806007509,0.006347566183755236,3421.9716581019366,2484.023264575075,4578.4897981953845,1.0,1.8263940086921494e-06,16.19807777515876,11.614907279665179,21.40830774225026,0.00028773138488359174,0.006,2699.6777777777775,0.004888400000000001
Email,(unknown),Cross-sell,Premium,AR,259.0,242.0,242.0,67.0,13.0,4.0,15201.95,1.3135999999999999,233.0,67.0,1.0,2431.1,1.0868,True,3136.4333705191134,0.005071814671814672,0.006499343832026691,3982.962380318964,2718.5176092190713,5553.350148083435,1.0,1.6170643762074347e-06,20.46847906900371,13.78781749602383,28.165562758773742,0.00024880425132134995,0.004291845493562232,2431.1,0.004664377682403433
Email,(unknown),Cross-sell,Premium,CO,379.0,356.0,356.0,102.0,21.0,0.0,0.0,1.7589000000000001,316.0,93.0,2.0,6520.18,1.4263,True,2605.190066934404,0.00464089709762533,0.005097722913226101,2800.4713682219526,1863.9759605968213,4092.8507608659797,1.0,1.781404419020527e-06,13.264066751299321,8.650520625577174,18.994499217116548,0.0003494510096652473,0.006329113924050633,3260.09,0.004513607594936709
Email,(unknown),Cross-sell,Premium,MX,696.0,656.0,656.0,193.0,42.0,3.0,8199.41,3.3626,613.0,175.0,2.0,4719.4400000000005,2.8686,True,2653.1700418340024,0.00483132183908046,0.0054690450157534425,2937.465154421141,1959.7032509876124,4204.740020797652,1.0,1.8209620050363645e-06,14.496665947888616,9.467957114613428,20.31445229013532,0.00033295794783022093,0.0032626427406199023,2359.7200000000003,0.004679608482871125
Email,(unknown),Cross-sell,Student,AR,156.0,145.0,145.0,38.0,9.0,0.0,0.0,0.7571000000000001,119.0,29.0,1.0,1987.53,0.544,True,2605.190066934404,0.004853205128205129,0.005454388105757738,2914.0889430482766,1876.8624057202694,4211.409750164347,1.0,1.8628986766850464e-06,14.353397844302707,9.108798252377026,20.43883539647069,0.00034154127659499355,0.008403361344537815,1987.53,0.004571428571428572
Email,(unknown),Cross-sell,Student,CO,220.0,206.0,206.0,54.0,11.0,1.0,1546.87,0.9793,182.0,47.0,1.0,1869.48,0.8424,True,2428.803389112003,0.004451363636363636,0.005654592010327544,3024.030175827308,1987.9592403244337,4311.06134801346,1.0,1.8327393877653897e-06,13.67873329838035,8.849129472953262,19.19010171867991,0.0003241152296077375,0.005494505494505495,1869.48,0.004628571428571429
Email,(unknown),Cross-sell,Student,MX,316.0,301.0,301.0,90.0,22.0,0.0,0.0,1.4368,317.0,98.0,1.0,2767.04,1.4152,True,2605.190066934404,0.004546835443037975,0.005193668410080297,2913.9925000203284,1867.0745059179535,4173.061700359141,1.0,1.7452989325989395e-06,13.469782245476308,8.489280538300367,18.97422484517726,0.00033604358129824387,0.0031545741324921135,2767.04,0.004464353312302839
Email,(unknown),Retention,Basic,AR,0.0,0.0,0.0,0.0,0.0,0.0,0.0,0.0,1076.0,285.0,6.0,13579.12,4.975199999999999,True,2605.190066934404,0.0046237918215613375,0.00573508941000107,3136.9803965821875,2049.1914324802506,4543.503591711291,1.0,1.7748385732954508e-06,14.759522788788729,9.475034586315743,21.008214748589232,0.00030947007908898835,0.0055762081784386614,2263.186666666667,0.0046237918215613375
Email,(unknown),Retention,Basic,CO,0.0,0.0,0.0,0.0,0.0,0.0,0.0,0.0,1684.0,492.0,11.0,28073.72,7.833000000000001,True,2605.190066934404,0.004651425178147269,0.00573508941000107,3131.8357283824253,2018.5860327590296,4501.703140096534,1.0,1.7854456138091776e-06,14.81087895392315,9.38930189703176,20.939335330389646,0.0003113195778073919,0.006532066508313539,2552.156363636364,0.004651425178147269
Email,(unknown),Retention,Basic,MX,0.0,0.0,0.0,0.0,0.0,0.0,0.0,0.0,2694.0,770.0,18.0,50695.81,12.783100000000001,True,2605.190066934404,0.00474502598366741,0.00573508941000107,3139.576201545501,2036.2815713998768,4494.618558592427,1.0,1.8213742037067594e-06,15.088043796716734,9.66220896635552,21.327081847194826,0.00031758427349547105,0.0066815144766146995,2816.4338888888888,0.00474502598366741
Email,(unknown),Retention,Plus,AR,0.0,0.0,0.0,0.0,0.0,0.0,0.0,0.0,460.0,140.0,1.0,2715.9,2.0976999999999997,True,2605.190066934404,0.0045602173913043475,0.00573508941000107,3247.148240026192,2151.5978867061995,4683.621454388576,1.0,1.750435582103411e-06,15.069077238706202,9.811754102051292,21.358332010588946,0.0003052150467002195,0.002173913043478261,2715.9,0.0045602173913043475
Email,(unknown),Retention,Plus,CO,0.0,0.0,0.0,0.0,0.0,0.0,0.0,0.0,650.0,187.0,3.0,9613.51,2.9696,True,2605.190066934404,0.0045686153846153845,0.00573508941000107,3222.168365160057,2096.6619385082863,4664.636389799186,1.0,1.7536591447208283e-06,15.017537009828285,9.578841988606472,21.310929574073324,0.00030577712383397717,0.004615384615384616,3204.5033333333336,0.0045686153846153845
Email,(unknown),Retention,Plus,MX,0.0,0.0,0.0,0.0,0.0,0.0,0.0,0.0,1078.0,311.0,10.0,19066.83,4.933,True,2605.190066934404,0.004576066790352504,0.00573508941000107,3213.6787512164133,2138.782164251753,4590.712279480013,1.0,1.756519360499974e-06,14.9631819144228,9.787210033630702,21.007406006191932,0.00030627584592437005,0.00927643784786642,1906.6830000000002,0.004576066790352504
Email,(unknown),Retention,Premium,AR,0.0,0.0,0.0,0.0,0.0,0.0,0.0,0.0,180.0,50.0,1.0,4929.48,0.9005,True,2605.190066934404,0.005002777777777778,0.00573508941000107,2916.9113137330824,1903.392076449457,4169.544366596601,1.0,1.9203120115012103e-06,14.831232580747194,9.522247582459645,20.859303900667996,0.0003348355839322219,0.005555555555555556,4929.48,0.005002777777777778
Email,(unknown),Retention,Premium,CO,0.0,0.0,0.0,0.0,0.0,0.0,0.0,0.0,292.0,83.0,4.0,10599.439999999999,1.3642,True,2605.190066934404,0.0046719178082191785,0.00573508941000107,3141.36727413655,2032.917241408227,4477.327036353041,1.0,1.7933116925003279e-06,14.876855455637385,9.497622262770903,20.917703914358974,0.0003126911481751412,0.0136986301369863,2649.8599999999997,0.0046719178082191785
Email,(unknown),Retention,Premium,MX,0.0,0.0,0.0,0.0,0.0,0.0,0.0,0.0,445.0,136.0,3.0,5237.79,2.1284000000000005,True,2605.190066934404,0.004782921348314608,0.00573508941000107,3061.6268543126234,2012.1097555782449,4461.127449836867,1.0,1.8359203073205318e-06,14.95739664338583,9.623762705107275,21.33722171737705,0.0003201206077308896,0.006741573033707865,1745.93,0.004782921348314608
Email,(unknown),Retention,Student,AR,0.0,0.0,0.0,0.0,0.0,0.0,0.0,0.0,88.0,22.0,0.0,0.0,0.4051,True,2605.190066934404,0.004603409090909091,0.00573508941000107,3198.7004972918467,2104.855935082294,4564.882934783052,1.0,1.767014679403428e-06,14.963496380389133,9.689512946611787,21.014023600916076,0.00030810586428208766,0.0,2605.190066934404,0.004603409090909091
Email,(unknown),Retention,Student,CO,0.0,0.0,0.0,0.0,0.0,0.0,0.0,0.0,144.0,33.0,0.0,0.0,0.6699999999999999,True,2605.190066934404,0.004652777777777777,0.00573508941000107,3168.304567891848,1986.3021295993656,4566.208969490109,1.0,1.7859648080313863e-06,14.917299688295966,9.241822408552602,21.245555621933146,0.00031141010721070047,0.0,2605.190066934404,0.004652777777777777
Email,(unknown),Retention,Student,MX,0.0,0.0,0.0,0.0,0.0,0.0,0.0,0.0,221.0,73.0,1.0,934.61,1.0772000000000002,True,2605.190066934404,0.004874208144796381,0.00573508941000107,3027.420371441255,1978.6259296928404,4338.993863016443,1.0,1.8709606668092322e-06,15.002851026419227,9.644234622014155,21.14915922733626,0.00032623042694793545,0.004524886877828055,934.61,0.004874208144796381
Email,Cuenta Ahorro,Cross-sell,Basic,AR,1331.0,1244.0,1244.0,396.0,71.0,6.0,14699.8,6.172199999999999,1963.0,539.0,15.0,33920.369999999995,9.200500000000002,True,2485.931599701588,0.004637265214124718,0.00536065136126558,2819.6847125995564,1984.6652010572445,3983.791979110871,1.0,1.8654033822496873e-06,13.366161597353688,9.2034188985466,18.473899965039905,0.0003479807315447744,0.007641365257259297,2261.3579999999997,0.004686958736627612
Email,Cuenta Ahorro,Cross-sell,Basic,CO,2184.0,2056.0,2056.0,620.0,129.0,16.0,38737.9,10.389200000000002,3010.0,830.0,16.0,37279.79,14.2868,True,2446.826076034165,0.0047569597069597085,0.006401317115600876,3243.6772938833756,2420.3139969122417,4262.301035825434,1.0,1.944134793049871e-06,15.629966390212537,11.513336161502139,20.27559428635422,0.00030370855840148133,0.0053156146179402,2329.986875,0.004746445182724253
Email,Cuenta Ahorro,Cross-sell,Basic,MX,3503.0,3281.0,3281.0,1014.0,199.0,17.0,54294.28,16.540699999999998,4912.0,1410.0,37.0,105296.01,22.9067,True,3042.714890759885,0.00472186697116757,0.0052621960374642915,3352.7653730702946,2507.4832903171005,4366.948861452306,1.0,1.5518598162144383e-06,16.017539236134265,11.840002529302899,20.62015159366947,0.00029490726023240996,0.00753257328990228,2845.838108108108,0.004663416123778501
Email,Cuenta Ahorro,Cross-sell,Plus,AR,554.0,528.0,528.0,175.0,36.0,8.0,23387.010000000002,2.4803,843.0,215.0,3.0,8223.41,3.9658999999999995,True,2771.7275074398053,0.004477075812274369,0.007080244893901764,4347.326656929485,3077.95789501873,5853.114564502282,1.0,1.6152654978734772e-06,19.669488607750985,13.780250842987288,26.204837643203994,0.00022813695318147967,0.0035587188612099642,2741.1366666666668,0.004704507710557532
Email,Cuenta Ahorro,Cross-sell,Plus,CO,829.0,788.0,788.0,242.0,58.0,2.0,6383.47,3.7429,1282.0,400.0,4.0,3461.37,6.0909,True,2718.4167995310668,0.004514957780458384,0.005021569051090089,2988.8801994436744,2018.5800411218856,4237.635194582841,1.0,1.6608776774912606e-06,13.771005048362309,9.113803662141262,19.132743992526073,0.0003307487481688049,0.0031201248049922,865.3425,0.004751092043681748
Email,Cuenta Ahorro,Cross-sell,Plus,MX,1488.0,1397.0,1397.0,442.0,85.0,8.0,19170.7,6.7437000000000005,2090.0,609.0,11.0,25659.47,9.882800000000001,True,2447.395968978267,0.004532056451612904,0.005616970391494209,2988.9974121115583,2132.1501879916077,4073.9823853319845,1.0,1.8517871685083047e-06,13.731979227564814,9.663025015295032,18.463518153201147,0.00032967721733275824,0.005263157894736842,2332.679090909091,0.004728612440191389
Email,Cuenta Ahorro,Cross-sell,Premium,AR,232.0,217.0,217.0,58.0,17.0,0.0,0.0,1.0884,314.0,96.0,0.0,0.0,1.4714999999999998,True,2529.0895193434935,0.004691379310344828,0.005327358441570159,2849.253465287181,1886.4508618426244,4051.50367226523,1.0,1.854967676890546e-06,13.569890673155482,8.850056543230657,19.007140503851193,0.00034819652126576677,0.0,2529.0895193434935,0.004686305732484076
Email,Cuenta Ahorro,Cross-sell,Premium,CO,378.0,350.0,350.0,107.0,23.0,4.0,9358.09,1.7274999999999998,472.0,138.0,4.0,9922.11,2.1754999999999995,True,2444.8375107463853,0.00457010582010582,0.006272486056302638,3285.2688519448793,2269.6234420506703,4617.47330792002,1.0,1.8692881633309898e-06,15.29918406319984,10.372419301964372,21.102341638708555,0.00029801392088432243,0.00847457627118644,2480.5275,0.004609110169491525
Email,Cuenta Ahorro,Cross-sell,Premium,MX,583.0,556.0,556.0,158.0,30.0,3.0,7710.5,2.813,835.0,219.0,2.0,3655.4700000000003,4.0514,True,2544.493449589683,0.004825042881646656,0.005640033956039899,2926.7902877005977,1983.7772153200356,4134.098784722834,1.0,1.8962685411608061e-06,14.344367831180705,9.571810131552763,19.947203913251002,0.00033621580223468277,0.0023952095808383233,1827.7350000000001,0.004851976047904192
Email,Cuenta Ahorro,Cross-sell,Student,AR,109.0,108.0,108.0,28.0,7.0,1.0,494.24,0.5701,125.0,34.0,1.0,3151.85,0.6282,True,2189.9479327862446,0.005230275229357799,0.005854465748692124,2420.244023012049,1631.341917860528,3485.7243869434833,1.0,2.3883103114252502e-06,12.926927476024986,8.532367223598964,18.231297917398898,0.00040794675619355944,0.008,3151.85,0.0050256
Email,Cuenta Ahorro,Cross-sell,Student,CO,166.0,154.0,154.0,40.0,3.0,2.0,6783.52,0.8079999999999999,250.0,61.0,0.0,0.0,1.2328999999999999,True,2775.5667995310673,0.004867469879518072,0.006062860144345894,3391.7342691598533,2282.3363019972603,4722.124377536447,1.0,1.7536850060104597e-06,16.75961258804149,11.109203204902327,22.984798174996683,0.0002892504468614392,0.0,2775.5667995310673,0.0049315999999999995
Email,Cuenta Ahorro,Cross-sell,Student,MX,321.0,297.0,297.0,86.0,23.0,3.0,6257.52,1.4704,406.0,125.0,6.0,24768.940000000002,2.0104,True,2362.8709495896837,0.0045806853582554515,0.00608083497304092,3080.1526788311608,2093.406524256746,4360.38228021244,1.0,1.9386100451448247e-06,14.426115614630731,9.589236614539312,19.97353926736564,0.0003188065543201807,0.014778325123152709,4128.156666666667,0.004951724137931035
Email,Cuenta Ahorro,Retention,Basic,AR,1483.0,1400.0,1400.0,433.0,94.0,10.0,29671.95,7.046900000000001,2823.0,764.0,17.0,44686.49,13.148800000000001,True,2821.1598397811645,0.004751786918408631,0.006066230158247363,3541.9650292655156,2543.3531517776396,4814.335935042529,1.0,1.6843380695427821e-06,17.050809406308044,12.08547223551035,22.876698516959674,0.00027765812137095307,0.0060219624512929506,2628.617058823529,0.004657739992915339
Email,Cuenta Ahorro,Retention,Basic,CO,2327.0,2184.0,2184.0,640.0,146.0,11.0,28376.14,11.01,4192.0,1126.0,30.0,76839.78,19.679700000000004,True,2563.8492247948416,0.004731413837559089,0.005297345843581417,2844.2623942127757,2028.2108482937253,3813.697705345031,1.0,1.8454337298004313e-06,13.568958424129143,9.59630487310439,18.044182095336826,0.0003483695013110141,0.00715648854961832,2561.326,0.004694584923664123
Email,Cuenta Ahorro,Retention,Basic,MX,3876.0,3624.0,3624.0,1068.0,236.0,20.0,43379.52,18.204900000000002,7020.0,2015.0,39.0,90368.56,32.78880000000001,True,2240.9987038686986,0.004696826625386998,0.005412356552201136,2547.6763692398927,1953.8680240554772,3299.521323300824,1.0,2.095863160152094e-06,12.13839120386229,9.176979357876048,15.49727960231145,0.0003872367128695048,0.005555555555555556,2317.142564102564,0.004670769230769232
Email,Cuenta Ahorro,Retention,Plus,AR,701.0,660.0,660.0,198.0,45.0,4.0,9221.66,3.3401999999999994,1180.0,322.0,9.0,26905.7,5.6414,True,2429.6786218574966,0.004764907275320969,0.005729650999513148,2885.924671072606,1974.2838416036254,4046.8783847434747,1.0,1.9611265590665578e-06,13.952568574090954,9.407279440405746,19.283000257803355,0.0003422767912449111,0.007627118644067797,2989.5222222222224,0.004780847457627119
Email,Cuenta Ahorro,Retention,Plus,CO,959.0,895.0,895.0,281.0,57.0,5.0,13370.64,4.4498,1786.0,492.0,8.0,21094.91,8.267399999999999,True,2601.6087596717466,0.004640041710114702,0.00560979729703422,3087.3323894144683,2149.183032452112,4379.806538212383,1.0,1.7835278624677416e-06,14.607119287978856,9.9722989132486,20.322485019538544,0.00031793089269208617,0.004479283314669653,2636.86375,0.004629003359462485
Email,Cuenta Ahorro,Retention,Plus,MX,1556.0,1455.0,1455.0,441.0,91.0,6.0,17847.54,7.378,3053.0,890.0,21.0,50894.51,14.1023,True,2772.0897815197695,0.004741645244215938,0.00509771858193118,2917.9260641024466,2024.3157300413457,4109.430676065992,1.0,1.710494831670416e-06,14.110909150391828,9.598587054142062,19.4854624216034,0.00033554124343647575,0.006878480183426138,2423.5480952380954,0.004619161480510972
Email,Cuenta Ahorro,Retention,Premium,AR,232.0,212.0,212.0,82.0,16.0,4.0,11914.81,1.0461,505.0,135.0,1.0,2990.22,2.3279,True,2728.9175107463852,0.004509051724137931,0.006553118631294955,3953.8769410068744,2665.4307078047773,5553.545043859261,1.0,1.6523224708630574e-06,18.062850860747453,12.018564928597318,25.041221855091262,0.000252142920619849,0.0019801980198019802,2990.22,0.00460970297029703
Email,Cuenta Ahorro,Retention,Premium,CO,387.0,360.0,360.0,113.0,23.0,2.0,4373.33,1.8820000000000001,782.0,214.0,1.0,2500.47,3.6191,True,2431.2539423882095,0.004863049095607235,0.00567088181606533,2807.8977503618,1851.4686142047915,3992.5817953052665,1.0,2.0002226056362853e-06,13.816569016557482,9.003782769853792,19.416121288797186,0.0003527180905039764,0.0012787723785166241,2500.47,0.0046280051150895144
Email,Cuenta Ahorro,Retention,Premium,MX,672.0,621.0,621.0,189.0,44.0,1.0,4038.61,3.1353,1237.0,345.0,3.0,7325.3,5.7832,True,2780.6762661195776,0.004665625,0.004964426842309852,2931.144691056043,1917.762546165726,4165.110309202248,1.0,1.6778742124162696e-06,13.875665807386458,8.947560879454466,19.432842786371737,0.0003379794416782235,0.002425222312045271,2441.766666666667,0.004675181891673403
Email,Cuenta Ahorro,Retention,Student,AR,130.0,122.0,122.0,35.0,8.0,1.0,276.36,0.5932,224.0,67.0,2.0,2418.87,1.0836999999999999,True,2153.6345994529115,0.004563076923076922,0.005815575255013948,2714.6270530074517,1759.854480127822,3841.161200235653,1.0,2.118779538662725e-06,12.547296307962952,8.030351366244798,17.527514030613762,0.00036432845346399755,0.008928571428571428,1209.435,0.004837946428571428
Email,Cuenta Ahorro,Retention,Student,CO,206.0,195.0,195.0,58.0,17.0,3.0,10723.369999999999,0.9218000000000001,352.0,110.0,2.0,3473.16,1.5807,True,2921.1021995896836,0.004474757281553398,0.006296848353071294,4029.286363227728,2724.755891136828,5704.013132476022,1.0,1.5318728944786495e-06,18.296334227742307,12.192621264320037,25.52407429862329,0.00024327612935627974,0.005681818181818182,1736.58,0.004490625
Email,Cuenta Ahorro,Retention,Student,MX,357.0,340.0,340.0,107.0,20.0,5.0,17340.48,1.6958,540.0,153.0,3.0,4406.38,2.5982,True,2998.592759671747,0.004750140056022409,0.006606496780384276,4098.3173224036345,2825.1899460596724,5680.979689869983,1.0,1.584123099310892e-06,19.7782500106016,13.420047928649838,26.985449182301167,0.00023978261883278316,0.005555555555555556,1468.7933333333333,0.004811481481481481
Email,Cuenta Ahorro,Up-sell,Basic,AR,102.0,92.0,92.0,28.0,8.0,2.0,5728.25,0.41520000000000007,0.0,0.0,0.0,0.0,0.0,True,2624.8139423882094,0.004070588235294118,0.006186699354088797,3910.004463480481,2644.544905433149,5540.397700098028,1.0,1.5508102001281122e-06,16.13471433911333,10.764853379763172,22.552677696869623,0.0002506684277624029,,2624.8139423882094,0.004070588235294118
Email,Cuenta Ahorro,Up-sell,Basic,CO,153.0,141.0,141.0,41.0,4.0,0.0,0.0,0.7253000000000001,0.0,0.0,0.0,0.0,0.0,True,2529.0895193434935,0.004740522875816994,0.0054595268369363095,2868.7261864863954,1877.7698211725885,4161.452059389037,1.0,1.8743990038943142e-06,13.840027213717251,8.901610792787443,19.727458684149468,0.00034332627348090104,,2529.0895193434935,0.004740522875816994
Email,Cuenta Ahorro,Up-sell,Basic,MX,260.0,245.0,245.0,66.0,17.0,3.0,8172.379999999999,1.2552000000000003,0.0,0.0,0.0,0.0,0.0,True,2602.2284495896834,0.004827692307692309,0.006193536054360335,3295.9908881941587,2228.5174676428483,4582.8514496023045,1.0,1.8552146366909233e-06,16.122880552039366,10.758596636097321,22.12459669054159,0.0002995404596675959,,2602.2284495896834,0.004827692307692309
Email,Cuenta Ahorro,Up-sell,Plus,AR,48.0,43.0,43.0,13.0,1.0,0.0,0.0,0.2581,0.0,0.0,0.0,0.0,0.0,True,2529.0895193434935,0.0053770833333333335,0.005645690525282453,2593.577138485391,1664.745689715147,3813.8200294439907,1.0,2.126094506425035e-06,14.214098439633343,8.95147630240582,20.507228116656126,0.0003765871503058816,,2529.0895193434935,0.0053770833333333335
Email,Cuenta Ahorro,Up-sell,Plus,CO,71.0,67.0,67.0,22.0,4.0,1.0,2301.59,0.3256,0.0,0.0,0.0,0.0,0.0,True,2491.1729327862445,0.004585915492957746,0.005926177400475007,3176.2591697700436,2107.5298590292546,4584.370590827871,1.0,1.8408659762647002e-06,14.826946110483142,9.664953832393312,21.02353611793739,0.000310632951372186,,2491.1729327862445,0.004585915492957746
Email,Cuenta Ahorro,Up-sell,Plus,MX,122.0,119.0,119.0,24.0,3.0,0.0,0.0,0.5650999999999999,0.0,0.0,0.0,0.0,0.0,True,2529.0895193434935,0.004631967213114754,0.005513199608001252,2936.0427297206447,1911.820120554873,4250.207924556646,1.0,1.8314761805335898e-06,13.895146684102452,8.855488115783269,19.686823755466886,0.0003321984166645421,,2529.0895193434935,0.004631967213114754
Email,Cuenta Ahorro,Up-sell,Premium,AR,17.0,16.0,16.0,5.0,1.0,0.0,0.0,0.0689,0.0,0.0,0.0,0.0,0.0,True,2529.0895193434935,0.004052941176470588,0.005703105311965481,3488.0130534817386,2306.0014483910386,5009.88201717631,1.0,1.602529742609767e-06,14.389020551741998,9.346088223184857,20.304757116673397,0.0002809924865401936,,2529.0895193434935,0.004052941176470588
Email,Cuenta Ahorro,Up-sell,Premium,CO,36.0,35.0,35.0,9.0,2.0,0.0,0.0,0.1687,0.0,0.0,0.0,0.0,0.0,True,2529.0895193434935,0.0046861111111111105,0.005667777932722632,2989.231539564291,1972.2775232333784,4246.260375428381,1.0,1.8528846350711782e-06,14.22748812881628,9.242311615818636,19.89844792596577,0.0003269155314596293,,2529.0895193434935,0.0046861111111111105
Email,Cuenta Ahorro,Up-sell,Premium,MX,35.0,35.0,35.0,12.0,1.0,0.0,0.0,0.2025,0.0,0.0,0.0,0.0,0.0,True,2529.0895193434935,0.005785714285714286,0.005669626353607331,2440.6514840393857,1601.500781150528,3493.2949868808273,1.0,2.2876668625063753e-06,14.339690417921405,9.265825948085197,20.2112067098105,0.0004034951723142804,,2529.0895193434935,0.005785714285714286
Email,Cuenta Ahorro,Up-sell,Student,AR,9.0,9.0,9.0,3.0,1.0,0.0,0.0,0.0372,0.0,0.0,0.0,0.0,0.0,True,2529.0895193434935,0.004133333333333333,0.005718112096447842,3423.121024304005,2203.668016207596,4947.759677775922,1.0,1.6343167379880932e-06,14.438125351155053,9.108494466991393,20.450740001473807,0.0002858140432404866,,2529.0895193434935,0.004133333333333333
Email,Cuenta Ahorro,Up-sell,Student,CO,20.0,19.0,19.0,7.0,0.0,0.0,0.0,0.0831,0.0,0.0,0.0,0.0,0.0,True,2529.0895193434935,0.004155,0.005697498055324471,3446.175293338017,2200.483198513843,4848.277556520578,1.0,1.6428837208888374e-06,14.419583941685403,9.143007689825017,20.144593247343003,0.000288351782648441,,2529.0895193434935,0.004155
Email,Cuenta Ahorro,Up-sell,Student,MX,18.0,17.0,17.0,6.0,1.0,0.0,0.0,0.0744,0.0,0.0,0.0,0.0,0.0,True,2529.0895193434935,0.004133333333333333,0.005701235000499636,3393.6002333663446,2198.5332099034395,5088.554655974321,1.0,1.6343167379880932e-06,14.355054287665327,9.087270600934215,21.032692578027188,0.00028666012501587243,,2529.0895193434935,0.004133333333333333
Email,Cuenta Corriente,Acquisition,Basic,AR,0.0,0.0,0.0,0.0,0.0,0.0,0.0,0.0,1827.0,503.0,10.0,19689.83,8.5763,True,2534.317981651376,0.004694198139025725,0.00573508941000107,3043.760760498988,2015.3824050857522,4424.073346602885,1.0,1.8522530215276926e-06,14.554644694113012,9.460604335378727,20.767476870536573,0.00032296846467601054,0.005473453749315818,1968.9830000000002,0.004694198139025725
Email,Cuenta Corriente,Acquisition,Basic,CO,0.0,0.0,0.0,0.0,0.0,0.0,0.0,0.0,2760.0,782.0,15.0,39675.009999999995,12.893800000000004,True,2534.317981651376,0.004671666666666669,0.00573508941000107,3021.7913987699826,1980.620087270983,4461.698226567724,1.0,1.8433624748314273e-06,14.503363351677745,9.25279684103428,20.843566881782223,0.00032141826274179806,0.005434782608695652,2645.0006666666663,0.004671666666666669
Email,Cuenta Corriente,Acquisition,Basic,MX,0.0,0.0,0.0,0.0,0.0,0.0,0.0,0.0,4626.0,1347.0,20.0,53721.93000000001,21.547000000000008,True,2534.317981651376,0.0046578037181150035,0.00573508941000107,3088.0150975904053,2010.1475463464328,4520.691429524791,1.0,1.8378923843960384e-06,14.656998080269004,9.362872715332166,21.056493348891202,0.00032046446934045193,0.00432338953739732,2686.0965000000006,0.0046578037181150035
Email,Cuenta Corriente,Acquisition,Plus,AR,0.0,0.0,0.0,0.0,0.0,0.0,0.0,0.0,751.0,211.0,3.0,6273.32,3.5267,True,2534.317981651376,0.004696005326231691,0.00573508941000107,3072.8963688898966,2016.9249988764916,4437.373397820698,1.0,1.8529661077382825e-06,14.685417990978376,9.471490537333851,20.83792911064481,0.00032309280209424614,0.0039946737683089215,2091.1066666666666,0.004696005326231691
Email,Cuenta Corriente,Acquisition,Plus,CO,0.0,0.0,0.0,0.0,0.0,0.0,0.0,0.0,1147.0,302.0,7.0,20767.289999999997,5.327999999999999,True,2534.317981651376,0.00464516129032258,0.00573508941000107,3046.8086043906233,2014.3741489847118,4405.497662568517,1.0,1.8329038912850891e-06,14.4672678970632,9.357092821090273,20.464247206769883,0.00031959464975189414,0.006102877070619006,2966.755714285714,0.00464516129032258
Email,Cuenta Corriente,Acquisition,Plus,MX,0.0,0.0,0.0,0.0,0.0,0.0,0.0,0.0,1858.0,514.0,7.0,19039.269999999997,8.5007,True,2534.317981651376,0.00457518837459634,0.00573508941000107,3071.799035949123,2064.0067276452696,4558.193721061419,1.0,1.8052937349302635e-06,14.50270109406621,9.443219585411272,20.85459492175824,0.00031478039937478966,0.003767491926803014,2719.895714285714,0.00457518837459634
Email,Cuenta Corriente,Acquisition,Premium,AR,0.0,0.0,0.0,0.0,0.0,0.0,0.0,0.0,293.0,73.0,0.0,0.0,1.2773999999999999,True,2534.317981651376,0.004359726962457337,0.00573508941000107,3268.4795531252894,2188.3334043797795,4705.036901713793,1.0,1.7202762218561518e-06,14.498439654742524,9.54053614592058,20.512676239758353,0.00029995630388190075,0.0,2534.317981651376,0.004359726962457337
Email,Cuenta Corriente,Acquisition,Premium,CO,0.0,0.0,0.0,0.0,0.0,0.0,0.0,0.0,461.0,135.0,2.0,3221.7299999999996,2.2849,True,2534.317981651376,0.0049563991323210415,0.00573508941000107,2859.552089694453,1879.5486877237204,4104.628549277074,1.0,1.955713201029108e-06,14.436724104395486,9.315793484989001,20.344177380137065,0.00034100831935046384,0.004338394793926247,1610.8649999999998,0.0049563991323210415
Email,Cuenta Corriente,Acquisition,Premium,MX,0.0,0.0,0.0,0.0,0.0,0.0,0.0,0.0,752.0,200.0,5.0,10392.6,3.4679,True,2534.317981651376,0.00461156914893617,0.00573508941000107,3103.54424607644,2023.0271665845487,4472.474387261363,1.0,1.8196489873505317e-06,14.553365458464649,9.329329668881059,20.6251249037017,0.0003172834558040818,0.006648936170212766,2078.52,0.00461156914893617
Email,Cuenta Corriente,Acquisition,Student,AR,0.0,0.0,0.0,0.0,0.0,0.0,0.0,0.0,168.0,41.0,0.0,0.0,0.7673000000000001,True,2534.317981651376,0.0045672619047619056,0.00573508941000107,3128.7095025898425,2063.0016010571453,4465.347226466013,1.0,1.8021660809058584e-06,14.53840077621008,9.422268621971117,20.394410278972455,0.0003142350453618337,0.0,2534.317981651376,0.0045672619047619056
Email,Cuenta Corriente,Acquisition,Student,CO,0.0,0.0,0.0,0.0,0.0,0.0,0.0,0.0,238.0,68.0,2.0,4583.3099999999995,1.1,True,2534.317981651376,0.004621848739495798,0.00573508941000107,3092.8471862262368,2043.1655798358745,4489.537013411331,1.0,1.8237051439315344e-06,14.601104687498784,9.443202259745638,20.749960986354893,0.0003179907083490777,0.008403361344537815,2291.6549999999997,0.004621848739495798
Email,Cuenta Corriente,Acquisition,Student,MX,0.0,0.0,0.0,0.0,0.0,0.0,0.0,0.0,334.0,89.0,3.0,8262.23,1.6615,True,2534.317981651376,0.0049745508982035926,0.00573508941000107,2884.4543753438934,1851.5876852891201,4206.620687359688,1.0,1.9628755879174035e-06,14.598053292446146,9.210817182957703,20.92604871870695,0.0003422571903577415,0.008982035928143712,2754.0766666666664,0.0049745508982035926
Email,Cuenta Corriente,Cross-sell,Basic,AR,4451.0,4171.0,4171.0,1273.0,238.0,20.0,49124.44,20.6168,0.0,0.0,0.0,0.0,0.0,True,2471.841196330275,0.0046319478768816,0.004996426570906557,2637.9700036666513,1968.6213798453691,3407.8476624783525,1.0,1.873885702592159e-06,12.30392860592884,9.118551620758485,15.78497274495253,0.0003750451799899381,,2471.841196330275,0.0046319478768816
Email,Cuenta Corriente,Cross-sell,Basic,CO,6469.0,6062.0,6062.0,1806.0,349.0,36.0,90391.43,29.921599999999998,0.0,0.0,0.0,0.0,0.0,True,2513.732192884314,0.004625382593909414,0.005619272479174595,3037.425942079424,2387.761718906026,3796.29221243304,1.0,1.8400458915244045e-06,14.14417318506675,11.044311493031156,17.55930392078164,0.0003274526904227797,,2513.732192884314,0.004625382593909414
Email,Cuenta Corriente,Cross-sell,Basic,MX,10617.0,9996.0,9996.0,3080.0,637.0,63.0,153166.7,49.7509,0.0,0.0,0.0,0.0,0.0,True,2438.798381003778,0.004685965903739286,0.005889728351429457,3047.584264706891,2515.0466950571836,3596.681845272425,1.0,1.9214240669663733e-06,14.301578421267918,11.785423059350139,16.853928493544682,0.0003262330539404312,,2438.798381003778,0.004685965903739286
Email,Cuenta Corriente,Cross-sell,Plus,AR,1755.0,1660.0,1660.0,493.0,113.0,15.0,36917.54,8.1976,0.0,0.0,0.0,0.0,0.0,True,2479.456495412844,0.004670997150997151,0.006766144217069814,3578.5201985712565,2661.279731098196,4653.051467606486,1.0,1.8838794548881175e-06,16.843243774011885,12.430830041966136,21.734390148633008,0.00027842732795074255,,2479.456495412844,0.004670997150997151
Email,Cuenta Corriente,Cross-sell,Plus,CO,2804.0,2649.0,2649.0,777.0,167.0,18.0,47268.35,13.232,0.0,0.0,0.0,0.0,0.0,True,2606.0843438372553,0.004718972895863052,0.006063918352024622,3318.740342147679,2484.1642765408737,4350.522078272902,1.0,1.8107521757775245e-06,15.783746554440189,11.722703889867631,20.52999577022362,0.000298610909754903,,2606.0843438372553,0.004718972895863052
Email,Cuenta Corriente,Cross-sell,Plus,MX,4457.0,4204.0,4204.0,1220.0,269.0,23.0,63034.55000000001,21.00790000000001,0.0,0.0,0.0,0.0,0.0,True,2703.790711009175,0.004713461969934936,0.005393049162982259,3057.0794298578753,2352.597225410442,3932.213498966206,1.0,1.743279149063894e-06,14.53273079138215,11.088877552546567,18.534338785042,0.00032324555114937836,,2703.790711009175,0.004713461969934936
Email,Cuenta Corriente,Cross-sell,Premium,AR,696.0,650.0,650.0,167.0,34.0,4.0,14729.029999999999,3.3069999999999995,0.0,0.0,0.0,0.0,0.0,True,3044.513323139653,0.004751436781609194,0.00573733709954339,3596.6828342731355,2458.0316916887273,5034.141504778835,1.0,1.560655604787854e-06,17.349861426089294,11.67918219025089,23.919405109631615,0.0002720174146490468,,3044.513323139653,0.004751436781609194
Email,Cuenta Corriente,Cross-sell,Premium,CO,1086.0,1027.0,1027.0,311.0,53.0,5.0,12570.25,5.1607,0.0,0.0,0.0,0.0,0.0,True,2524.183990825688,0.004752025782688766,0.00543675973949891,2821.268440216355,1972.5244431031667,3948.4752964820805,1.0,1.882598812115248e-06,13.671569577520648,9.373487010610049,18.76325641119252,0.00034627221034578247,,2524.183990825688,0.004752025782688766
Email,Cuenta Corriente,Cross-sell,Premium,MX,1883.0,1753.0,1753.0,572.0,114.0,19.0,50244.520000000004,8.927399999999999,0.0,0.0,0.0,0.0,0.0,True,2621.5045795107035,0.004741051513542219,0.007403863856584718,4089.1246391949103,3075.7031538510205,5271.846784375782,1.0,1.808523071291801e-06,19.506486655544037,14.582067092771956,24.99409717622748,0.0002442674671392517,,2621.5045795107035,0.004741051513542219
Email,Cuenta Corriente,Cross-sell,Student,AR,334.0,317.0,317.0,114.0,17.0,3.0,6875.16,1.5263,0.0,0.0,0.0,0.0,0.0,True,2443.3437385321104,0.004569760479041916,0.006057344853358388,3178.467131785387,2150.8858855549397,4498.69671529617,1.0,1.8702896391431584e-06,14.789087983778018,9.829033314738037,20.55796645675612,0.0003087639360843405,,2443.3437385321104,0.004569760479041916
Email,Cuenta Corriente,Cross-sell,Student,CO,560.0,532.0,532.0,162.0,25.0,3.0,7054.64,2.4846000000000004,0.0,0.0,0.0,0.0,0.0,True,2465.7787385321103,0.004436785714285715,0.005676154988939473,3087.562339669912,2105.7145093893364,4367.909041532992,1.0,1.7993446228378767e-06,13.905108524251817,9.342604053622761,19.37947643677299,0.00031700061508962854,,2465.7787385321103,0.004436785714285715
Email,Cuenta Corriente,Cross-sell,Student,MX,869.0,816.0,816.0,248.0,49.0,10.0,35178.64,4.0596000000000005,0.0,0.0,0.0,0.0,0.0,True,3190.015327217125,0.004671576524741082,0.007021203727745391,4723.999144442007,3398.6792527841867,6358.950858866627,1.0,1.4644370153595556e-06,22.347669757025482,15.877190212431168,29.70632555426348,0.00020857349710172947,,3190.015327217125,0.004671576524741082
Email,Cuenta Corriente,Retention,Basic,AR,3075.0,2880.0,2880.0,914.0,186.0,18.0,36334.42,14.408999999999999,306.0,78.0,1.0,3088.08,1.5076000000000003,True,2130.6960829676905,0.004685853658536585,0.005794798431123951,2611.1360330040598,1953.5137969176906,3422.815915046427,1.0,2.1992125934779035e-06,12.374198516773042,9.153879772288455,16.03881447801755,0.00037951494251567045,0.0032679738562091504,3088.08,0.0049267973856209155
Email,Cuenta Corriente,Retention,Basic,CO,4606.0,4304.0,4304.0,1325.0,250.0,27.0,67551.87,21.1849,467.0,132.0,3.0,4873.27,2.2763,True,2506.9831221330273,0.004599413808076422,0.005811579743883834,3125.9799506244767,2459.2858735748914,3933.816134332082,1.0,1.834640914599809e-06,14.496476521630262,11.311273404927642,18.09324824668079,0.0003156871273306718,0.006423982869379015,1624.4233333333334,0.004874304068522484
Email,Cuenta Corriente,Retention,Basic,MX,7625.0,7174.0,7174.0,2141.0,444.0,44.0,112706.01,35.569099999999985,715.0,191.0,4.0,8201.189999999999,3.4966,True,2558.7265287399364,0.004664799999999998,0.005760421253958078,3160.0828381781657,2548.2670619053715,3843.959367028751,1.0,1.8230943977812323e-06,14.80377586724141,11.88715619037617,17.931301655315707,0.0003164862980339424,0.005594405594405594,2050.2974999999997,0.00489034965034965
Email,Cuenta Corriente,Retention,Plus,AR,1303.0,1231.0,1231.0,387.0,66.0,5.0,6790.3099999999995,6.162200000000001,125.0,43.0,1.0,806.45,0.6853,True,1946.189990825688,0.00472924021488872,0.005164563070747289,2067.6895085434635,1438.098860073669,2934.113914288484,1.0,2.4299992483685e-06,9.98857004270235,6.801114962046021,13.87612951851765,0.00047051400381424525,0.008,806.45,0.0054824
Email,Cuenta Corriente,Retention,Plus,CO,1929.0,1822.0,1822.0,564.0,122.0,8.0,25800.02,9.114400000000002,204.0,45.0,0.0,0.0,0.9659000000000001,True,2959.3546083274528,0.004724935199585278,0.005117586603103695,3162.216231844496,2216.5446643565924,4345.714909224046,1.0,1.596610012970255e-06,15.13567767507625,10.4730299060714,20.53322134195524,0.00031198495243870404,0.0,2959.3546083274528,0.004734803921568628
Email,Cuenta Corriente,Retention,Plus,MX,3155.0,2949.0,2949.0,894.0,188.0,12.0,32566.14,14.815900000000003,308.0,102.0,2.0,3299.3900000000003,1.4647000000000001,True,2661.0429357798166,0.004696006339144216,0.004749972982462062,2658.2223042843916,1926.8560301885664,3541.3371475409112,1.0,1.7647240020079027e-06,12.639629117747369,9.048528132383765,16.630141693899017,0.00037152295571441125,0.006493506493506494,1649.6950000000002,0.004755519480519481
Email,Cuenta Corriente,Retention,Premium,AR,483.0,458.0,458.0,143.0,29.0,2.0,4193.85,2.3318999999999996,55.0,19.0,0.0,0.0,0.20199999999999999,True,2409.3485583224115,0.004827950310559006,0.005515969716985343,2708.071216639476,1796.6044541196898,3840.4384334604665,1.0,2.0038405376765516e-06,13.310784016874813,8.67391703221885,18.5414459275082,0.0003632798293845086,0.0,2409.3485583224115,0.0036727272727272724
Email,Cuenta Corriente,Retention,Premium,CO,742.0,697.0,697.0,201.0,44.0,3.0,12356.4,3.6496000000000004,87.0,23.0,1.0,3020.34,0.40380000000000005,True,3128.49873853211,0.004918598382749327,0.005402371988397366,3378.789341203942,2292.1931594738,4764.8736538249,1.0,1.5721912629113382e-06,16.943755405384852,11.274377567136902,23.43649984770803,0.00029101869813628564,0.011494252873563218,3020.34,0.004641379310344828
Email,Cuenta Corriente,Retention,Premium,MX,1305.0,1226.0,1226.0,392.0,74.0,5.0,12598.650000000001,6.1271,136.0,37.0,1.0,332.17,0.5837999999999999,True,2527.023990825688,0.004695095785440613,0.0051621810466071566,2715.433763559844,1887.3994967431208,3798.7415026012713,1.0,1.8579545752181492e-06,12.993409239200806,8.861521422601362,17.835455218841574,0.00035991658534318354,0.007352941176470588,332.17,0.004292647058823529
Email,Cuenta Corriente,Retention,Student,AR,267.0,248.0,248.0,78.0,14.0,0.0,0.0,1.3296,18.0,7.0,0.0,0.0,0.098,True,2534.317981651376,0.004979775280898876,0.005270826708045629,2668.268699880241,1735.3273993770158,3822.954894380376,1.0,1.964937043004377e-06,13.468407449431693,8.641540487684194,19.03745628302677,0.0003727948482929647,0.0,2534.317981651376,0.0054444444444444445
Email,Cuenta Corriente,Retention,Student,CO,425.0,396.0,396.0,120.0,22.0,5.0,9179.48,1.9899000000000002,45.0,13.0,0.0,0.0,0.2085,True,2185.106990825688,0.0046821176470588245,0.006476518409280091,2998.556410765695,2090.7624687551393,4120.946060598191,1.0,2.1427406835074876e-06,14.232529552241207,9.789195850766712,19.294754272904335,0.00033084761720698447,0.0,2185.106990825688,0.004633333333333333
Email,Cuenta Corriente,Retention,Student,MX,672.0,629.0,629.0,169.0,29.0,3.0,6863.33,3.1990000000000007,72.0,21.0,0.0,0.0,0.3199,True,2441.86498853211,0.004760416666666668,0.005504488472130699,2794.1538987686754,1901.5830090366308,3891.2226926309986,1.0,1.9495003569088885e-06,13.47895544280846,9.05232744926813,18.523841359712154,0.0003541655808308503,0.0,2441.86498853211,0.004443055555555556
Email,Cuenta Corriente,Up-sell,Basic,AR,1058.0,1003.0,1003.0,290.0,64.0,8.0,24077.0,4.8157,0.0,0.0,0.0,0.0,0.0,True,2826.8146083274523,0.004551701323251418,0.0062076114450964805,3805.1928411369354,2709.0823157469126,5167.446411698533,1.0,1.6101874207960646e-06,17.55344554877277,12.330933561382237,23.520672669959005,0.000259389208721816,,2826.8146083274523,0.004551701323251418
Email,Cuenta Corriente,Up-sell,Basic,CO,1611.0,1527.0,1527.0,452.0,83.0,11.0,23222.72,7.511700000000002,0.0,0.0,0.0,0.0,0.0,True,2243.394369266055,0.004662756052141529,0.006114379448929366,2920.2309517007952,2086.8848570814544,3911.8767264838975,1.0,2.0784379759618403e-06,13.683027952505952,9.730634997479061,18.240126881644386,0.0003399262334505224,,2243.394369266055,0.004662756052141529
Email,Cuenta Corriente,Up-sell,Basic,MX,2602.0,2438.0,2438.0,767.0,154.0,25.0,56445.69,12.146899999999999,0.0,0.0,0.0,0.0,0.0,True,2303.9093302752294,0.004668293620292083,0.007523975365492122,3677.2940250512706,2853.3665236856,4681.091851835971,1.0,2.026248845363372e-06,17.294027390830742,13.320352738876483,21.85271122792712,0.00026930561929489256,,2303.9093302752294,0.004668293620292083
Email,Cuenta Corriente,Up-sell,Plus,AR,446.0,421.0,421.0,138.0,22.0,2.0,7351.42,2.08,0.0,0.0,0.0,0.0,0.0,True,2860.42998689384,0.004663677130044844,0.005574662378448327,3356.343353527371,2291.303247347505,4789.130854663628,1.0,1.6304112148919127e-06,15.98696151466962,10.685898552652041,22.334960039686877,0.00029246815398096404,,2860.42998689384,0.004663677130044844
Email,Cuenta Corriente,Up-sell,Plus,CO,672.0,632.0,632.0,181.0,36.0,3.0,11261.779999999999,3.2918999999999996,0.0,0.0,0.0,0.0,0.0,True,2991.67123853211,0.004898660714285714,0.005504488472130699,3293.361799175733,2261.2621115595484,4670.86988764914,1.0,1.6374328339263927e-06,16.505618452964043,11.077155870599519,22.881006820166967,0.0002974722977832977,,2991.67123853211,0.004898660714285714
Email,Cuenta Corriente,Up-sell,Plus,MX,1054.0,1003.0,1003.0,325.0,76.0,7.0,21122.91,5.0291,0.0,0.0,0.0,0.0,0.0,True,2816.2083256880737,0.004771442125237191,0.00596890827092449,3503.5553344246146,2460.198297336076,4756.207377326177,1.0,1.694278822242812e-06,16.841932110028523,11.738693792346165,22.693968236538023,0.0002838507052446954,,2816.2083256880737,0.004771442125237191
Email,Cuenta Corriente,Up-sell,Premium,AR,186.0,181.0,181.0,51.0,12.0,1.0,4101.43,0.8641999999999999,0.0,0.0,0.0,0.0,0.0,True,2795.503318042813,0.004646236559139785,0.005714349341226902,3367.401905724403,2228.5453315203094,4847.627871312364,1.0,1.6620393648442193e-06,15.946924472417919,10.354348793009953,22.523225840796478,0.00029085365027532083,,2795.503318042813,0.004646236559139785
Email,Cuenta Corriente,Up-sell,Premium,CO,289.0,265.0,265.0,89.0,15.0,1.0,4323.7,1.2698,0.0,0.0,0.0,0.0,0.0,True,2832.548318042813,0.004393771626297578,0.005537081822864896,3545.899104622893,2373.1845337150944,5009.6291320821865,1.0,1.551172701383436e-06,15.781487362801222,10.427230868205632,22.011166338816473,0.00028014263668237727,,2832.548318042813,0.004393771626297578
Email,Cuenta Corriente,Up-sell,Premium,MX,436.0,408.0,408.0,112.0,23.0,2.0,3321.1499999999996,1.9994999999999998,0.0,0.0,0.0,0.0,0.0,True,2284.677129750983,0.004586009174311926,0.005590740285882747,2732.0204201793304,1773.434992222875,3895.24181831538,1.0,2.007289833032896e-06,12.755614247880814,8.132989144379904,17.8636147149578,0.00035903829017089746,,2284.677129750983,0.004586009174311926
Email,Cuenta Corriente,Up-sell,Student,AR,85.0,78.0,78.0,27.0,3.0,0.0,0.0,0.4366,0.0,0.0,0.0,0.0,0.0,True,2534.317981651376,0.0051364705882352936,0.005578658525912786,2710.186962475882,1766.4306852314467,3849.9084133564406,1.0,2.0267664221394743e-06,14.146989895265214,9.073219260847642,19.774941332604964,0.00036330713068835,,2534.317981651376,0.0051364705882352936
Email,Cuenta Corriente,Up-sell,Student,CO,133.0,125.0,125.0,48.0,13.0,3.0,7040.38,0.6054,0.0,0.0,0.0,0.0,0.0,True,2463.99623853211,0.00455187969924812,0.006442116716528621,3438.5408458856,2281.6483848163048,4812.757800628938,1.0,1.847356594164217e-06,15.824947342227638,10.3857889636676,21.907094530080894,0.0002867623601764977,,2463.99623853211,0.00455187969924812
Email,Cuenta Corriente,Up-sell,Student,MX,244.0,230.0,230.0,75.0,10.0,1.0,378.18,1.1728,0.0,0.0,0.0,0.0,0.0,True,2174.961651376147,0.0048065573770491804,0.005613157334603103,2503.891447418362,1637.4124940745276,3579.8361508173825,1.0,2.2099504025774265e-06,12.235441242907434,7.8703171026664185,17.206687859338633,0.0003937089717677918,,2174.961651376147,0.0048065573770491804
Email,Inversión,Cross-sell,Basic,AR,1479.0,1406.0,1406.0,403.0,84.0,10.0,22569.17,6.832799999999999,0.0,0.0,0.0,0.0,0.0,True,2339.0033965936736,0.0046198782961460435,0.006071610071463299,3032.2214109416336,2191.9684623546527,4134.496730445632,1.0,1.97514817758454e-06,14.202443430301962,10.126627525068875,19.100871710472557,0.0003253087985455094,,2339.0033965936736,0.0046198782961460435
Email,Inversión,Cross-sell,Basic,CO,2164.0,2031.0,2031.0,571.0,118.0,9.0,27079.07,10.2603,0.0,0.0,0.0,0.0,0.0,True,2828.210782064651,0.004741358595194085,0.00507858335193277,2996.5739554254833,2115.8213471758363,4100.626671740331,1.0,1.676451636936621e-06,14.366943340035055,10.031867730327281,19.442541515738135,0.0003301022196078773,,2828.210782064651,0.004741358595194085
Email,Inversión,Cross-sell,Basic,MX,3704.0,3477.0,3477.0,1038.0,213.0,19.0,45348.87,17.4665,0.0,0.0,0.0,0.0,0.0,True,2411.0312895377133,0.004715577753779698,0.005402100903995807,2712.9049754342122,2043.7562913028892,3527.984057231022,1.0,1.9558343246071494e-06,12.913696860460341,9.637491701415204,16.636483135968046,0.0003620506834962051,,2411.0312895377133,0.004715577753779698
Email,Inversión,Cross-sell,Plus,AR,632.0,598.0,598.0,180.0,34.0,6.0,15198.2,2.8676,0.0,0.0,0.0,0.0,0.0,True,2519.461904445919,0.004537341772151898,0.0063835309191056485,3467.3971255425663,2440.0518956026244,4687.939664837668,1.0,1.8009169990406154e-06,15.946873320962382,11.071349392136211,21.270784466595718,0.0002821192568599525,,2519.461904445919,0.004537341772151898
Email,Inversión,Cross-sell,Plus,CO,955.0,902.0,902.0,281.0,46.0,1.0,3284.82,4.372,0.0,0.0,0.0,0.0,0.0,True,2633.4501581508516,0.004578010471204188,0.004611984859806262,2587.4625295713145,1733.6375045915295,3779.867970237087,1.0,1.7384078665907853e-06,12.099378311610344,7.93661064929232,17.304275147514705,0.00037693269154916766,,2633.4501581508516,0.004578010471204188
Email,Inversión,Cross-sell,Plus,MX,1631.0,1538.0,1538.0,472.0,100.0,11.0,25807.949999999997,7.589499999999999,0.0,0.0,0.0,0.0,0.0,True,2395.239434306569,0.00465328019619865,0.006088150316098213,3088.6954077485507,2263.0295843213235,4133.89072203495,1.0,1.94272026819139e-06,14.568764869002075,10.530510748134077,19.23615183009457,0.0003190986042270462,,2395.239434306569,0.00465328019619865
Email,Inversión,Cross-sell,Premium,AR,265.0,244.0,244.0,82.0,19.0,2.0,2470.7799999999997,1.1788,0.0,0.0,0.0,0.0,0.0,True,2140.951564129301,0.004448301886792453,0.005880769131767423,2791.1908296148067,1869.907245331815,3936.230525742305,1.0,2.0777218697152186e-06,12.620836894607818,8.317911927536391,17.509541674509542,0.0003533078451407893,,2140.951564129301,0.004448301886792453
Email,Inversión,Cross-sell,Premium,CO,361.0,340.0,340.0,100.0,16.0,0.0,0.0,1.6542000000000003,0.0,0.0,0.0,0.0,0.0,True,2503.176189781022,0.004582271468144045,0.005124772267646607,2736.1958907414846,1792.0487211812135,3961.2941085175394,1.0,1.8305828758082356e-06,12.789471647882205,8.211653724592697,18.151724970387022,0.00035720277510962924,,2503.176189781022,0.004582271468144045
Email,Inversión,Cross-sell,Premium,MX,628.0,587.0,587.0,181.0,33.0,4.0,5545.929999999999,3.0361999999999996,0.0,0.0,0.0,0.0,0.0,True,2006.8678832116789,0.004834713375796178,0.005843953376716102,2415.1573931021067,1666.809086208904,3351.5015206286253,1.0,2.4090840340017667e-06,11.862681087598846,8.058544183992794,16.203549230784443,0.0004122353274754402,,2006.8678832116789,0.004834713375796178
Email,Inversión,Cross-sell,Student,AR,133.0,125.0,125.0,35.0,7.0,0.0,0.0,0.6427,0.0,0.0,0.0,0.0,0.0,True,2503.176189781022,0.00483233082706767,0.005494034055158858,2781.126490636325,1791.0402488781624,3980.3115854963767,1.0,1.9304797028651834e-06,13.641042935221092,8.654899007172896,19.234182375928736,0.00035137745479616703,,2503.176189781022,0.00483233082706767
Email,Inversión,Cross-sell,Student,CO,208.0,196.0,196.0,60.0,17.0,2.0,8256.470000000001,0.9071,0.0,0.0,0.0,0.0,0.0,True,2967.478706986444,0.004361057692307693,0.005984250069435387,4040.125416001634,2633.159950953788,5708.88051346381,1.0,1.469617181090565e-06,17.7584605907343,11.483362459183565,24.896757277706836,0.00024558084372119547,,2967.478706986444,0.004361057692307693
Email,Inversión,Cross-sell,Student,MX,303.0,287.0,287.0,93.0,15.0,2.0,371.09000000000003,1.4698,0.0,0.0,0.0,0.0,0.0,True,1840.995849843587,0.004850825082508251,0.005813747418960391,2152.868059172977,1470.9734846473687,3000.198773864637,1.0,2.634891916198715e-06,10.661162196411116,7.135435075032022,14.553439464773081,0.000453217473398575,,1840.995849843587,0.004850825082508251
Email,Inversión,Reactivation,Basic,AR,717.0,671.0,671.0,181.0,32.0,3.0,8152.49,3.4453999999999994,0.0,0.0,0.0,0.0,0.0,True,2583.546368613139,0.004805299860529985,0.005438404318384936,2882.4248136487267,1975.0522684575812,4024.782726925926,1.0,1.85996269271896e-06,14.030332223096746,9.490718390158644,19.340287876360645,0.00034200522503102906,,2583.546368613139,0.004805299860529985
Email,Inversión,Reactivation,Basic,CO,1105.0,1029.0,1029.0,319.0,64.0,5.0,4588.53,5.174499999999999,0.0,0.0,0.0,0.0,0.0,True,1710.4410948905108,0.004682805429864253,0.005411785992845607,1946.4670390733877,1349.1366505822255,2703.6432959865097,1.0,2.7377764974502146e-06,9.249867545356595,6.317744432975316,12.660635506861713,0.0005058914933202387,,1710.4410948905108,0.004682805429864253
Email,Inversión,Reactivation,Basic,MX,1730.0,1619.0,1619.0,493.0,91.0,6.0,18958.809999999998,8.115200000000005,0.0,0.0,0.0,0.0,0.0,True,2861.3355408095554,0.004690867052023124,0.004911423544149281,2972.5788303737427,2066.134061798622,4119.713234338963,1.0,1.6393977515464478e-06,14.127470053223147,9.691960195553865,19.325027074744263,0.00033379278671646543,,2861.3355408095554,0.004690867052023124
Email,Inversión,Reactivation,Plus,AR,300.0,280.0,280.0,94.0,18.0,1.0,4759.86,1.3174000000000001,0.0,0.0,0.0,0.0,0.0,True,2879.2901581508518,0.004391333333333334,0.005518798195899168,3534.196732206973,2350.8222874015073,5106.597039276623,1.0,1.5251444252334583e-06,15.779403700892628,10.323244271409154,22.424769798476746,0.00027635444730824576,,2879.2901581508518,0.004391333333333334
Email,Inversión,Reactivation,Plus,CO,428.0,397.0,397.0,112.0,27.0,5.0,6008.63,1.9433000000000002,0.0,0.0,0.0,0.0,0.0,True,1852.451094890511,0.004540420560747664,0.006470901763814659,2590.652443771831,1821.0349308918537,3613.4399022381185,1.0,2.451033969680061e-06,11.967714706339072,8.268264442061076,16.40653682714798,0.000378777805496332,,1852.451094890511,0.004540420560747664
Email,Inversión,Reactivation,Plus,MX,738.0,697.0,697.0,206.0,42.0,5.0,10763.32,3.5637999999999996,0.0,0.0,0.0,0.0,0.0,True,2327.920094890511,0.0048289972899729,0.005938710207990826,2826.5660099786073,1923.0555900986628,3933.114885805474,1.0,2.0743827507533167e-06,13.768176665166893,9.286430233053679,18.993001124706705,0.0003492985308429653,,2327.920094890511,0.0048289972899729
Email,Inversión,Reactivation,Premium,AR,124.0,116.0,116.0,37.0,5.0,1.0,1121.29,0.5962000000000001,0.0,0.0,0.0,0.0,0.0,True,2272.8618248175185,0.004808064516129033,0.005826634000960152,2697.361511125279,1806.9925145946895,3920.5123230246777,1.0,2.1154231478700023e-06,13.262386434246967,8.6881365903335,18.850076185381557,0.0003630609280626531,,2272.8618248175185,0.004808064516129033
Email,Inversión,Reactivation,Premium,CO,172.0,162.0,162.0,59.0,12.0,1.0,4985.63,0.8170000000000001,0.0,0.0,0.0,0.0,0.0,True,2916.918491484185,0.004750000000000001,0.005739324012355512,3453.7856767767416,2328.2975061313605,4967.780309344662,1.0,1.6284308299554534e-06,16.764708767452028,11.059413154123964,23.59695646938715,0.00028373216539958316,,2916.918491484185,0.004750000000000001
Email,Inversión,Reactivation,Premium,MX,292.0,265.0,265.0,89.0,19.0,6.0,16781.379999999997,1.4126000000000003,0.0,0.0,0.0,0.0,0.0,True,2663.3873589913733,0.0048376712328767136,0.0070366205854006224,3846.5791608148165,2704.231262713445,5304.114653255289,1.0,1.8163603640098161e-06,18.877059201750708,13.082181786674706,25.659562873932956,0.00025812964362159136,,2663.3873589913733,0.0048376712328767136
Email,Inversión,Reactivation,Student,AR,64.0,62.0,62.0,18.0,4.0,1.0,3742.99,0.30479999999999996,0.0,0.0,0.0,0.0,0.0,True,2709.8118248175183,0.004762499999999999,0.005939579492602344,3346.8378322230083,2178.8227210979912,4763.228283964959,1.0,1.7575021100665215e-06,16.125226588539395,10.376643209229183,22.68487470238311,0.0002958967233716568,,2709.8118248175183,0.004762499999999999
Email,Inversión,Reactivation,Student,CO,91.0,82.0,82.0,18.0,1.0,0.0,0.0,0.4274,0.0,0.0,0.0,0.0,0.0,True,2503.176189781022,0.0046967032967032965,0.005567938174153774,2929.495901839203,1934.695714489702,4149.227833804225,1.0,1.8762975278676505e-06,13.946503615262353,9.086691740361523,19.48769204580138,0.00033698246445647967,,2503.176189781022,0.0046967032967032965
Email,Inversión,Reactivation,Student,MX,137.0,130.0,130.0,33.0,7.0,2.0,5836.12,0.6959,0.0,0.0,0.0,0.0,0.0,True,2621.7144212721582,0.00507956204379562,0.006118354887825028,3133.6881401921682,2108.3176823581503,4453.550910900283,1.0,1.937496320186856e-06,16.184603309071733,10.709330475569612,22.622088167120488,0.0003166694897091207,,2621.7144212721582,0.00507956204379562
Email,Inversión,Retention,Basic,AR,2466.0,2314.0,2314.0,706.0,157.0,11.0,28629.719999999998,11.347900000000001,420.0,123.0,0.0,0.0,2.0261,True,2571.600059306569,0.0046017437145174376,0.005163401250709341,2830.230037187457,2042.507343169363,3827.055240647693,1.0,1.7894476623080712e-06,13.216568179798953,9.399095328285327,17.611127398761543,0.00034656374266133963,0.0,2571.600059306569,0.004824047619047619
Email,Inversión,Retention,Basic,CO,3673.0,3472.0,3472.0,1078.0,223.0,25.0,63990.21,17.086300000000005,692.0,202.0,4.0,10736.51,3.3117000000000005,True,2550.2030316301702,0.004651864960522735,0.006322030286618178,3426.279535061436,2673.6003274273085,4405.8857994592,1.0,1.8241155323029774e-06,16.152740098433135,12.437227681601206,20.495585770568947,0.00028853318468974705,0.005780346820809248,2684.1275,0.004785693641618498
Email,Inversión,Retention,Basic,MX,6014.0,5649.0,5649.0,1691.0,346.0,42.0,99830.45000000001,28.165300000000002,1081.0,316.0,9.0,16646.22,5.003100000000001,True,2390.3474669979814,0.004683288992351181,0.006565265083487547,3334.4081445847432,2689.2564287458326,4052.1226420367734,1.0,1.9592503002222044e-06,15.689984414626343,12.594565030355007,18.977261365107807,0.00029842668579368727,0.008325624421831638,1849.5800000000002,0.004628214616096208
Email,Inversión,Retention,Plus,AR,967.0,914.0,914.0,277.0,62.0,8.0,17064.69,4.4285,206.0,64.0,3.0,6970.209999999999,0.9765,True,2275.4285345311623,0.004579627714581178,0.006348895320422214,3096.19499628347,2202.497761321438,4331.558686339682,1.0,2.0126440558700217e-06,14.466217306107879,10.086619789050657,19.83692620729605,0.0003170069680304915,0.014563106796116505,2323.403333333333,0.004740291262135922
Email,Inversión,Retention,Plus,CO,1534.0,1438.0,1438.0,423.0,82.0,11.0,29399.22,6.984299999999999,304.0,80.0,4.0,8731.76,1.4011000000000002,True,2619.693809306569,0.004552998696219035,0.006217507210906076,3553.722041048106,2599.2189505456654,4710.384963653497,1.0,1.7379888748999295e-06,16.331019595966207,11.834240493022222,21.446376598204115,0.00027953146107355343,0.013157894736842105,2182.94,0.004608881578947369
Email,Inversión,Retention,Plus,MX,2591.0,2410.0,2410.0,723.0,115.0,9.0,20994.64,12.3735,441.0,123.0,0.0,0.0,2.1696999999999997,True,2393.6086392075076,0.004775569278270938,0.004692876007944295,2323.2228342382614,1639.660503839962,3159.2477698753883,1.0,1.9951337073432632e-06,11.21296337009349,7.83031232893237,15.087206592262879,0.00042514093787387905,0.0,2393.6086392075076,0.004919954648526076
Email,Inversión,Retention,Premium,AR,413.0,390.0,390.0,124.0,16.0,2.0,6303.23,1.9788,75.0,16.0,2.0,7850.11,0.32000000000000006,True,2688.4444212721583,0.004791283292978208,0.005628073774258799,3115.9272878141687,2066.9961271968355,4457.294818779368,1.0,1.7821768064340334e-06,15.172087446841328,9.903564010888855,21.35616219709592,0.00031665839466874093,0.02666666666666667,3925.055,0.004266666666666668
Email,Inversión,Retention,Premium,CO,649.0,602.0,602.0,160.0,33.0,6.0,13870.89,2.9261,108.0,33.0,1.0,2017.67,0.5320000000000001,True,2398.7973589913736,0.004508628659476117,0.006354044033695064,3337.116375793757,2339.8363973807764,4604.476848438786,1.0,1.8795371116182434e-06,15.21475523767182,10.549453439716315,20.75987628076538,0.000295801713310639,0.009259259259259259,2017.67,0.004925925925925927
Email,Inversión,Retention,Premium,MX,1072.0,1008.0,1008.0,288.0,56.0,7.0,22340.6,5.2767,182.0,49.0,2.0,6543.949999999999,0.8660000000000001,True,2904.7067457420926,0.004922294776119403,0.005942724261702234,3447.537693925383,2406.22920640271,4678.37510758541,1.0,1.694592675606521e-06,17.15165285833233,11.844169452821996,23.028341352794715,0.000285154181984732,0.01098901098901099,3271.9749999999995,0.004758241758241759
Email,Inversión,Retention,Student,AR,197.0,181.0,181.0,50.0,17.0,1.0,2382.18,0.9323,34.0,13.0,0.0,0.0,0.13939999999999997,True,2483.0101581508516,0.00473248730964467,0.005694878346674806,2939.7285104986668,1987.3913445554672,4257.163220147411,1.0,1.9059476233351577e-06,14.201208145442001,9.405304317406406,20.146970914433663,0.000334677495691901,0.0,2483.0101581508516,0.0040999999999999995
Email,Inversión,Retention,Student,CO,315.0,291.0,291.0,84.0,9.0,0.0,0.0,1.4228,62.0,15.0,1.0,4818.93,0.2868,True,2503.176189781022,0.004516825396825397,0.005195220481867208,2823.7161443560713,1851.8871267683019,4023.523461943095,1.0,1.8044376641424225e-06,12.985811210242206,8.364650806241078,18.173552957627415,0.00034732648410985085,0.016129032258064516,4818.93,0.004625806451612903
Email,Inversión,Retention,Student,MX,480.0,450.0,450.0,114.0,26.0,2.0,4894.15,2.2521999999999998,84.0,25.0,3.0,6386.77,0.38630000000000003,True,2487.147278415015,0.004692083333333333,0.005520682500983938,2865.9307474198317,1926.0096455854166,4098.80032786571,1.0,1.8865321623910658e-06,13.690662242113328,9.036997757890571,19.231912705039896,0.0003417208220278623,0.03571428571428571,2128.9233333333336,0.004598809523809524
Email,Préstamo Hipotecario,Retention,Basic,AR,3103.0,2927.0,2927.0,870.0,177.0,22.0,57135.85,14.630700000000001,0.0,0.0,0.0,0.0,0.0,True,2581.106205673759,0.004715017724782469,0.006420421158893251,3478.208819647637,2653.9863244630756,4481.954110676195,1.0,1.8267430121309881e-06,16.567447561562208,12.513592561173677,21.132493073499905,0.0002845207451228762,,2581.106205673759,0.004715017724782469
Email,Préstamo Hipotecario,Retention,Basic,CO,4768.0,4484.0,4484.0,1345.0,270.0,28.0,74050.31,22.361300000000004,0.0,0.0,0.0,0.0,0.0,True,2624.373562217924,0.004689869966442954,0.005819083522900046,3225.6715357803214,2500.468442851474,4024.2702651639097,1.0,1.7870435954549959e-06,15.182172232366101,11.726871852167505,18.87330425344164,0.0003071005233766416,,2624.373562217924,0.004689869966442954
Email,Préstamo Hipotecario,Retention,Basic,MX,8021.0,7570.0,7570.0,2289.0,453.0,41.0,93455.46,37.43480000000001,0.0,0.0,0.0,0.0,0.0,True,2304.553859851989,0.004667098865478121,0.005282589864014625,2597.6196126903346,2084.113082023261,3203.4350902822407,1.0,2.025163719010615e-06,12.203570422188522,9.726761800638872,14.950748275489048,0.0003833656920455198,,2304.553859851989,0.004667098865478121
Email,Préstamo Hipotecario,Retention,Plus,AR,1284.0,1192.0,1192.0,343.0,58.0,9.0,18741.87,5.8957,0.0,0.0,0.0,0.0,0.0,True,2235.420539513678,0.004591666666666667,0.006114240890121017,2940.8953381342594,2090.9553378232517,4002.8171226710315,1.0,2.0540504954229316e-06,13.71730483877175,9.600969926171764,18.379601954931154,0.00033594530086992965,,2235.420539513678,0.004591666666666667
Email,Préstamo Hipotecario,Retention,Plus,CO,1960.0,1831.0,1831.0,592.0,121.0,8.0,19699.57,8.939,0.0,0.0,0.0,0.0,0.0,True,2481.045196399345,0.004560714285714286,0.005085802140742155,2762.380117460775,1953.4943402231722,3717.240617688931,1.0,1.8382229764830938e-06,12.677547225349274,8.909329544517826,16.953272388531303,0.0003614420942091246,,2481.045196399345,0.004560714285714286
Email,Préstamo Hipotecario,Retention,Plus,MX,3331.0,3124.0,3124.0,946.0,217.0,25.0,63039.53,15.5349,0.0,0.0,0.0,0.0,0.0,True,2519.784918439716,0.004663734614229961,0.006661866634737187,3593.7477197263624,2758.4884890087365,4530.083761033004,1.0,1.8508463083896093e-06,16.81163562531858,12.864858249144948,21.127108441690666,0.0002778269830168442,,2519.784918439716,0.004663734614229961
Email,Préstamo Hipotecario,Retention,Premium,AR,518.0,489.0,489.0,164.0,35.0,2.0,5947.360000000001,2.4461,0.0,0.0,0.0,0.0,0.0,True,2643.0539361702126,0.004722200772200772,0.005461575901074674,3018.85848934136,2031.5594212113103,4250.040219350937,1.0,1.7866456327574024e-06,14.501895548843468,9.593431467615805,20.069543205703333,0.00032713005643771135,,2643.0539361702126,0.004722200772200772
Email,Préstamo Hipotecario,Retention,Premium,CO,884.0,828.0,828.0,248.0,52.0,3.0,12498.75,4.2181,0.0,0.0,0.0,0.0,0.0,True,3131.595944148936,0.004771606334841629,0.005206437951378921,3351.0036709352644,2291.586731054625,4760.205109888265,1.0,1.5236979546345635e-06,16.257577875318834,10.934549762739268,22.713824857488333,0.00029265650889607033,,3131.595944148936,0.004771606334841629
Email,Préstamo Hipotecario,Retention,Premium,MX,1351.0,1255.0,1255.0,380.0,69.0,5.0,10605.91,6.4376,0.0,0.0,0.0,0.0,0.0,True,2315.992755319149,0.004765062916358253,0.005107994579470699,2456.2724424450403,1660.8164331833536,3400.969371779598,1.0,2.057460199482194e-06,11.855350129764062,7.913894796640382,16.20583303313719,0.00040279216578483374,,2315.992755319149,0.004765062916358253
Email,Préstamo Hipotecario,Retention,Student,AR,264.0,242.0,242.0,69.0,16.0,0.0,0.0,1.1927,0.0,0.0,0.0,0.0,0.0,True,2510.8035106382977,0.004517803030303031,0.005275625230502497,2872.8657406473585,1889.295041178749,4113.4044637501165,1.0,1.799345512765558e-06,13.205902086090038,8.53546286217384,18.58355115119229,0.00034106772830680627,,2510.8035106382977,0.004517803030303031
Email,Préstamo Hipotecario,Retention,Student,CO,406.0,384.0,384.0,115.0,24.0,2.0,4233.2,1.8922,0.0,0.0,0.0,0.0,0.0,True,2398.1739361702125,0.004660591133004926,0.005639535309069929,2858.4967429483518,1870.79357138626,4106.398286537483,1.0,1.943391620896232e-06,13.45351981790382,8.719003930485421,19.138243442823214,0.00034460137482794406,,2398.1739361702125,0.004660591133004926
Email,Préstamo Hipotecario,Retention,Student,MX,617.0,590.0,590.0,186.0,37.0,3.0,6633.32,2.8951,0.0,0.0,0.0,0.0,0.0,True,2398.417194148936,0.004692220421393841,0.005587471899599283,2818.2624442980914,1898.34586506766,4034.684453908418,1.0,1.9563820809994017e-06,13.457799191344831,8.907457234939033,18.931628788509336,0.00035013725637523255,,2398.417194148936,0.004692220421393841
Email,Préstamo Personal,Acquisition,Basic,AR,986.0,923.0,923.0,288.0,62.0,10.0,21652.710000000003,4.6142,0.0,0.0,0.0,0.0,0.0,True,2296.5902583668008,0.004679716024340771,0.006816716955286457,3298.8889609293938,2412.7264085857423,4514.806867627671,1.0,2.037679994196574e-06,15.695099223280735,11.290874436608856,21.128014045240974,0.00029892395526505254,,2296.5902583668008,0.004679716024340771
Email,Préstamo Personal,Acquisition,Basic,CO,1376.0,1292.0,1292.0,420.0,90.0,4.0,12989.64,6.4876,0.0,0.0,0.0,0.0,0.0,True,2865.087097278001,0.004714825581395348,0.004852122568705138,2876.4160362049856,1984.9031705558282,4025.415333930416,1.0,1.6456133518156241e-06,13.817987210837908,9.358472245129352,18.979131192156224,0.0003391532939479682,,2865.087097278001,0.004714825581395348
Email,Préstamo Personal,Acquisition,Basic,MX,2374.0,2223.0,2223.0,644.0,123.0,9.0,23857.57,11.421500000000002,0.0,0.0,0.0,0.0,0.0,True,2618.122419678715,0.004811078348778434,0.004881275849533681,2624.9600351237195,1883.1323728674217,3602.2359957628764,1.0,1.8376063367460218e-06,12.842399372450416,9.05989738698621,17.3306396064051,0.0003764602520715096,,2618.122419678715,0.004811078348778434
Email,Préstamo Personal,Acquisition,Plus,AR,439.0,414.0,414.0,125.0,20.0,2.0,5980.41,2.1165,0.0,0.0,0.0,0.0,0.0,True,2682.3648393574294,0.004821184510250569,0.005585907184294735,3037.436698569807,2038.7584413868206,4381.5224128257405,1.0,1.7973634456845557e-06,14.953607652175355,9.829230617756732,21.12412798803116,0.0003217675099826219,,2682.3648393574294,0.004821184510250569
Email,Préstamo Personal,Acquisition,Plus,CO,624.0,584.0,584.0,164.0,32.0,3.0,8613.44,2.8772999999999995,0.0,0.0,0.0,0.0,0.0,True,2676.197984437751,0.004611057692307691,0.005576771681817607,3160.3455896454957,2142.9142121031805,4453.912728146244,1.0,1.7229882539039575e-06,14.814970036100577,9.881101061673846,20.537248545985875,0.0003089580051343241,,2676.197984437751,0.004611057692307691
Email,Préstamo Personal,Acquisition,Plus,MX,1002.0,942.0,942.0,270.0,61.0,4.0,11248.400000000001,4.6772,0.0,0.0,0.0,0.0,0.0,True,2671.61598616689,0.004667864271457086,0.005302052493702274,2934.3147075720944,2053.6340593962536,4152.981775803566,1.0,1.7472062959745648e-06,14.024511179405327,9.586085052503151,19.38555525128587,0.0003295339489848279,,2671.61598616689,0.004667864271457086
Email,Préstamo Personal,Acquisition,Premium,AR,167.0,159.0,159.0,50.0,7.0,1.0,1402.9,0.8286000000000001,0.0,0.0,0.0,0.0,0.0,True,2366.5073125836675,0.0049616766467065875,0.0057482965259043955,2690.2404108624505,1800.5101400481324,3802.493100244434,1.0,2.096624261553457e-06,13.584179390909666,8.933549114035225,18.86674121474574,0.0003647383624183495,,2366.5073125836675,0.0049616766467065875
Email,Préstamo Personal,Acquisition,Premium,CO,213.0,202.0,202.0,74.0,13.0,2.0,4800.099999999999,0.9253,0.0,0.0,0.0,0.0,0.0,True,2513.749125071715,0.004344131455399061,0.005975027301777989,3370.5035383080176,2268.803087932275,4843.158852155125,1.0,1.72814837092191e-06,14.911776145547035,9.855978860393117,21.039318713141487,0.0002892285312918428,,2513.749125071715,0.004344131455399061
Email,Préstamo Personal,Acquisition,Premium,MX,387.0,364.0,364.0,103.0,18.0,3.0,7722.56,1.9196,0.0,0.0,0.0,0.0,0.0,True,2564.837984437751,0.004960206718346253,0.005963426514739236,3051.5153801997553,2068.1036223567266,4203.952246186351,1.0,1.933925943253527e-06,15.315252914565171,10.258221481850057,20.852472175140356,0.00032429777385092716,,2564.837984437751,0.004960206718346253
Email,Préstamo Personal,Acquisition,Student,AR,77.0,71.0,71.0,31.0,9.0,0.0,0.0,0.36750000000000005,0.0,0.0,0.0,0.0,0.0,True,2559.2287751004014,0.004772727272727273,0.0055930167089333575,2965.182835728361,1959.02861658831,4308.095320562211,1.0,1.864908412707275e-06,14.430415575659639,9.349909306444207,20.561364029956007,0.00033343515847692346,,2559.2287751004014,0.004772727272727273
Email,Préstamo Personal,Acquisition,Student,CO,115.0,108.0,108.0,30.0,5.0,2.0,3598.41,0.5509000000000001,0.0,0.0,0.0,0.0,0.0,True,2342.079125071715,0.004790434782608696,0.006161136764382533,2976.8283302127047,1995.0797311317158,4229.762098095642,1.0,2.0453770034187088e-06,14.438479577797965,9.557299338090978,20.2623994768773,0.0003319804577692564,,2342.079125071715,0.004790434782608696
Email,Préstamo Personal,Acquisition,Student,MX,196.0,185.0,185.0,38.0,15.0,2.0,2815.75,0.8942999999999999,0.0,0.0,0.0,0.0,0.0,True,2230.2705536431436,0.004562755102040816,0.006006501308079319,2877.7486725651793,1944.8424238313657,4036.931885338045,1.0,2.045830311747408e-06,13.30403364658325,8.87383969200199,18.419531556417414,0.0003406026581556838,,2230.2705536431436,0.004562755102040816
Email,Préstamo Personal,Cross-sell,Basic,AR,1433.0,1340.0,1340.0,402.0,76.0,7.0,20341.83,6.781299999999998,1252.0,341.0,5.0,16557.47,5.9271,True,2761.497822958501,0.0047322400558269355,0.005462171305012375,3141.068861252729,2219.1142813219335,4265.302453851702,1.0,1.7136497506838883e-06,15.034450358001642,10.501381490529257,20.184435122333944,0.00031373050294328074,0.003993610223642172,3311.494,0.004734105431309904
Email,Préstamo Personal,Cross-sell,Basic,CO,2126.0,1995.0,1995.0,577.0,126.0,14.0,33504.520000000004,10.1414,1954.0,570.0,10.0,27424.230000000003,9.0647,True,2436.8770460790533,0.004770178739416746,0.006085506596212829,3088.2664064776945,2241.2145908905277,4097.691564475052,1.0,1.957496684985394e-06,14.835110134447598,10.690994191936596,19.546721181546232,0.00032166536245373484,0.00511770726714432,2742.4230000000002,0.004639048106448311
Email,Préstamo Personal,Cross-sell,Basic,MX,3589.0,3373.0,3373.0,984.0,204.0,34.0,81157.12,17.0479,3301.0,934.0,12.0,29731.559999999998,15.5346,True,2409.0580480897947,0.004750041794371691,0.007761704897240651,3899.2090137393543,3086.9946428427434,4886.308027555979,1.0,1.9717423571997875e-06,18.671481106232815,14.663353572504542,23.2101673510648,0.0002540346976990529,0.0036352620418055137,2477.6299999999997,0.004706028476219327
Email,Préstamo Personal,Cross-sell,Plus,AR,538.0,506.0,506.0,157.0,34.0,1.0,1230.99,2.4733,495.0,136.0,5.0,12235.77,2.3651,True,2337.855645917001,0.004597211895910781,0.005150804207217392,2579.0334536409246,1697.561107986236,3658.9398412989826,1.0,1.966422479480152e-06,12.038814285919107,7.80404811966981,16.82092176484159,0.0003817699917082401,0.010101010101010102,2447.154,0.004777979797979798
Email,Préstamo Personal,Cross-sell,Plus,CO,905.0,862.0,862.0,244.0,58.0,4.0,10493.460000000001,4.181900000000001,802.0,213.0,5.0,13696.71,3.7352000000000003,True,2587.7337639446673,0.004620883977900553,0.005432708583866285,3014.4111138800454,2005.8062064712813,4237.389513619768,1.0,1.7856875549888911e-06,14.142282730440824,9.268597762256633,19.5804853116094,0.000328691945725179,0.006234413965087282,2739.3419999999996,0.0046573566084788035
Email,Préstamo Personal,Cross-sell,Plus,MX,1542.0,1462.0,1462.0,432.0,93.0,8.0,20580.420000000002,7.209999999999999,1403.0,421.0,6.0,13944.08,6.5729999999999995,True,2567.427990423231,0.0046757457846952006,0.005550646805043046,2991.084105739139,2098.694507705916,4098.846959269673,1.0,1.8211789394429796e-06,14.202294589771212,9.812961997768905,19.165166391915914,0.0003281021119535737,0.0042765502494654314,2324.0133333333333,0.004684960798289379
Email,Préstamo Personal,Cross-sell,Premium,AR,235.0,227.0,227.0,73.0,19.0,2.0,3850.8199999999997,1.0927,195.0,50.0,0.0,0.0,0.8947,True,2378.1376965002864,0.004649787234042553,0.005934782571274651,3025.99457861644,2037.1194923396913,4300.691828268913,1.0,1.95522203818781e-06,14.276872702733883,9.472172209700345,19.99730196063592,0.00032945133451921466,0.0,2378.1376965002864,0.0045882051282051285
Email,Préstamo Personal,Cross-sell,Premium,CO,343.0,318.0,318.0,104.0,27.0,3.0,11311.099999999999,1.5937999999999999,351.0,117.0,2.0,8963.28,1.6333,True,3013.4054844377506,0.004646647230320699,0.0060411884920894615,3829.9089481975234,2599.310463425,5464.466141193507,1.0,1.541992026734392e-06,18.17200178707027,12.07807876561739,25.39144646015805,0.00025524646826589317,0.005698005698005698,4481.64,0.004653276353276353
Email,Préstamo Personal,Cross-sell,Premium,MX,562.0,535.0,535.0,158.0,29.0,3.0,10244.92,2.6146,527.0,149.0,4.0,12605.029999999999,2.4021,True,2880.1329844377506,0.004652313167259786,0.0056729956730336845,3444.355670851868,2302.6302192175963,4810.024228768873,1.0,1.6153119291357978e-06,16.288350654669653,10.71255688819631,22.377739054340022,0.00028473702823608813,0.007590132827324478,3151.2574999999997,0.0045580645161290324
Email,Préstamo Personal,Cross-sell,Student,AR,124.0,117.0,117.0,34.0,7.0,1.0,4417.28,0.6196,88.0,21.0,0.0,0.0,0.42419999999999997,True,2868.903979250334,0.004996774193548387,0.005826634000960152,3323.8572737077648,2221.6890992032745,4804.687892110078,1.0,1.7417014405808316e-06,16.924982929254366,11.101278756986684,24.007940467350036,0.00029892068736320535,0.0,2868.903979250334,0.004820454545454545
Email,Préstamo Personal,Cross-sell,Student,CO,207.0,197.0,197.0,62.0,11.0,0.0,0.0,0.909,153.0,48.0,1.0,4983.7,0.7312000000000001,True,2559.2287751004014,0.004391304347826087,0.005368486422418148,3108.596856989046,2054.193524618259,4533.510903278106,1.0,1.7158701834515794e-06,13.872015490222605,9.020588955932354,19.908026140482118,0.00031961898539713425,0.006535947712418301,4983.7,0.0047790849673202615
Email,Préstamo Personal,Cross-sell,Student,MX,252.0,233.0,233.0,74.0,9.0,0.0,0.0,1.1989,256.0,65.0,0.0,0.0,1.1712999999999998,True,2559.2287751004014,0.004757539682539683,0.005294907010461566,2796.3623000059924,1836.5400766381035,4069.2623690945234,1.0,1.858973972482409e-06,13.555253268671244,8.737412293180247,19.359677199632635,0.0003510871803432028,0.0,2559.2287751004014,0.004575390624999999
Email,Préstamo Personal,Reactivation,Basic,AR,0.0,0.0,0.0,0.0,0.0,0.0,0.0,0.0,2459.0,701.0,10.0,19644.49,11.463499999999998,True,2559.2287751004014,0.004661854412362748,0.00573508941000107,3084.0409414080227,2045.2237768667849,4395.949766319605,1.0,1.8215856502238095e-06,14.624168366396272,9.534535488455626,20.493277814642042,0.0003176211424092636,0.004066693777958519,1964.449,0.004661854412362748
Email,Préstamo Personal,Reactivation,Basic,CO,0.0,0.0,0.0,0.0,0.0,0.0,0.0,0.0,3841.0,1068.0,14.0,35052.840000000004,17.91020000000001,True,2559.2287751004014,0.004662900286383757,0.00573508941000107,3081.5758773934604,2018.6601106190672,4527.171096703571,1.0,1.821994317878372e-06,14.681010549059051,9.412810807917115,21.10974740332735,0.0003176923998257303,0.0036448841447539702,2503.774285714286,0.004662900286383757
Email,Préstamo Personal,Reactivation,Basic,MX,0.0,0.0,0.0,0.0,0.0,0.0,0.0,0.0,6381.0,1781.0,35.0,86785.33,29.697099999999992,True,2559.2287751004014,0.004653988403071617,0.00573508941000107,3068.420774328595,2051.8815125656934,4370.73819903669,1.0,1.8185120643968362e-06,14.587614838568726,9.549432763957785,20.34136489117888,0.00031708521600825343,0.005485033693778405,2479.580857142857,0.004653988403071617
Email,Préstamo Personal,Reactivation,Plus,AR,0.0,0.0,0.0,0.0,0.0,0.0,0.0,0.0,971.0,263.0,6.0,16354.060000000001,4.598399999999999,True,2559.2287751004014,0.0047357363542739435,0.00573508941000107,3034.1062488894167,1969.0203112124511,4383.502290467874,1.0,1.8504544807988708e-06,14.624697241852235,9.324761070112599,20.759111156011812,0.0003226548617658823,0.006179196704428424,2725.6766666666667,0.0047357363542739435
Email,Préstamo Personal,Reactivation,Plus,CO,0.0,0.0,0.0,0.0,0.0,0.0,0.0,0.0,1615.0,439.0,14.0,37291.55,7.668699999999999,True,2559.2287751004014,0.004748421052631579,0.00573508941000107,3031.715265816219,1987.975816873176,4398.729381590576,1.0,1.8554109342746402e-06,14.66490114186922,9.439746220963048,20.887019200373775,0.00032351909475711104,0.0086687306501548,2663.682142857143,0.004748421052631579
Email,Préstamo Personal,Reactivation,Plus,MX,0.0,0.0,0.0,0.0,0.0,0.0,0.0,0.0,2607.0,690.0,13.0,33957.5,12.1315,True,2559.2287751004014,0.00465343306482547,0.00573508941000107,3089.483104142105,2038.8252494640626,4453.348043680407,1.0,1.818295070022769e-06,14.645983641473908,9.487536829257106,20.723357035638227,0.0003170473797412741,0.004986574606827772,2612.1153846153848,0.00465343306482547
Email,Préstamo Personal,Reactivation,Premium,AR,0.0,0.0,0.0,0.0,0.0,0.0,0.0,0.0,418.0,105.0,5.0,14605.380000000001,2.0608,True,2559.2287751004014,0.004930143540669857,0.00573508941000107,2941.493014271102,1940.479052250725,4261.17633290657,1.0,1.926417672635164e-06,14.758036222905734,9.566840265259078,21.00821097333459,0.0003359001987442083,0.011961722488038277,2921.076,0.004930143540669857
Email,Préstamo Personal,Reactivation,Premium,CO,0.0,0.0,0.0,0.0,0.0,0.0,0.0,0.0,684.0,217.0,4.0,4669.05,3.259099999999999,True,2559.2287751004014,0.004764766081871344,0.00573508941000107,3025.6181290623263,1979.4219350669853,4361.812018152854,1.0,1.8617976353772504e-06,14.662738400863221,9.431482497919314,20.783013959593514,0.00032463271315885255,0.005847953216374269,1167.2625,0.004764766081871344
Email,Préstamo Personal,Reactivation,Premium,MX,0.0,0.0,0.0,0.0,0.0,0.0,0.0,0.0,1081.0,317.0,7.0,14563.490000000002,5.040300000000001,True,2559.2287751004014,0.004662627197039779,0.00573508941000107,3108.595853141428,2041.7529452495212,4413.811062223953,1.0,1.8218876102066566e-06,14.738340467614377,9.519932812156489,20.57995550132044,0.0003176737937214333,0.0064754856614246065,2080.4985714285717,0.004662627197039779
Email,Préstamo Personal,Reactivation,Student,AR,0.0,0.0,0.0,0.0,0.0,0.0,0.0,0.0,207.0,60.0,1.0,4324.12,1.0182,True,2559.2287751004014,0.004918840579710145,0.00573508941000107,2909.590188786297,1931.3900911371154,4230.276435741665,1.0,1.922001122981736e-06,14.635418675949996,9.500199955535319,20.8080553955177,0.000335130106189814,0.004830917874396135,4324.12,0.004918840579710145
Email,Préstamo Personal,Reactivation,Student,CO,0.0,0.0,0.0,0.0,0.0,0.0,0.0,0.0,309.0,102.0,1.0,881.57,1.4942,True,2559.2287751004014,0.004835598705501618,0.00573508941000107,2988.6871184018614,1914.4357300718266,4463.847276739849,1.0,1.8894749670481928e-06,14.744392798995534,9.25744293810137,21.585374112960135,0.00032945867657324635,0.003236245954692557,881.57,0.004835598705501618
Email,Préstamo Personal,Reactivation,Student,MX,0.0,0.0,0.0,0.0,0.0,0.0,0.0,0.0,494.0,142.0,4.0,10340.970000000001,2.4021000000000003,True,2559.2287751004014,0.00486255060728745,0.00573508941000107,2973.7028920408175,1940.4932340177959,4262.2650731726335,1.0,1.9000062263275726e-06,14.703606213310549,9.435746553510421,20.725479619975676,0.0003312949616817252,0.008097165991902834,2585.2425000000003,0.00486255060728745
Email,Préstamo Personal,Retention,Basic,AR,1329.0,1245.0,1245.0,402.0,73.0,14.0,36234.17,6.3428,1319.0,379.0,11.0,24185.78,6.3353,True,2580.542835552737,0.004772610985703537,0.007197854332662053,3857.4891472952645,2872.629224715522,5152.202792074482,1.0,1.8494600903151728e-06,18.644337883311568,13.709941795730334,24.58945964602711,0.00025694602930803807,0.008339651250947688,2198.7072727272725,0.0048031084154662625
Email,Préstamo Personal,Retention,Basic,CO,2168.0,2045.0,2045.0,596.0,123.0,7.0,18280.7,9.944500000000003,1812.0,474.0,14.0,42925.2,8.4218,True,2589.736989625167,0.004586946494464946,0.00469000764047315,2629.859752147345,1841.0061587846865,3611.890649391916,1.0,1.7712016752438056e-06,12.206588107621474,8.444596746325795,16.567549152618966,0.000377654326180398,0.00772626931567329,3066.085714285714,0.004647792494481236
Email,Préstamo Personal,Retention,Basic,MX,3527.0,3340.0,3340.0,990.0,211.0,19.0,58223.29,16.313000000000002,3205.0,861.0,18.0,42585.05,14.904000000000003,True,2959.1430781459167,0.004625177204423023,0.005547897013158457,3529.5031769603092,2644.5261118774406,4521.487189356076,1.0,1.5630123594162192e-06,16.414311579856015,12.231401889156986,20.912679478300447,0.00028173060093024063,0.005616224648985959,2365.836111111111,0.004650234009360376
Email,Préstamo Personal,Retention,Plus,AR,606.0,569.0,569.0,164.0,35.0,5.0,15060.639999999998,2.7904,517.0,133.0,5.0,16285.489999999998,2.4047,True,2785.6783875502006,0.0046046204620462045,0.006154231015016247,3674.9316693253077,2547.3216871491813,5066.566586587242,1.0,1.652961979611591e-06,17.126832873134493,11.729449564061179,23.32961617691921,0.0002685895241141232,0.009671179883945842,3257.0979999999995,0.004651257253384913
Email,Préstamo Personal,Retention,Plus,CO,881.0,839.0,839.0,257.0,61.0,7.0,19968.68,4.127000000000001,806.0,236.0,4.0,12767.51,3.8383,True,2730.401989625167,0.0046844494892168,0.006232851765129453,3559.3677343268973,2518.9401384338307,4830.874422030594,1.0,1.7156629342552914e-06,16.8168311799187,11.799847844854053,22.629987218751722,0.0002752613087726238,0.004962779156327543,3191.8775,0.004762158808933002
Email,Préstamo Personal,Retention,Plus,MX,1425.0,1331.0,1331.0,409.0,81.0,6.0,23445.940000000002,6.853900000000002,1336.0,381.0,6.0,17194.760000000002,6.082300000000001,True,3294.73489777291,0.004809754385964914,0.0052475747347668425,3557.9175880679936,2481.6153323485964,4859.353611597824,1.0,1.4598304674576666e-06,17.325522582818675,11.93596022904144,23.37229734633708,0.0002781914581960744,0.004491017964071856,2865.7933333333335,0.0045526197604790425
Email,Préstamo Personal,Retention,Premium,AR,231.0,209.0,209.0,64.0,15.0,4.0,12730.1,1.0434999999999999,208.0,59.0,1.0,2635.97,1.0055,True,2836.2493195002226,0.004517316017316017,0.006555127384841684,4068.3596613920427,2828.4036363927103,5698.907748837516,1.0,1.592707660168612e-06,18.631228561511882,12.776793050111658,25.74376725503008,0.00024297127525723563,0.004807692307692308,2635.97,0.004834134615384616
Email,Préstamo Personal,Retention,Premium,CO,324.0,304.0,304.0,82.0,17.0,2.0,6367.450000000001,1.5958999999999999,320.0,89.0,3.0,3396.0,1.4543,True,2737.656267928858,0.004925617283950617,0.005777360393865223,3167.1341947964447,2162.4927479746193,4469.227633691217,1.0,1.7992095434526682e-06,15.891057974060274,10.651611655841648,22.013704878419176,0.0003114241488834912,0.009375,1132.0,0.0045446875
Email,Préstamo Personal,Retention,Premium,MX,575.0,536.0,536.0,184.0,33.0,0.0,0.0,2.7796000000000003,544.0,160.0,4.0,7322.500000000001,2.4639,True,2559.2287751004014,0.00483408695652174,0.0048206636167078066,2469.471464192461,1615.640395289158,3589.1510772766637,1.0,1.8888842621473311e-06,12.216184175831554,7.810146161296947,17.35026840764907,0.00039183075450456627,0.007352941176470588,1830.6250000000002,0.004529227941176471
Email,Préstamo Personal,Retention,Student,AR,122.0,116.0,116.0,35.0,8.0,1.0,4857.08,0.5913,108.0,26.0,0.0,0.0,0.5397000000000001,True,2942.2039792503347,0.004846721311475411,0.0058303296017689745,3471.6322108901186,2247.398289504011,5017.125781704559,1.0,1.6473097533877789e-06,17.062731485365116,10.892513185112474,24.316610448540214,0.00028254144549357387,0.0,2942.2039792503347,0.004997222222222223
Email,Préstamo Personal,Retention,Student,CO,180.0,170.0,170.0,56.0,10.0,1.0,2767.96,0.8864000000000001,151.0,28.0,1.0,4696.67,0.7598,True,2594.0173125836677,0.004924444444444445,0.005725026107135766,2948.5907454748262,1951.5331126909696,4151.510322128353,1.0,1.8983853425171044e-06,14.710951236404501,9.61021639494042,20.443881941858738,0.00033159418088083933,0.006622516556291391,4696.67,0.005031788079470199
Email,Préstamo Personal,Retention,Student,MX,283.0,266.0,266.0,78.0,16.0,3.0,9317.52,1.3916,261.0,61.0,2.0,6264.97,1.1842000000000001,True,2764.207984437751,0.004917314487632509,0.006150554989367586,3370.7342392708933,2346.3208814624804,4726.792329262069,1.0,1.778923480185485e-06,16.82229948080366,11.537597663050134,23.24312440071058,0.0002892297497153827,0.007662835249042145,3132.485,0.004537164750957855
Email,Préstamo Personal,Up-sell,Basic,AR,2259.0,2115.0,2115.0,632.0,124.0,6.0,19072.100000000002,10.331,1492.0,428.0,5.0,11363.98,7.027499999999999,True,2897.1130795910917,0.004573262505533421,0.004420307282104257,2747.846351159087,1948.9804625540291,3822.210596030944,1.0,1.578558509762728e-06,12.821472080386396,8.913199273415525,17.47997240708087,0.00035711510739390635,0.003351206434316354,2272.796,0.004710120643431634
Email,Préstamo Personal,Up-sell,Basic,CO,3207.0,2997.0,2997.0,911.0,182.0,22.0,56206.64,14.763800000000002,2227.0,625.0,15.0,43041.840000000004,10.3225,True,2555.65866205563,0.00460361708762083,0.0063133846539516775,3461.9547043038037,2641.2507928419263,4424.821036373133,1.0,1.8013427051005066e-06,16.044778180781144,12.159307282619155,20.37018173271147,0.00028532123477903557,0.00673551863493489,2869.456,0.00463515940727436
Email,Préstamo Personal,Up-sell,Basic,MX,5368.0,5040.0,5040.0,1459.0,298.0,25.0,60454.21000000001,25.2066,3767.0,1039.0,13.0,25939.91,17.613700000000005,True,2441.678462516734,0.004695715350223547,0.005046225694420464,2604.9073799221724,2010.1305743373998,3314.7056326554653,1.0,1.92315057953351e-06,12.321084702777501,9.439000993869803,15.564914120732723,0.00038110673124666395,0.0034510220334483675,1995.3776923076923,0.004675789753119194
Email,Préstamo Personal,Up-sell,Plus,AR,934.0,878.0,878.0,279.0,45.0,7.0,13326.41,4.2866,589.0,179.0,2.0,6166.84,2.7627,True,2176.879489625167,0.004589507494646681,0.006149543384382498,2883.8986969957086,2025.2158326192384,3928.2167077167605,1.0,2.1082965393904005e-06,13.387522027708252,9.294743242083113,18.028580020662382,0.000342837899923541,0.003395585738539898,3083.42,0.004690492359932089
Email,Préstamo Personal,Up-sell,Plus,CO,1398.0,1307.0,1307.0,397.0,62.0,3.0,11766.740000000002,6.6649,933.0,259.0,4.0,11332.02,4.331099999999999,True,3070.360484437751,0.004767453505007153,0.004602252062903248,2906.7323138551164,1971.64991285736,4148.6025008953075,1.0,1.5527341265532786e-06,14.145044230655719,9.399749287698869,19.778269533774772,0.00033738572014974864,0.004287245444801715,2833.005,0.004642122186495176
Email,Préstamo Personal,Up-sell,Plus,MX,2308.0,2170.0,2170.0,626.0,114.0,9.0,25792.7,10.6388,1576.0,458.0,12.0,21778.9,7.354599999999999,True,2756.345991107286,0.004609532062391681,0.004941614348856298,2897.3241348345555,2073.308470153385,3922.8076399348647,1.0,1.6723343430988968e-06,13.572711568738299,9.556981868400273,18.082307590874798,0.0003384186269990791,0.007614213197969543,1814.9083333333335,0.0046666243654822324
Email,Préstamo Personal,Up-sell,Premium,AR,330.0,314.0,314.0,86.0,22.0,0.0,0.0,1.5346,240.0,54.0,1.0,784.11,1.1004,True,2559.2287751004014,0.00465030303030303,0.00517203637257989,2803.544153193803,1847.964905402942,4057.2551904075754,1.0,1.8170720318352912e-06,13.339760175918753,8.593596799488953,18.86746610666504,0.0003513262283824404,0.004166666666666667,784.11,0.0045850000000000005
Email,Préstamo Personal,Up-sell,Premium,CO,556.0,533.0,533.0,150.0,25.0,0.0,0.0,2.5482000000000005,362.0,99.0,1.0,1164.13,1.7721,True,2559.2287751004014,0.004583093525179857,0.004846196215748538,2649.310023671747,1722.6143095949242,3901.115278076877,1.0,1.7908104073267373e-06,12.451077973380295,7.894902488686666,17.879176171934354,0.0003695290755061041,0.0027624309392265192,1164.13,0.004895303867403315
Email,Préstamo Personal,Up-sell,Premium,MX,929.0,863.0,863.0,258.0,55.0,4.0,8745.94,4.2761,679.0,189.0,7.0,16872.36,3.1391999999999998,True,2393.564875055779,0.0046029063509149615,0.005399785413934894,2758.3431635164934,1891.7473189960408,3838.024203706217,1.0,1.9230338809211082e-06,12.903372749774793,8.707535748933228,17.666065982204685,0.00035613153736784665,0.010309278350515464,2410.337142857143,0.004623269513991163
Email,Préstamo Personal,Up-sell,Student,AR,177.0,167.0,167.0,47.0,13.0,2.0,5380.87,0.8794,110.0,37.0,0.0,0.0,0.5099,True,2596.716267928858,0.004968361581920904,0.006042072856533191,3068.6851678795592,2067.2213872077527,4422.6004621459715,1.0,1.9133247799474336e-06,15.551440773623176,10.270703321528236,21.97307822831168,0.00031666694946893734,0.0,2596.716267928858,0.004635454545454546
Email,Préstamo Personal,Up-sell,Student,CO,280.0,254.0,254.0,78.0,18.0,2.0,4747.19,1.3142999999999998,191.0,46.0,0.0,0.0,0.9228000000000001,True,2506.1905536431436,0.004693928571428571,0.0058541294308111416,3077.7666649567736,2066.2013022923684,4335.330504640923,1.0,1.8729336301284853e-06,14.646121580912407,9.698601327153069,20.349731722319877,0.000319933758258053,0.0,2506.1905536431436,0.004831413612565445
Email,Préstamo Personal,Up-sell,Student,MX,448.0,421.0,421.0,130.0,21.0,1.0,4476.69,2.0542999999999996,331.0,99.0,1.0,4393.7,1.596,True,2878.8056459170007,0.00458549107142857,0.0052840421870977376,3223.320577689385,2156.424870981764,4678.083413920727,1.0,1.5928449626087662e-06,15.13190601626846,9.888266992093383,21.45130972593158,0.000301444406802444,0.0030211480362537764,4393.7,0.004821752265861027
Email,Seguro,Acquisition,Basic,AR,1503.0,1416.0,1416.0,426.0,87.0,5.0,14765.93,6.8835,0.0,0.0,0.0,0.0,0.0,True,2781.8417096774197,0.004579840319361277,0.004936762322939947,2936.677224065288,2035.2279737355761,4111.46940987203,1.0,1.6463339029783804e-06,13.691608729776716,9.321019133206145,18.829873375152438,0.00033348453810066217,,2781.8417096774197,0.004579840319361277
Email,Seguro,Acquisition,Basic,CO,2275.0,2120.0,2120.0,652.0,154.0,11.0,31479.410000000003,10.473900000000002,0.0,0.0,0.0,0.0,0.0,True,2783.2435685483874,0.004603912087912089,0.005349258281167578,3200.2360438748233,2292.1964946720914,4298.923402049192,1.0,1.654153499153967e-06,14.89748853101423,10.55307114969056,19.791865415702436,0.00030923044134502256,,2783.2435685483874,0.004603912087912089
Email,Seguro,Acquisition,Basic,MX,3969.0,3709.0,3709.0,1130.0,223.0,18.0,47799.84,18.362400000000004,0.0,0.0,0.0,0.0,0.0,True,2645.7533520336606,0.004626455026455027,0.005054749601683744,2840.9085949816545,2116.96229891209,3742.9740629751477,1.0,1.7486342870543463e-06,13.301028396432317,9.794030868617627,17.316701167542167,0.00034593885451257046,,2645.7533520336606,0.004626455026455027
Email,Seguro,Acquisition,Plus,AR,633.0,603.0,603.0,206.0,52.0,3.0,8258.7,3.1155,0.0,0.0,0.0,0.0,0.0,True,2663.898387096774,0.004921800947867298,0.005563074330429976,2923.442236532175,2010.718178069224,4161.985619389711,1.0,1.8475933510479277e-06,14.703064139045168,9.896354634715113,20.484464766522343,0.0003321173224203756,,2663.898387096774,0.004921800947867298
Email,Seguro,Acquisition,Plus,CO,922.0,869.0,869.0,266.0,53.0,7.0,21359.05,4.3714,0.0,0.0,0.0,0.0,0.0,True,2867.6280913978494,0.0047412147505423,0.006168210036124083,3659.4674345982444,2566.99252116754,4989.059979436089,1.0,1.653357618013553e-06,17.54273379540783,12.170662805891306,23.654204765842646,0.0002680449609093521,,2867.6280913978494,0.0047412147505423
Email,Seguro,Acquisition,Plus,MX,1624.0,1521.0,1521.0,448.0,101.0,10.0,19882.41,7.313199999999999,0.0,0.0,0.0,0.0,0.0,True,2195.659806451613,0.004503201970443349,0.0058824950748072365,2846.634100627529,2048.2873676488475,3861.871405828428,1.0,2.0509561441218597e-06,13.010780745184642,9.22385171003051,17.390786924325404,0.0003486541200698018,,2195.659806451613,0.004503201970443349
Email,Seguro,Acquisition,Premium,AR,248.0,231.0,231.0,62.0,13.0,0.0,0.0,1.1478000000000002,0.0,0.0,0.0,0.0,0.0,True,2610.4974193548387,0.0046282258064516135,0.005301365629809376,2911.927227912128,1925.9497312163649,4204.66767648416,1.0,1.7729287039844838e-06,13.760435259670386,8.913730247944128,19.460151447856934,0.00033442867890782205,,2610.4974193548387,0.0046282258064516135
Email,Seguro,Acquisition,Premium,CO,392.0,366.0,366.0,107.0,23.0,2.0,2712.33,1.8748,0.0,0.0,0.0,0.0,0.0,True,2252.116728110599,0.0047826530612244894,0.005662598999475267,2589.6119068688677,1777.3830013290028,3669.1711109424346,1.0,2.123625743518574e-06,12.664824780974921,8.500606252274526,17.548372445905297,0.0003750266871652687,,2252.116728110599,0.0047826530612244894
Email,Seguro,Acquisition,Premium,MX,678.0,639.0,639.0,179.0,35.0,3.0,11728.34,3.0933,0.0,0.0,0.0,0.0,0.0,True,3097.603387096774,0.004562389380530974,0.005495584608988453,3622.416227333433,2465.1865257715504,5157.929906067888,1.0,1.4728771925856748e-06,16.909542220972476,11.247140826208167,23.532484628967257,0.00026801101199982807,,3097.603387096774,0.004562389380530974
Email,Seguro,Acquisition,Student,AR,129.0,122.0,122.0,30.0,6.0,1.0,186.27,0.6173,0.0,0.0,0.0,0.0,0.0,True,2206.459516129032,0.004785271317829457,0.005817415463261716,2620.1725192756617,1714.725985346271,3794.5259264480505,1.0,2.168755548356781e-06,12.758493647674833,8.205429075614365,18.157836080592105,0.00037280396458753187,,2206.459516129032,0.004785271317829457
Email,Seguro,Acquisition,Student,CO,212.0,200.0,200.0,66.0,10.0,2.0,3678.56,0.9578,0.0,0.0,0.0,0.0,0.0,True,2390.1495852534563,0.004517924528301887,0.005976869580386632,3103.674840564364,2085.8712894292507,4427.596848299989,1.0,1.8902266854661305e-06,14.27997323397681,9.423809061393097,20.003548402366647,0.0003162569736620981,,2390.1495852534563,0.004517924528301887
Email,Seguro,Acquisition,Student,MX,283.0,270.0,270.0,79.0,11.0,0.0,0.0,1.2514,0.0,0.0,0.0,0.0,0.0,True,2610.4974193548387,0.004421908127208481,0.005245381301927334,3031.6127183352883,1967.702929013239,4455.747718409849,1.0,1.6938948471748793e-06,13.682842986101544,8.701001573735574,19.702907048827157,0.0003229307365229071,,2610.4974193548387,0.004421908127208481
Email,Seguro,Cross-sell,Basic,AR,0.0,0.0,0.0,0.0,0.0,0.0,0.0,0.0,1807.0,522.0,5.0,11008.83,8.380299999999998,True,2610.4974193548387,0.0046376867736579955,0.00573508941000107,3169.575819147566,2071.9740564701224,4625.255140441584,1.0,1.7765529049265097e-06,15.040638879238744,9.609166677053992,21.450484589619588,0.00030976899886311937,0.002767017155506364,2201.766,0.0046376867736579955
Email,Seguro,Cross-sell,Basic,CO,0.0,0.0,0.0,0.0,0.0,0.0,0.0,0.0,2790.0,780.0,13.0,36126.89,13.0187,True,2610.4974193548387,0.004666200716845878,0.00573508941000107,3147.4730028871636,2047.3450991386305,4506.507714707422,1.0,1.7874757056833592e-06,14.917429094472423,9.553323169231573,21.028269528839253,0.0003116735551788068,0.004659498207885305,2778.9915384615383,0.004666200716845878
Email,Seguro,Cross-sell,Basic,MX,0.0,0.0,0.0,0.0,0.0,0.0,0.0,0.0,4512.0,1240.0,27.0,72878.06,21.451000000000008,True,2610.4974193548387,0.004754210992907803,0.00573508941000107,3072.0226922444817,2015.4512246434438,4449.980164327325,1.0,1.8211896926842257e-06,14.881202961244654,9.581880367869354,21.156144615466637,0.00031755210119451053,0.005984042553191489,2699.187407407407,0.004754210992907803
Email,Seguro,Cross-sell,Plus,AR,0.0,0.0,0.0,0.0,0.0,0.0,0.0,0.0,809.0,235.0,1.0,3757.71,3.8376,True,2610.4974193548387,0.004743634116192831,0.00573508941000107,3135.5383098279117,2036.2034853154937,4460.95690022114,1.0,1.8171380216744967e-06,15.090596309134478,9.659004320453324,21.161147342754816,0.00031684563077703743,0.0012360939431396785,3757.71,0.004743634116192831
Email,Seguro,Cross-sell,Plus,CO,0.0,0.0,0.0,0.0,0.0,0.0,0.0,0.0,1162.0,291.0,4.0,3861.19,5.500299999999999,True,2610.4974193548387,0.004733476764199655,0.00573508941000107,3068.071000234251,2031.0741543458669,4477.703006522558,1.0,1.8132470574782227e-06,14.90595226908378,9.614042315962624,21.195103138361468,0.00031616718203489775,0.0034423407917383822,965.2975,0.004733476764199655
Email,Seguro,Cross-sell,Plus,MX,0.0,0.0,0.0,0.0,0.0,0.0,0.0,0.0,1902.0,545.0,9.0,22340.28,8.9685,True,2610.4974193548387,0.004715299684542587,0.00573508941000107,3116.3112315990547,2075.591375860024,4501.361681621081,1.0,1.8062839861791287e-06,15.018950900791767,9.787035359832085,21.225269317359967,0.0003149530647297775,0.00473186119873817,2482.253333333333,0.004715299684542587
Email,Seguro,Cross-sell,Premium,AR,0.0,0.0,0.0,0.0,0.0,0.0,0.0,0.0,314.0,99.0,2.0,6767.49,1.3947999999999998,True,2610.4974193548387,0.004442038216560509,0.00573508941000107,3319.527707830888,2211.0343588712585,4820.491163541361,1.0,1.7016060554690451e-06,15.012339253610257,9.821499120234494,21.412805971042957,0.000296700876624821,0.006369426751592357,3383.745,0.004442038216560509
Email,Seguro,Cross-sell,Premium,CO,0.0,0.0,0.0,0.0,0.0,0.0,0.0,0.0,481.0,154.0,2.0,4300.26,2.2334000000000005,True,2610.4974193548387,0.004643243243243244,0.00573508941000107,3175.611617068584,2123.41392507757,4517.068265995073,1.0,1.7786814148204676e-06,15.007047522891423,9.859527360225044,20.973846705350095,0.0003101401369120304,0.004158004158004158,2150.13,0.004643243243243244
Email,Seguro,Cross-sell,Premium,MX,0.0,0.0,0.0,0.0,0.0,0.0,0.0,0.0,787.0,219.0,6.0,10862.080000000002,3.8228999999999997,True,2610.4974193548387,0.004857560355781448,0.00573508941000107,3006.7610525646514,2000.0888956298631,4314.382307435263,1.0,1.8607796045942658e-06,14.865969740394343,9.715552527450322,20.95737245628242,0.0003244552040199001,0.007623888182973317,1810.346666666667,0.004857560355781448
Email,Seguro,Cross-sell,Student,AR,0.0,0.0,0.0,0.0,0.0,0.0,0.0,0.0,153.0,44.0,1.0,2980.28,0.6612,True,2610.4974193548387,0.0043215686274509805,0.00573508941000107,3381.8121490216868,2219.3735621030737,4966.187034963924,1.0,1.6554579197856544e-06,14.968966850826623,9.591175158578775,21.461718088353898,0.0002886542478132604,0.006535947712418301,2980.28,0.0043215686274509805
Email,Seguro,Cross-sell,Student,CO,0.0,0.0,0.0,0.0,0.0,0.0,0.0,0.0,218.0,57.0,0.0,0.0,1.0781,True,2610.4974193548387,0.004945412844036698,0.00573508941000107,2963.1010450558897,1945.2922928816813,4325.028418623689,1.0,1.8944331480162554e-06,14.944361144834296,9.620273490622665,21.389051092285317,0.00033032321077901066,0.0,2610.4974193548387,0.004945412844036698
Email,Seguro,Cross-sell,Student,MX,0.0,0.0,0.0,0.0,0.0,0.0,0.0,0.0,379.0,114.0,0.0,0.0,1.7816999999999998,True,2610.4974193548387,0.004701055408970976,0.00573508941000107,3131.3210616583888,2024.49521608339,4532.296604008814,1.0,1.8008274492501893e-06,14.950643063143934,9.517264186004684,21.30657746533642,0.00031400163458826584,0.0,2610.4974193548387,0.004701055408970976
Email,Tarjeta Crédito,Acquisition,Basic,AR,1467.0,1390.0,1390.0,417.0,87.0,10.0,21802.870000000003,6.718400000000002,1024.0,276.0,1.0,4656.46,4.8428,True,2304.5876091731266,0.00457968643490116,0.0060878072187811605,3040.1009777365007,2192.2788668816834,4067.6155053805455,1.0,1.9872043122475723e-06,14.074465509254871,10.039949788178532,18.62840355238491,0.00032642365975666196,0.0009765625,4656.46,0.004729296875
Email,Tarjeta Crédito,Acquisition,Basic,CO,2196.0,2060.0,2060.0,606.0,147.0,10.0,27913.61,10.2503,1520.0,416.0,8.0,15039.94,7.2343,True,2711.9702758397934,0.00466771402550091,0.005238797682211406,3021.882895206446,2182.4410067864724,4011.7504343709998,1.0,1.721152354465057e-06,14.231821866502754,10.187010497205545,18.725703769322884,0.00032853957317521804,0.005263157894736842,1879.9925,0.004759407894736842
Email,Tarjeta Crédito,Acquisition,Basic,MX,3634.0,3404.0,3404.0,1009.0,205.0,18.0,42870.19,17.037200000000006,2515.0,667.0,9.0,22414.16,11.542,True,2418.962353808561,0.004688277380297195,0.0053088035723488315,2711.3257087415377,2011.605243499466,3508.72642813983,1.0,1.938135735314643e-06,12.804900183879827,9.430963361185778,16.449882746698936,0.00036507957186615825,0.0035785288270377734,2490.4622222222224,0.004589264413518887
Email,Tarjeta Crédito,Acquisition,Plus,AR,573.0,543.0,543.0,160.0,34.0,4.0,13122.02,2.7142999999999997,415.0,131.0,1.0,3329.62,1.8090000000000002,True,2876.440459732989,0.0047369982547993015,0.005933129950680747,3557.1761680797117,2445.3536561009196,4926.264314570968,1.0,1.6468264582952718e-06,17.07461779952711,11.583636001317146,23.335705460802757,0.0002775645354112496,0.0024096385542168677,3329.62,0.004359036144578314
Email,Tarjeta Crédito,Acquisition,Plus,CO,837.0,795.0,795.0,262.0,48.0,4.0,8083.75,3.9764000000000004,649.0,178.0,3.0,6097.79,3.0212,True,2316.632681955211,0.004750776583034648,0.005528209448164374,2629.229396173275,1767.219777906378,3752.3127746021873,1.0,2.0507250113665187e-06,12.683344080040156,8.395666337953314,17.82639966180184,0.00037095646078450515,0.004622496147919877,2032.5966666666666,0.004655161787365177
Email,Tarjeta Crédito,Acquisition,Plus,MX,1573.0,1495.0,1495.0,458.0,86.0,7.0,8112.74,7.2810999999999995,1030.0,289.0,4.0,10167.1,4.8725000000000005,True,1739.8903447997418,0.00462879847425302,0.005296085878371743,1945.790697798114,1353.9416611174086,2623.239792871254,1.0,2.660396667001325e-06,9.111145972739196,6.26712309520786,12.142448350842265,0.0005023326147081383,0.003883495145631068,2541.775,0.004730582524271845
Email,Tarjeta Crédito,Acquisition,Premium,AR,239.0,233.0,233.0,78.0,15.0,2.0,4242.86,1.1524,150.0,45.0,3.0,8803.44,0.695,True,2429.829162513843,0.004821757322175733,0.005927523522307279,2908.8823639695165,1974.631772060999,4155.861137868984,1.0,1.9844017828756562e-06,14.316576978612458,9.521195205535964,20.038553871465346,0.00033477754671199195,0.02,2934.48,0.004633333333333333
Email,Tarjeta Crédito,Acquisition,Premium,CO,369.0,347.0,347.0,96.0,21.0,2.0,3783.96,1.7626,303.0,99.0,3.0,7612.75,1.406,True,2364.2720196566997,0.004776693766937669,0.005700901650062297,2760.211381311772,1876.9342333509296,3941.0368123523485,1.0,2.020365561671394e-06,13.489480131672595,8.965540053399318,18.825125976835363,0.0003543940389936943,0.009900990099009901,2537.5833333333335,0.00464026402640264
Email,Tarjeta Crédito,Acquisition,Premium,MX,643.0,592.0,592.0,168.0,29.0,2.0,3450.32,3.0035000000000003,463.0,136.0,3.0,10116.84,2.2101,True,2316.609162513843,0.004671073094867808,0.005275771663949506,2555.6750480647797,1689.4793079544497,3678.212671141203,1.0,2.016340594025383e-06,12.180925022973843,7.891681339721913,17.181200245369524,0.00038218875312657607,0.0064794816414686825,3372.28,0.004773434125269978
Email,Tarjeta Crédito,Acquisition,Student,AR,139.0,131.0,131.0,30.0,6.0,1.0,2650.97,0.6931,98.0,23.0,1.0,3255.07,0.4645,True,2569.485689599483,0.0049863309352517985,0.005799065621812407,2961.8167226468913,1965.9666504478162,4221.637813674608,1.0,1.940594942962706e-06,15.011748528659792,9.802960326801303,21.050483227754466,0.0003346392452714138,0.01020408163265306,3255.07,0.004739795918367347
Email,Tarjeta Crédito,Acquisition,Student,CO,184.0,172.0,172.0,52.0,10.0,3.0,5742.780000000001,0.8587,104.0,22.0,0.0,0.0,0.5206,True,2313.590517199613,0.004666847826086957,0.006339933440059718,3083.1471841775574,2091.9288973697453,4394.151539094304,1.0,2.0171451220053165e-06,14.64593723942487,9.762713827018478,20.50683655771891,0.0003181650313960262,0.0,2313.590517199613,0.00500576923076923
Email,Tarjeta Crédito,Acquisition,Student,MX,311.0,292.0,292.0,91.0,15.0,2.0,5553.64,1.5241,208.0,53.0,0.0,0.0,0.9791,True,2617.0834482281284,0.00490064308681672,0.005799831779119143,3042.4525523665507,2045.9425868936303,4280.428736956688,1.0,1.8725589702287308e-06,15.161010602234414,10.026434394484186,20.976853498378418,0.0003228643590957957,0.0,2617.0834482281284,0.004707211538461539
Email,Tarjeta Crédito,Cross-sell,Basic,AR,1431.0,1331.0,1331.0,398.0,87.0,16.0,35794.26,6.512499999999999,3692.0,1014.0,21.0,62071.07000000001,17.0866,True,2312.3906732189,0.0045510132774283715,0.007481525137716091,3736.5083020217126,2778.539029090122,4875.6434529590615,1.0,1.968098786306407e-06,17.160408705233166,12.645168013242081,22.1891180904234,0.00026306117403586166,0.005687973997833153,2955.7652380952386,0.004628006500541712
Email,Tarjeta Crédito,Cross-sell,Basic,CO,2063.0,1932.0,1932.0,591.0,115.0,15.0,38718.33,9.528599999999999,5600.0,1579.0,36.0,106289.07999999999,25.611100000000004,True,2574.213706879845,0.0046188075618031985,0.0063570634462876705,3505.881440147632,2601.2356484424035,4653.618021592024,1.0,1.7942595633994841e-06,16.377105509677467,12.01460688305782,21.49416610787288,0.00028224660309899484,0.0064285714285714285,2952.474444444444,0.004573410714285715
Email,Tarjeta Crédito,Cross-sell,Basic,MX,3489.0,3278.0,3278.0,974.0,167.0,18.0,55204.14000000001,16.367900000000002,9442.0,2598.0,35.0,87728.21,44.464099999999995,True,2955.221049460735,0.004691286901691029,0.0054268623664389575,3363.002476845264,2543.3897871892336,4399.067343568978,1.0,1.587457189555106e-06,15.962439574322005,11.931771194535585,20.637287008541893,0.0002925184171561691,0.0037068417708112688,2506.520285714286,0.004709182376615124
Email,Tarjeta Crédito,Cross-sell,Plus,AR,570.0,532.0,532.0,145.0,30.0,5.0,12534.060000000001,2.7246,1543.0,452.0,10.0,25616.019999999997,7.1439,True,2530.00041375969,0.00478,0.0062157514332821465,3232.95851141993,2211.60101590608,4463.085810434192,1.0,1.8893277542578395e-06,15.58396893276123,10.571452856031064,21.33355017387544,0.00030395806115113657,0.0064808813998703824,2561.602,0.004629876863253403
Email,Tarjeta Crédito,Cross-sell,Plus,CO,828.0,792.0,792.0,228.0,40.0,3.0,7552.380000000001,3.8173000000000004,2376.0,705.0,16.0,40514.28,11.1947,True,2539.7905171996126,0.004610265700483092,0.005281985837484273,2863.831953395137,1926.1102526091274,4032.699395088638,1.0,1.8152149436192072e-06,13.402261219031919,8.879880032952684,18.591815701536063,0.0003436614560261232,0.006734006734006734,2532.1425,0.004711574074074074
Email,Tarjeta Crédito,Cross-sell,Plus,MX,1439.0,1344.0,1344.0,392.0,79.0,6.0,20088.85,6.871700000000001,3792.0,1086.0,17.0,38842.73,17.875300000000003,True,2986.799467054263,0.004775330090340515,0.005231140410962309,3216.2794851120807,2274.1124691379546,4446.103357479341,1.0,1.5988117525178862e-06,15.59795113227658,10.859637702693039,21.231611147735087,0.0003056334999472462,0.004483122362869198,2284.8664705882356,0.004713950421940929
Email,Tarjeta Crédito,Cross-sell,Premium,AR,258.0,235.0,235.0,76.0,11.0,1.0,692.96,1.1933999999999998,606.0,183.0,4.0,10478.53,2.75,True,2243.150689599483,0.004625581395348836,0.005589266337917237,2647.875012129936,1722.2908154317038,3851.5590906317852,1.0,2.062091243711647e-06,12.506865897953796,7.966596353241065,17.815700072713067,0.0003689377315449342,0.006600660066006601,2619.6325,0.004537953795379538
Email,Tarjeta Crédito,Cross-sell,Premium,CO,356.0,331.0,331.0,98.0,21.0,2.0,3595.16,1.7116,973.0,275.0,4.0,6187.780000000001,4.563300000000001,True,2337.300591085271,0.004807865168539326,0.00572278106317816,2721.6839826723376,1826.2236733564162,3941.7819395457464,1.0,2.0570161950401535e-06,13.375647974926924,8.780237189092254,18.951556089119382,0.0003594434545601478,0.0041109969167523125,1546.9450000000002,0.004689928057553958
Email,Tarjeta Crédito,Cross-sell,Premium,MX,633.0,596.0,596.0,183.0,31.0,7.0,16668.34,3.1898999999999997,1584.0,453.0,11.0,31975.84,7.3717,True,2452.8570114664085,0.005039336492890995,0.006654693653430783,3212.2504273661843,2272.48329339614,4436.477287997647,1.0,2.0544762574147333e-06,16.456764636133855,11.451807989896285,22.356901897288616,0.0003087258954971671,0.006944444444444444,2906.8945454545456,0.00465385101010101
Email,Tarjeta Crédito,Cross-sell,Student,AR,132.0,124.0,124.0,30.0,7.0,0.0,0.0,0.5972000000000001,355.0,91.0,0.0,0.0,1.5776999999999999,True,2553.18882751938,0.0045242424242424245,0.005495770870183152,3043.822208982524,1983.3884528074088,4392.85957411076,1.0,1.7719967968989099e-06,14.003279418816527,8.973330181943824,19.87436164893141,0.00032242916212404905,0.0,2553.18882751938,0.004444225352112675
Email,Tarjeta Crédito,Cross-sell,Student,CO,165.0,161.0,161.0,45.0,14.0,1.0,4077.83,0.746,482.0,140.0,4.0,7735.64,2.2869,True,2807.295689599483,0.004521212121212121,0.005751893391408071,3523.7668502515603,2331.0312002205956,5065.738826788212,1.0,1.6105222324682024e-06,16.148841568385258,10.539086517360996,22.903279786569733,0.00027999862356175285,0.008298755186721992,1933.91,0.004744605809128631
Email,Tarjeta Crédito,Cross-sell,Student,MX,300.0,279.0,279.0,84.0,14.0,3.0,8501.46,1.4491,769.0,242.0,12.0,24955.04,3.7464,True,2658.4255171996124,0.004830333333333333,0.006119167834329148,3321.5984362593476,2232.0191614978235,4715.988125913096,1.0,1.8169902831889795e-06,16.339447570402015,10.781396556421653,22.779794644202227,0.000296934212687464,0.015604681404421327,2079.5866666666666,0.004871781534460338
Email,Tarjeta Crédito,Reactivation,Basic,AR,2232.0,2105.0,2105.0,671.0,139.0,24.0,57203.270000000004,10.454699999999999,330.0,102.0,2.0,9365.310000000001,1.6156,True,2412.7315219861002,0.004684005376344086,0.007862902902897371,4001.99926901491,3051.622343187321,5085.568510273858,1.0,1.9413703239091973e-06,18.814961523055857,14.293815462061149,23.820830243888935,0.00024690249235989284,0.006060606060606061,4682.655000000001,0.004895757575757576
Email,Tarjeta Crédito,Reactivation,Basic,CO,3375.0,3168.0,3168.0,923.0,182.0,16.0,41431.84,15.7277,511.0,125.0,1.0,3512.09,2.3138,True,2580.8468636950906,0.004660059259259259,0.005211239967224149,2860.9005575120887,2113.520960410322,3777.558345244262,1.0,1.8056318353531779e-06,13.506344794293854,9.849132921198644,17.60364574414761,0.0003464879465750215,0.0019569471624266144,3512.09,0.004527984344422701
Email,Tarjeta Crédito,Reactivation,Basic,MX,5666.0,5311.0,5311.0,1580.0,328.0,39.0,91169.48,26.29190000000001,823.0,210.0,3.0,10931.18,3.8939000000000004,True,2362.1687303999297,0.004640292975644195,0.006483022397898188,3274.7840993333994,2619.469738796312,4030.3550771325567,1.0,1.9644206258113343e-06,15.306257741318799,12.155107028849057,18.70202835377012,0.00030301000139197485,0.0036452004860267314,3643.726666666667,0.0047313487241798305
Email,Tarjeta Crédito,Reactivation,Plus,AR,909.0,854.0,854.0,262.0,58.0,8.0,28644.8,4.4479,145.0,44.0,1.0,4677.62,0.6285000000000001,True,3185.441856738223,0.004893179317931793,0.006442349549659545,4131.51470853741,2924.555749532245,5692.306251470885,1.0,1.5361069320983405e-06,20.482125391527813,14.310375707749694,27.853475221031186,0.00023843892981241884,0.006896551724137931,4677.62,0.00433448275862069
Email,Tarjeta Crédito,Reactivation,Plus,CO,1434.0,1340.0,1340.0,424.0,70.0,10.0,22648.15,6.797199999999999,200.0,47.0,1.0,1125.17,0.925,True,2360.9396091731264,0.004740027894002789,0.006132798258747635,3008.5077184105517,2172.4603649995106,4048.2662142210543,1.0,2.007687056283025e-06,14.464500035888205,10.29752272871316,19.188894777756868,0.0003273688407113868,0.005,1125.17,0.004625000000000001
Email,Tarjeta Crédito,Reactivation,Plus,MX,2430.0,2285.0,2285.0,705.0,124.0,8.0,13135.11,11.228000000000002,348.0,110.0,2.0,3621.64,1.5283,True,1992.388779815146,0.004620576131687243,0.004648116003753798,1957.3428004135023,1401.5884721832492,2695.630712540384,1.0,2.3191137083777095e-06,9.194013281457847,6.4761462410179105,12.455366930207175,0.0004989362800981738,0.005747126436781609,1810.82,0.004391666666666667
Email,Tarjeta Crédito,Reactivation,Premium,AR,384.0,367.0,367.0,123.0,20.0,4.0,8119.540000000001,1.8235999999999999,61.0,16.0,0.0,0.0,0.2618,True,2320.609348621878,0.004748958333333333,0.006261466489895772,2976.510311088512,1981.5222101494942,4230.498932376671,1.0,2.0464273041705877e-06,14.389447997449878,9.410166412574524,20.090463159067962,0.00032682875608660374,0.0,2320.609348621878,0.004291803278688524
Email,Tarjeta Crédito,Reactivation,Premium,CO,560.0,533.0,533.0,161.0,39.0,3.0,11003.19,2.625,86.0,25.0,2.0,2276.45,0.38070000000000004,True,2971.1417671996123,0.0046875,0.005676154988939473,3549.8141591806384,2380.99956457949,4965.28236548469,1.0,1.5776763168114004e-06,16.894242842432767,11.16093545896636,23.274761088209484,0.00027794806869890846,0.023255813953488372,1138.225,0.004426744186046512
Email,Tarjeta Crédito,Reactivation,Premium,MX,914.0,858.0,858.0,264.0,44.0,7.0,21552.1,4.3147,121.0,36.0,1.0,4783.99,0.5836,True,2859.837011466408,0.004720678336980306,0.006180717555779373,3655.552139407535,2566.1100515648964,5157.154924173596,1.0,1.6506809017622073e-06,17.59850154630081,12.113780130729825,24.34526953099761,0.00026706946027952905,0.008264462809917356,4783.99,0.004823140495867769
Email,Tarjeta Crédito,Reactivation,Student,AR,171.0,164.0,164.0,40.0,8.0,0.0,0.0,0.8138,24.0,8.0,0.0,0.0,0.08109999999999999,True,2553.18882751938,0.00475906432748538,0.005428838873729847,2868.0801129723222,1872.9034997083463,4182.975724173801,1.0,1.8639688048882692e-06,13.951763320426478,8.913268234284518,19.907050551652862,0.00034334575923923897,0.0,2553.18882751938,0.003379166666666666
Email,Tarjeta Crédito,Reactivation,Student,CO,279.0,261.0,261.0,78.0,16.0,1.0,2412.4,1.2832999999999999,32.0,10.0,0.0,0.0,0.1299,True,2529.7240229328168,0.004599641577060932,0.005553808746463918,3013.4698607173214,1996.631310375265,4289.835862878772,1.0,1.8182384858441481e-06,14.090550888586666,9.183788389263718,19.73170739366426,0.0003273858659612309,0.0,2529.7240229328168,0.004059375
Email,Tarjeta Crédito,Reactivation,Student,MX,490.0,461.0,461.0,130.0,30.0,4.0,11845.11,2.4059,62.0,14.0,0.0,0.0,0.2519,True,2734.5615708441,0.0049099999999999994,0.0060729795618866935,3297.1601066878825,2244.8927205828454,4721.429396214051,1.0,1.7955346306151698e-06,16.54270871430113,11.02242325806177,23.182218335410987,0.00029565958724507064,0.0,2734.5615708441,0.004062903225806452
Email,Tarjeta Crédito,Retention,Basic,AR,7817.0,7353.0,7353.0,2198.0,436.0,42.0,105267.77,36.86080000000001,2211.0,601.0,16.0,39514.97,10.045299999999997,True,2511.3556199488703,0.004715466291416146,0.005474108531582569,2919.8577443338854,2334.887137482408,3547.058413428952,1.0,1.8776577295381807e-06,13.803339350625699,11.01008159105943,16.726034382208258,0.00034300703369418735,0.007236544549977386,2469.685625,0.004543328810492989
Email,Tarjeta Crédito,Retention,Basic,CO,11793.0,11104.0,11104.0,3314.0,678.0,67.0,172991.32,54.981199999999994,3367.0,966.0,22.0,52272.35,15.4091,True,2579.962001911068,0.004662189434410243,0.0056923278480765,3142.2509251091997,2614.91735418485,3741.315814275768,1.0,1.8070767828971109e-06,14.709774242673227,12.191240060536595,17.442723060108438,0.00031745831075203127,0.006534006534006534,2376.015909090909,0.004576507276507277
Email,Tarjeta Crédito,Retention,Basic,MX,19549.0,18391.0,18391.0,5547.0,1112.0,122.0,333147.48,91.50500000000001,5449.0,1535.0,39.0,94684.26999999999,25.524599999999996,True,2723.7277491149357,0.004680802087063277,0.006172849112886718,3582.2437382552966,3104.1755951033415,4077.611071515144,1.0,1.7185278846552432e-06,16.794819545795633,14.530031604170611,19.086490413780414,0.00027840108404198095,0.007157276564507249,2427.8017948717948,0.004684272343549275
Email,Tarjeta Crédito,Retention,Plus,AR,3311.0,3127.0,3127.0,920.0,182.0,15.0,31272.02,15.351700000000001,941.0,251.0,2.0,3963.8199999999997,4.4207,True,2201.898206879845,0.0046365750528541225,0.0051061546459090935,2410.5870544127633,1784.739894817093,3161.276555594529,1.0,2.1057172572133962e-06,11.29302434783482,8.275080472142424,14.6574960128422,0.0004123880695427894,0.0021253985122210413,1981.9099999999999,0.004697874601487779
Email,Tarjeta Crédito,Retention,Plus,CO,4877.0,4573.0,4573.0,1370.0,255.0,23.0,63389.55,22.782700000000002,1378.0,395.0,11.0,25384.12,6.199800000000001,True,2719.8390763427465,0.0046714578634406406,0.005106630327600498,2941.5092126724016,2247.8717941348814,3827.504470911828,1.0,1.717549359472456e-06,13.911606693016994,10.500838368717812,17.880025857995268,0.0003363371243438915,0.007982583454281567,2307.6472727272726,0.004499129172714078
Email,Tarjeta Crédito,Retention,Plus,MX,8158.0,7670.0,7670.0,2363.0,466.0,42.0,118818.92,38.398700000000005,2337.0,643.0,9.0,23255.08,10.8308,True,2799.6779603744017,0.004706876685462123,0.005307281815836617,3143.9349905287954,2522.3498622916873,3831.7462303367793,1.0,1.6812207518441413e-06,14.858436121390922,11.87238975939934,18.035556996179565,0.00031677623502627606,0.0038510911424903724,2583.897777777778,0.004634488660676081
Email,Tarjeta Crédito,Retention,Premium,AR,1246.0,1192.0,1192.0,351.0,69.0,6.0,16779.96,5.7989,372.0,99.0,3.0,6179.870000000001,1.7027,True,2685.9912852360817,0.004654012841091492,0.005467180569959582,3111.2524465610077,2191.795555655691,4280.8223045197965,1.0,1.7326984144263275e-06,14.66102625423942,10.200644661068848,19.923001975666004,0.0003169272337458459,0.008064516129032258,2059.956666666667,0.004577150537634409
Email,Tarjeta Crédito,Retention,Premium,CO,1990.0,1857.0,1857.0,570.0,121.0,11.0,23731.19,9.574300000000001,567.0,160.0,4.0,11700.82,2.7298,True,2281.070883599806,0.0048112060301507545,0.005652873751940411,2652.898681004005,1902.9474238932569,3525.672084989942,1.0,2.109187428037347e-06,12.870255051302657,9.155472120895082,16.962734795637793,0.0003731177310148392,0.007054673721340388,2925.205,0.004814462081128748
Email,Tarjeta Crédito,Retention,Premium,MX,3303.0,3114.0,3114.0,959.0,212.0,25.0,64914.51,15.1117,968.0,269.0,4.0,7788.35,4.483,True,2589.34847125323,0.004575143808658796,0.006691314691158362,3752.4920095767256,2855.1905280594888,4788.294745924857,1.0,1.7669092667332073e-06,17.286141484988924,13.062907266992607,21.90713706085155,0.0002640601060159271,0.004132231404958678,1947.0875,0.004631198347107438
Email,Tarjeta Crédito,Retention,Student,AR,629.0,586.0,586.0,192.0,46.0,4.0,7952.81,2.8308999999999997,191.0,42.0,0.0,0.0,0.9321999999999999,True,2302.0837930663224,0.0045006359300476945,0.00584235679074482,2922.9659146096374,2021.5540340311838,4084.727639260774,1.0,1.955026981903622e-06,13.363911571578148,9.098278720093605,18.383871977715938,0.0003346298509191841,0.0,2302.0837930663224,0.004880628272251309
Email,Tarjeta Crédito,Retention,Student,CO,992.0,920.0,920.0,247.0,54.0,2.0,6771.84,4.6553,288.0,85.0,2.0,6537.82,1.3656,True,2791.1120196567,0.004692842741935484,0.004818124214653101,2761.4693228958104,1887.9317265358122,4017.1239292717873,1.0,1.6813523459057344e-06,13.316649158790764,8.859766700143314,18.85173087493846,0.0003489640928708995,0.006944444444444444,3268.91,0.004741666666666667
Email,Tarjeta Crédito,Retention,Student,MX,1729.0,1614.0,1614.0,514.0,88.0,10.0,20668.44,7.85,435.0,126.0,0.0,0.0,2.043,True,2228.95894250646,0.0045401966454598035,0.0057527418152289855,2789.3347135390914,2001.544052133131,3711.809703410587,1.0,2.036913537920246e-06,12.807026050760388,9.087403591234864,16.852345964009896,0.00035407699551681817,0.0,2228.95894250646,0.004696551724137931
Email,Tarjeta Crédito,Up-sell,Basic,AR,4707.0,4418.0,4418.0,1305.0,265.0,26.0,58906.729999999996,21.912800000000004,0.0,0.0,0.0,0.0,0.0,True,2312.0217463740937,0.004655364350966647,0.005606499372195797,2778.803165777908,2158.900745735667,3520.2333663950535,1.0,2.013546956583596e-06,13.023016980144506,10.050469568973133,16.387968920998844,0.00035914513191053583,,2312.0217463740937,0.004655364350966647
Email,Tarjeta Crédito,Up-sell,Basic,CO,7259.0,6834.0,6834.0,2025.0,434.0,47.0,117323.73,34.1358,0.0,0.0,0.0,0.0,0.0,True,2501.724502646094,0.0047025485604077705,0.006256842503651046,3308.8654353849124,2668.9570015660984,4040.1621848288814,1.0,1.8797227893934152e-06,15.612807144025387,12.550899905504895,18.99905886608097,0.0003004267389336624,,2501.724502646094,0.0047025485604077705
Email,Tarjeta Crédito,Up-sell,Basic,MX,12092.0,11375.0,11375.0,3437.0,681.0,71.0,194978.7,56.27140000000001,0.0,0.0,0.0,0.0,0.0,True,2733.482159705223,0.004653605689712207,0.005844278603054889,3435.7384953382157,2852.3572103955776,4085.1537696129735,1.0,1.7024459710445118e-06,16.038143797428933,13.273745743388499,19.010694825620206,0.0002913013028082917,,2733.482159705223,0.004653605689712207
Email,Tarjeta Crédito,Up-sell,Plus,AR,2012.0,1865.0,1865.0,571.0,113.0,9.0,18285.46,9.5588,0.0,0.0,0.0,0.0,0.0,True,2217.9574383997783,0.0047508946322067595,0.005231647331852266,2440.17723771289,1748.7253806340466,3303.6353500088253,1.0,2.1420134354040878e-06,11.718991759516921,8.308010024058014,15.695223451125427,0.0004094338359473683,,2217.9574383997783,0.0047508946322067595
Email,Tarjeta Crédito,Up-sell,Plus,CO,2992.0,2798.0,2798.0,803.0,157.0,17.0,39633.14,13.9896,0.0,0.0,0.0,0.0,0.0,True,2381.77655170895,0.00467566844919786,0.005708627501055108,2859.4837552289546,2118.1520431741496,3790.3232737181484,1.0,1.9631012178044233e-06,13.537341247839544,9.903776678873355,17.72229494318429,0.0003438832219200831,,2381.77655170895,0.00467566844919786
Email,Tarjeta Crédito,Up-sell,Plus,MX,4989.0,4711.0,4711.0,1410.0,281.0,28.0,74600.85999999999,23.1461,0.0,0.0,0.0,0.0,0.0,True,2647.478913260512,0.004639426738825416,0.005658737837953431,3203.982423735416,2476.5543876493834,4073.102760890772,1.0,1.7523942176036876e-06,15.006091100642474,11.489792646215953,18.896861858860273,0.00030967934330696395,,2647.478913260512,0.004639426738825416
Email,Tarjeta Crédito,Up-sell,Premium,AR,819.0,777.0,777.0,229.0,53.0,6.0,18210.35,3.9097999999999997,0.0,0.0,0.0,0.0,0.0,True,2816.0267397815364,0.004773870573870574,0.006073496335626846,3537.013465123159,2460.328386592664,4863.241643894096,1.0,1.69525044149294e-06,17.089404931405333,11.745289286813184,23.216486177407983,0.0002791226581546909,,2816.0267397815364,0.004773870573870574
Email,Tarjeta Crédito,Up-sell,Premium,CO,1267.0,1188.0,1188.0,360.0,65.0,13.0,38477.48,5.8646,0.0,0.0,0.0,0.0,0.0,True,2846.856896533161,0.004628729281767956,0.007069027709920144,4314.286806936725,3149.6778483758376,5685.858229675363,1.0,1.6259086599697792e-06,20.145815653911068,14.579006084913132,26.318298479679665,0.00023000456734496893,,2846.856896533161,0.004628729281767956
Email,Tarjeta Crédito,Up-sell,Premium,MX,2021.0,1889.0,1889.0,531.0,102.0,10.0,23221.82,9.6756,0.0,0.0,0.0,0.0,0.0,True,2399.184275839793,0.004787530925284512,0.005420258211655826,2674.9755173647636,1918.5470719172422,3601.703588767081,1.0,1.995482787002145e-06,12.943023550908045,9.185103438417846,17.24326731493061,0.0003681527169150393,,2399.184275839793,0.004787530925284512
Email,Tarjeta Crédito,Up-sell,Student,AR,393.0,368.0,368.0,104.0,26.0,5.0,12757.15,1.8203,0.0,0.0,0.0,0.0,0.0,True,2552.30941375969,0.004631806615776082,0.006537041650807322,3525.163889226787,2378.107906177947,4886.438945626996,1.0,1.814751217389893e-06,16.538185909950645,11.01493593286442,22.633040235941024,0.00027761047188153864,,2552.30941375969,0.004631806615776082
Email,Tarjeta Crédito,Up-sell,Student,CO,578.0,547.0,547.0,178.0,27.0,2.0,6437.27,2.7944999999999998,0.0,0.0,0.0,0.0,0.0,True,2743.316305370986,0.00483477508650519,0.005370783704665243,3004.516308132681,1977.3860222120738,4251.463513009344,1.0,1.7623833886888848e-06,14.783024382816722,9.560216676594532,20.55486987388341,0.0003281426856117887,,2743.316305370986,0.00483477508650519
Email,Tarjeta Crédito,Up-sell,Student,MX,1074.0,1011.0,1011.0,302.0,62.0,3.0,9077.95,4.9380999999999995,0.0,0.0,0.0,0.0,0.0,True,2730.4867671996126,0.004597858472998137,0.004965474373365141,2881.7650737269123,1973.371901195434,4094.2146372089082,1.0,1.683896998963925e-06,13.545955955897778,9.07328471628787,18.82461945996397,0.00033912107330497305,,2730.4867671996126,0.004597858472998137
Push,(unknown),Acquisition,Basic,AR,3210.0,2984.0,2984.0,1249.0,248.0,21.0,50195.05,1.5005000000000006,0.0,0.0,0.0,0.0,0.0,True,2431.5769359489236,0.0004674454828660438,0.007078642821218046,36824.5768219577,28272.74236004632,46246.89881575135,1.0,1.922396433175671e-07,17.280553415119943,13.215965704439101,21.61790394798596,2.715769790521621e-05,,2431.5769359489236,0.0004674454828660438
Push,(unknown),Acquisition,Basic,CO,4734.0,4440.0,4440.0,1764.0,358.0,40.0,106926.22,2.233500000000002,0.0,0.0,0.0,0.0,0.0,True,2665.603785214934,0.00047179974651457586,0.008136189648783022,45459.0985091882,36868.49157014999,55789.749009051375,1.0,1.7699545188653517e-07,21.59781862441181,17.394544977171545,26.321589440582247,2.1754096146592334e-05,,2665.603785214934,0.00047179974651457586
Push,(unknown),Acquisition,Basic,MX,8042.0,7519.0,7519.0,3005.0,593.0,55.0,144601.4,3.730400000000004,0.0,0.0,0.0,0.0,0.0,True,2627.1225055778673,0.00046386471027107733,0.007060219906529164,39694.87784484914,32913.835240731154,47777.424194339554,1.0,1.7656759792746883e-07,18.525771471924156,15.26756664785173,22.162261031405677,2.5008795797448502e-05,,2627.1225055778673,0.00046386471027107733
Push,(unknown),Acquisition,Plus,AR,1319.0,1245.0,1245.0,510.0,116.0,12.0,33812.67,0.5983,0.0,0.0,0.0,0.0,0.0,True,2755.21296086306,0.000453601213040182,0.008086787702818036,48474.67661249247,36725.11185010282,63359.04852153819,1.0,1.6463381215297896e-07,22.24444356806246,16.658555284243,28.739741266441474,2.0358369503827628e-05,,2755.21296086306,0.000453601213040182
Push,(unknown),Acquisition,Plus,CO,2058.0,1930.0,1930.0,767.0,149.0,17.0,38407.57,0.9657000000000002,0.0,0.0,0.0,0.0,0.0,True,2337.887287939637,0.00046924198250728876,0.007894985343578733,38978.05705295009,29690.762931232024,50675.45236651959,1.0,2.0071197825829672e-07,18.49994244413394,13.932152460005236,23.77904973291933,2.5422717018916668e-05,,2337.887287939637,0.00046924198250728876
Push,(unknown),Acquisition,Plus,MX,3379.0,3149.0,3149.0,1252.0,278.0,28.0,76469.06,1.5723000000000005,0.0,0.0,0.0,0.0,0.0,True,2711.970010141576,0.00046531518200651094,0.007984018001680037,46347.205908037955,36393.12254223792,57731.71994222088,1.0,1.715782918935079e-07,21.67291514217437,16.934272439526698,26.863445772463425,2.14902185663163e-05,,2711.970010141576,0.00046531518200651094
Push,(unknown),Acquisition,Premium,AR,513.0,487.0,487.0,203.0,48.0,3.0,7244.71,0.23170000000000002,0.0,0.0,0.0,0.0,0.0,True,2533.8325418340023,0.00045165692007797273,0.007386490780557282,40856.91204564744,28967.798473958093,54967.40631957854,1.0,1.7825050101813788e-07,18.641520841043544,13.083506640187311,24.826409442975336,2.413196013015122e-05,,2533.8325418340023,0.00045165692007797273
Push,(unknown),Acquisition,Premium,CO,765.0,722.0,722.0,292.0,56.0,5.0,18050.95,0.3684,0.0,0.0,0.0,0.0,0.0,True,3107.690033467202,0.0004815686274509804,0.007423001334292229,47356.831458080385,34351.87480899646,63845.53069707542,1.0,1.5496031530329352e-07,23.14999490451908,16.542785202136333,30.746004586670047,2.0875695466659748e-05,,3107.690033467202,0.0004815686274509804
Push,(unknown),Acquisition,Premium,MX,1363.0,1286.0,1286.0,530.0,98.0,8.0,21176.53,0.6328000000000001,0.0,0.0,0.0,0.0,0.0,True,2630.960025744001,0.00046426999266324296,0.007095540532113342,39824.37247241766,29194.10117380444,52633.519224455085,1.0,1.764640998420162e-07,18.704992606486694,13.553945137772159,24.43616358417842,2.4869719092346302e-05,,2630.960025744001,0.00046426999266324296
Push,(unknown),Acquisition,Student,AR,264.0,251.0,251.0,111.0,21.0,1.0,1740.35,0.12209999999999999,0.0,0.0,0.0,0.0,0.0,True,2461.05005577867,0.00046249999999999997,0.007337704715526387,38655.49057744226,26383.10891077266,53571.30573185322,1.0,1.8792791268671135e-07,18.158655707677667,12.202187871232354,24.776728900982114,2.5611266734277395e-05,,2461.05005577867,0.00046249999999999997
Push,(unknown),Acquisition,Student,CO,405.0,381.0,381.0,161.0,33.0,3.0,5398.3,0.1842,0.0,0.0,0.0,0.0,0.0,True,2303.0312918340023,0.0004548148148148148,0.007618643212939301,38236.04884911138,27218.526423161158,52196.977019768754,1.0,1.9748529532684999e-07,17.61101443451829,12.379389054682186,23.73995843713927,2.5921320871339168e-05,,2303.0312918340023,0.0004548148148148148
Push,(unknown),Acquisition,Student,MX,696.0,652.0,652.0,271.0,58.0,7.0,21989.079999999998,0.3197,0.0,0.0,0.0,0.0,0.0,True,2917.9191945560015,0.0004593390804597701,0.008097001244092869,50379.156373522565,37146.47817130446,67893.0200538886,1.0,1.5742008254264369e-07,23.53330431752322,17.06282912552591,31.185917401189915,1.944177576327888e-05,,2917.9191945560015,0.0004593390804597701
Push,(unknown),Retention,Basic,AR,2135.0,2027.0,2027.0,871.0,173.0,23.0,60098.439999999995,0.9899000000000003,123.0,42.0,1.0,2397.34,0.056299999999999996,True,2611.585369095429,0.0004636533957845435,0.008938692814288296,50103.94122774177,39238.35129348086,63549.06068999191,1.0,1.775371394216144e-07,23.38589409397923,18.192994822209236,29.464737787832792,1.9861644550288754e-05,0.008130081300813009,2397.34,0.0004577235772357723
Push,(unknown),Retention,Basic,CO,3171.0,3004.0,3004.0,1237.0,239.0,18.0,51794.06,1.491700000000001,184.0,61.0,2.0,4666.219999999999,0.0814,True,2818.261318898783,0.00047041942604856543,0.006639460380492525,39522.38684072274,29809.564008716803,50443.86046784073,1.0,1.6691831339202383e-07,18.73151895279636,14.022997991738531,23.729771888955554,2.514034331501524e-05,0.010869565217391304,2333.1099999999997,0.00044239130434782606
Push,(unknown),Retention,Basic,MX,5316.0,4992.0,4992.0,2055.0,405.0,50.0,128965.42,2.4850000000000034,327.0,106.0,1.0,4722.8,0.1557,True,2581.6612788122184,0.0004674567343867576,0.008766902523112323,47965.3260649923,39398.21761216764,58370.465613599925,1.0,1.810681897827538e-07,22.61063604572337,18.416962145642724,27.28566724036795,2.0653610474782955e-05,0.0030581039755351682,4722.8,0.0004761467889908257
Push,(unknown),Retention,Plus,AR,851.0,807.0,807.0,328.0,71.0,4.0,10248.509999999998,0.38880000000000003,57.0,18.0,0.0,0.0,0.03,True,2586.051148296891,0.0004568742655699178,0.00700098703566342,38861.68147457493,28184.27029177255,53194.38295597107,1.0,1.7666868881182177e-07,18.044953095740087,12.876667790177637,24.303144645454235,2.5234825876960145e-05,0.0,2586.051148296891,0.0005263157894736842
Push,(unknown),Retention,Plus,CO,1319.0,1234.0,1234.0,476.0,91.0,5.0,8388.28,0.6275000000000002,75.0,30.0,1.0,2459.14,0.035199999999999995,True,2141.423033467202,0.0004757391963608796,0.006477696262932269,28665.686194805177,20509.397692855087,38297.058078450886,1.0,2.2216030598615768e-07,13.783805179860268,9.757124376244557,18.219411633228155,3.4296190646887794e-05,0.013333333333333334,2459.14,0.00046933333333333327
Push,(unknown),Retention,Plus,MX,2238.0,2116.0,2116.0,886.0,193.0,18.0,49286.82,1.0529000000000004,106.0,42.0,1.0,2042.61,0.042199999999999994,True,2709.250884116175,0.0004704647006255587,0.00781506981852295,44886.08674090648,34420.53022314553,57684.893509851245,1.0,1.7365121236420156e-07,21.276251605890565,16.193644446805152,27.1387061557294,2.2220046192373196e-05,0.009433962264150943,2042.61,0.00039811320754716973
Push,(unknown),Retention,Premium,AR,365.0,342.0,342.0,151.0,25.0,3.0,10737.449999999999,0.175,20.0,6.0,0.0,0.0,0.0117,True,2970.4250418340025,0.00047945205479452054,0.007708372456177995,46972.992058286945,33683.40213660097,63612.23818381955,1.0,1.6140856882168512e-07,22.801987402660846,16.149576366863478,30.49901830731074,2.0939383733633902e-05,0.0,2970.4250418340025,0.000585
Push,(unknown),Retention,Premium,CO,570.0,524.0,524.0,201.0,39.0,5.0,14963.74,0.2715,28.0,16.0,0.0,0.0,0.0135,True,2798.9690334672023,0.00047631578947368423,0.00782493754525536,45571.58813468747,33269.87975357151,61325.61371054253,1.0,1.7017544094928823e-07,22.016765195001884,15.846969040516957,29.21035810949526,2.174783376417795e-05,0.0,2798.9690334672023,0.00048214285714285715
Push,(unknown),Retention,Premium,MX,929.0,885.0,885.0,338.0,52.0,5.0,6264.929999999999,0.4388000000000001,48.0,20.0,0.0,0.0,0.019999999999999997,True,1929.088033467202,0.00047233584499461795,0.007115605923916882,28622.62833251502,20565.76889649928,38617.727067646454,1.0,2.4484929500375157e-07,13.707173412844337,9.71394982969202,18.24053674626832,3.4410182017074235e-05,0.0,1929.088033467202,0.0004166666666666666
Push,(unknown),Retention,Student,AR,177.0,170.0,170.0,60.0,9.0,1.0,3339.66,0.073,7.0,2.0,0.0,0.0,0.0036999999999999997,True,2727.6017224453367,0.0004124293785310734,0.007536683639172785,49262.73103488269,34718.68271847227,68210.11643615508,1.0,1.5120586526148847e-07,20.71575947831112,14.319004736997037,28.131855931295597,2.0062652553913566e-05,0.0,2727.6017224453367,0.0005285714285714285
Push,(unknown),Retention,Student,CO,255.0,239.0,239.0,100.0,17.0,1.0,4896.36,0.1234,20.0,12.0,0.0,0.0,0.009499999999999998,True,2987.0517224453365,0.00048392156862745096,0.007357800179492534,45010.98326135572,31780.990192317917,60940.95486042149,1.0,1.6200642425812792e-07,21.997374695780213,15.37950662640012,29.490642469709847,2.2018323453478382e-05,0.0,2987.0517224453365,0.0004749999999999999
Push,(unknown),Retention,Student,MX,441.0,418.0,418.0,158.0,28.0,1.0,705.5,0.21120000000000003,32.0,11.0,1.0,3554.46,0.0155,True,2288.57505577867,0.0004789115646258504,0.00696366421718168,32858.48421380622,23058.56240787691,44779.364777454095,1.0,2.0926190007034941e-07,15.964020607569228,11.043012200779149,21.445355648522238,3.005054430310275e-05,0.03125,3554.46,0.000484375
Push,Cuenta Ahorro,Cross-sell,Basic,AR,2401.0,2258.0,2258.0,908.0,189.0,17.0,29345.510000000002,1.0951000000000002,0.0,0.0,0.0,0.0,0.0,True,1908.679890759885,0.00045610162432319876,0.0073964875767096976,30492.042199516287,23146.597329312448,39771.15954462023,1.0,2.389618220065258e-07,14.088010737724675,10.557200639454422,18.139690469518374,3.230747290903004e-05,,1908.679890759885,0.00045610162432319876
Push,Cuenta Ahorro,Cross-sell,Basic,CO,3539.0,3311.0,3311.0,1335.0,259.0,28.0,68416.63,1.632100000000001,0.0,0.0,0.0,0.0,0.0,True,2456.4265938399235,0.000461175473297542,0.007789590568456925,41139.62907240572,32371.789876012568,51298.9750809529,1.0,1.877424200071965e-07,19.073143292698653,14.929075517558674,23.657829112637266,2.410170577737916e-05,,2456.4265938399235,0.000461175473297542
Push,Cuenta Ahorro,Cross-sell,Basic,MX,6179.0,5824.0,5824.0,2270.0,436.0,54.0,148820.52,2.8872000000000027,0.0,0.0,0.0,0.0,0.0,True,2736.7113151986014,0.0004672600744457036,0.008379744209727124,48886.47275675824,40536.44310554554,58506.03123624433,1.0,1.7073780191967192e-07,22.92364348744136,18.94106142326124,27.337532510970185,2.037506129620056e-05,,2736.7113151986014,0.0004672600744457036
Push,Cuenta Ahorro,Cross-sell,Plus,AR,1043.0,988.0,988.0,401.0,77.0,7.0,12044.73,0.48740000000000006,0.0,0.0,0.0,0.0,0.0,True,2057.5147997264557,0.00046730584851390226,0.007407392599857925,32408.99475525203,23717.1248031217,42679.04006454627,1.0,2.2712150045094695e-07,15.298492849850119,11.083151130432903,19.944165031121624,3.0661463853732175e-05,,2057.5147997264557,0.00046730584851390226
Push,Cuenta Ahorro,Cross-sell,Plus,CO,1591.0,1507.0,1507.0,597.0,89.0,5.0,7694.21,0.7475000000000002,0.0,0.0,0.0,0.0,0.0,True,2033.9657596717468,0.00046983029541169084,0.006096513603518188,26025.010967861745,18703.675544167832,35092.79599805999,1.0,2.309922343469119e-07,12.36170253080441,8.787553406200791,16.487658710590726,3.7889234629708765e-05,,2033.9657596717468,0.00046983029541169084
Push,Cuenta Ahorro,Cross-sell,Plus,MX,2599.0,2462.0,2462.0,998.0,219.0,19.0,51029.71000000001,1.2690000000000006,0.0,0.0,0.0,0.0,0.0,True,2653.131566529895,0.0004882647171989229,0.0074915974753055805,40066.37634830529,30973.336320964114,51053.53924364949,1.0,1.8403336018407032e-07,19.756931487733826,15.12318729946267,24.927641900804627,2.4565302766292e-05,,2653.131566529895,0.0004882647171989229
Push,Cuenta Ahorro,Cross-sell,Premium,AR,432.0,402.0,402.0,155.0,26.0,3.0,3678.77,0.2061,0.0,0.0,0.0,0.0,0.0,True,2040.5271995896835,0.0004770833333333333,0.007559247696453681,31842.956525668604,22773.68489045444,43115.048428458584,1.0,2.338039568545163e-07,15.419626035039705,10.864945499820971,20.569471021077113,3.092952714913711e-05,,2040.5271995896835,0.0004770833333333333
Push,Cuenta Ahorro,Cross-sell,Premium,CO,606.0,576.0,576.0,249.0,43.0,3.0,11453.86,0.27280000000000004,0.0,0.0,0.0,0.0,0.0,True,3012.4134495896833,0.00045016501650165024,0.007197628926609086,47259.01706468599,34588.874126223745,64060.89219976471,1.0,1.4943666400207003e-07,21.61815966611104,15.570701091805017,28.83797259421752,2.0761929452852743e-05,,3012.4134495896833,0.00045016501650165024
Push,Cuenta Ahorro,Cross-sell,Premium,MX,1043.0,984.0,984.0,394.0,89.0,8.0,19515.12,0.5180000000000001,0.0,0.0,0.0,0.0,0.0,True,2473.8898151321127,0.0004966442953020135,0.007652834676023589,37716.3354983765,28453.8182653494,50364.37567839082,1.0,2.0075441204542544e-07,19.019246152600008,14.131426521046013,25.013179867120275,2.6232686389318076e-05,,2473.8898151321127,0.0004966442953020135
Push,Cuenta Ahorro,Cross-sell,Student,AR,202.0,191.0,191.0,79.0,19.0,3.0,10873.619999999999,0.0851,0.0,0.0,0.0,0.0,0.0,True,2939.8834495896836,0.00042128712871287126,0.008096976072937983,55438.87804425492,39145.774404722244,75483.8956975815,1.0,1.433006226051818e-07,23.64267960457746,16.49161090020724,31.800393682495965,1.7698041999176275e-05,,2939.8834495896836,0.00042128712871287126
Push,Cuenta Ahorro,Cross-sell,Student,CO,305.0,285.0,285.0,116.0,18.0,2.0,7620.23,0.14049999999999999,0.0,0.0,0.0,0.0,0.0,True,2895.096799531067,0.000460655737704918,0.007547265629613015,46501.76294070721,33398.770414912506,63663.689722954805,1.0,1.5911583259652412e-07,21.690908851382165,15.385335223918712,29.327043954344752,2.1082580156209866e-05,,2895.096799531067,0.000460655737704918
Push,Cuenta Ahorro,Cross-sell,Student,MX,518.0,498.0,498.0,213.0,38.0,6.0,19307.9,0.2511,0.0,0.0,0.0,0.0,0.0,True,2904.8497815197697,0.00048474903474903473,0.008221326766678465,48476.423733132324,35565.07197429828,64531.07394200097,1.0,1.6687576680657888e-07,23.771809331095653,17.240134310321036,31.281375804703558,2.029791194809778e-05,,2904.8497815197697,0.00048474903474903473
Push,Cuenta Ahorro,Retention,Basic,AR,430.0,406.0,406.0,165.0,34.0,3.0,4393.349999999999,0.1976,0.0,0.0,0.0,0.0,0.0,True,2129.8496995896835,0.00045953488372093025,0.007563615586599223,34572.818052488205,24964.607795507018,46472.449808476194,1.0,2.1575930161149863e-07,16.091244584553387,11.472108140446947,21.355711818964878,2.8525947563195635e-05,,2129.8496995896835,0.00045953488372093025
Push,Cuenta Ahorro,Retention,Basic,CO,668.0,628.0,628.0,265.0,50.0,5.0,16263.92,0.3017,0.0,0.0,0.0,0.0,0.0,True,2890.9367596717466,0.00045164670658682637,0.007617642163018481,48396.68077938238,34650.41366145774,65188.88436053267,1.0,1.5622849758848026e-07,22.1499440203787,15.649745212068561,29.442344927504053,2.050877348202648e-05,,2890.9367596717466,0.00045164670658682637
Push,Cuenta Ahorro,Retention,Basic,MX,1021.0,954.0,954.0,396.0,78.0,9.0,21881.520000000004,0.4798000000000001,0.0,0.0,0.0,0.0,0.0,True,2466.211971194105,0.00046993143976493647,0.007941156820567594,41302.642655732736,30796.03889061087,54157.75625330373,1.0,1.905478706833956e-07,19.590623197194894,14.472026894921743,25.45043237055351,2.3994976423318662e-05,,2466.211971194105,0.00046993143976493647
Push,Cuenta Ahorro,Retention,Plus,AR,169.0,161.0,161.0,69.0,13.0,1.0,405.14,0.0774,0.0,0.0,0.0,0.0,0.0,True,2175.0979327862447,0.00045798816568047335,0.007555523693579132,35715.86934267363,24903.86480554125,48710.75918679468,1.0,2.1055979079240918e-07,16.486556333538253,11.405675360644334,22.308951248863362,2.786832512633744e-05,,2175.0979327862447,0.00045798816568047335
Push,Cuenta Ahorro,Retention,Plus,CO,264.0,249.0,249.0,101.0,24.0,1.0,947.24,0.1266,0.0,0.0,0.0,0.0,0.0,True,2265.4479327862446,0.0004795454545454545,0.007337704715526387,34316.874440251544,24417.127234754164,46734.48876450439,1.0,2.1167798544620173e-07,16.716529497158312,11.70912237848438,22.411311657523697,2.8847983620585983e-05,,2265.4479327862446,0.0004795454545454545
Push,Cuenta Ahorro,Retention,Plus,MX,428.0,399.0,399.0,160.0,35.0,3.0,11831.39,0.18330000000000002,0.0,0.0,0.0,0.0,0.0,True,3059.604699589683,0.0004282710280373832,0.007567988527378214,53518.71495741753,38200.59558397037,72027.55125263803,1.0,1.3997593483067198e-07,23.17119210122683,16.36020834238731,30.8473134219826,1.849579109750104e-05,,3059.604699589683,0.0004282710280373832
Push,Cuenta Ahorro,Retention,Premium,AR,81.0,79.0,79.0,35.0,6.0,0.0,0.0,0.0416,0.0,0.0,0.0,0.0,0.0,True,2529.0895193434935,0.0005135802469135802,0.007447848997916654,36247.79175235047,25286.897473222154,49346.69658138693,1.0,2.0306922431393275e-07,18.834299860943656,12.98685104797582,25.343488614638225,2.7265486232432502e-05,,2529.0895193434935,0.0005135802469135802
Push,Cuenta Ahorro,Retention,Premium,CO,99.0,90.0,90.0,37.0,8.0,0.0,0.0,0.0426,0.0,0.0,0.0,0.0,0.0,True,2529.0895193434935,0.0004303030303030303,0.007405021762986221,42762.53534942512,29125.68919527292,59885.7618410012,1.0,1.7014147858820326e-07,18.660025408578775,12.532872320390167,25.769024792188397,2.2976499466706545e-05,,2529.0895193434935,0.0004303030303030303
Push,Cuenta Ahorro,Retention,Premium,MX,167.0,154.0,154.0,61.0,13.0,0.0,0.0,0.0799,0.0,0.0,0.0,0.0,0.0,True,2529.0895193434935,0.0004784431137724551,0.007247580477533464,37909.169322391754,26014.987744921928,52443.87578154652,1.0,1.8917602960003187e-07,18.325352498533622,12.446691741432709,25.091411227218966,2.6101956395855476e-05,,2529.0895193434935,0.0004784431137724551
Push,Cuenta Ahorro,Retention,Student,AR,35.0,32.0,32.0,12.0,4.0,2.0,2357.6,0.013600000000000001,0.0,0.0,0.0,0.0,0.0,True,2143.292513816781,0.0003885714285714286,0.008211836713023286,44666.48017821203,31458.675303353695,60229.98494836454,1.0,1.812964987590329e-07,17.55936779155926,12.223942403588865,23.403651294221653,2.207746026799484e-05,,2143.292513816781,0.0003885714285714286
Push,Cuenta Ahorro,Retention,Student,CO,58.0,54.0,54.0,17.0,2.0,0.0,0.0,0.0269,0.0,0.0,0.0,0.0,0.0,True,2529.0895193434935,0.0004637931034482759,0.0075032989631781954,39807.9083664706,27882.023748248575,55514.003925906945,1.0,1.8338342707958722e-07,18.876536457147008,12.931490324618737,25.747012165636153,2.444037322510084e-05,,2529.0895193434935,0.0004637931034482759
Push,Cuenta Ahorro,Retention,Student,MX,91.0,86.0,86.0,37.0,6.0,0.0,0.0,0.046200000000000005,0.0,0.0,0.0,0.0,0.0,True,2529.0895193434935,0.0005076923076923077,0.007423995126735138,36386.92984050859,25415.008679501956,50365.31522041942,1.0,2.007411377925822e-07,18.70202245144447,12.90300440651638,25.570083111905245,2.7039502904531464e-05,,2529.0895193434935,0.0005076923076923077
Push,Cuenta Ahorro,Up-sell,Basic,AR,114.0,104.0,104.0,47.0,6.0,0.0,0.0,0.052599999999999994,0.0,0.0,0.0,0.0,0.0,True,2529.0895193434935,0.0004614035087719298,0.007369706850058102,39581.86512423897,27600.14842797011,54437.56732610117,1.0,1.8243858323041957e-07,18.578736616883848,12.734805327291472,25.11768457327124,2.4755202200340065e-05,,2529.0895193434935,0.0004614035087719298
Push,Cuenta Ahorro,Up-sell,Basic,CO,167.0,158.0,158.0,57.0,7.0,0.0,0.0,0.07790000000000001,0.0,0.0,0.0,0.0,0.0,True,2529.0895193434935,0.0004664670658682635,0.007247580477533464,38735.44587623742,26777.97110871472,53782.55206400151,1.0,1.8444070971016876e-07,18.313665194356766,12.491041612987285,25.0877892562019,2.5448590778937944e-05,,2529.0895193434935,0.0004664670658682635
Push,Cuenta Ahorro,Up-sell,Basic,MX,265.0,244.0,244.0,101.0,22.0,3.0,11409.74,0.11860000000000002,0.0,0.0,0.0,0.0,0.0,True,3006.8984495896834,0.00044754716981132084,0.007942223039222767,52759.73327356388,37131.53533753604,71964.19189614645,1.0,1.4884013454873824e-07,23.90697583700772,16.618113551063303,32.207370410879136,1.8740361963355773e-05,,3006.8984495896834,0.00044754716981132084
Push,Cuenta Ahorro,Up-sell,Plus,AR,49.0,48.0,48.0,16.0,3.0,0.0,0.0,0.020399999999999998,0.0,0.0,0.0,0.0,0.0,True,2529.0895193434935,0.00041632653061224485,0.00752522218692112,45282.82624204243,31094.121567348284,62787.28371307006,1.0,1.6461518164067035e-07,19.17305985376791,12.94530775456949,26.140011994829166,2.1875125750675172e-05,,2529.0895193434935,0.00041632653061224485
Push,Cuenta Ahorro,Up-sell,Plus,CO,70.0,64.0,64.0,27.0,7.0,1.0,1852.76,0.0358,0.0,0.0,0.0,0.0,0.0,True,2416.3679327862446,0.0005114285714285714,0.007796713328895261,36506.7701061722,25848.354481613846,49218.02874755838,1.0,2.1165177889066662e-07,18.872625567595872,13.219587006311082,25.171506130894144,2.7146282024538177e-05,,2416.3679327862446,0.0005114285714285714
Push,Cuenta Ahorro,Up-sell,Plus,MX,105.0,96.0,96.0,40.0,12.0,1.0,4427.43,0.0491,0.0,0.0,0.0,0.0,0.0,True,2845.479599452911,0.0004676190476190476,0.007709704236888517,46189.627088744965,33076.68283140864,63877.830352776866,1.0,1.6433751544342645e-07,22.013620686793647,15.467286924020609,29.87049019353661,2.1315670535988003e-05,,2845.479599452911,0.0004676190476190476
Push,Cuenta Ahorro,Up-sell,Premium,AR,15.0,15.0,15.0,5.0,0.0,0.0,0.0,0.0073,0.0,0.0,0.0,0.0,0.0,True,2529.0895193434935,0.00048666666666666666,0.007609212321148876,38983.32353660063,27050.535571709992,53513.27550907239,1.0,1.9242761592440455e-07,19.232372294805252,13.164593978232196,26.04312741441523,2.5288769428811374e-05,,2529.0895193434935,0.00048666666666666666
Push,Cuenta Ahorro,Up-sell,Premium,CO,40.0,38.0,38.0,20.0,4.0,1.0,3685.03,0.018199999999999997,0.0,0.0,0.0,0.0,0.0,True,2721.746266119578,0.00045499999999999995,0.007872870930884525,46433.63867283141,31958.977459103444,63538.6986815324,1.0,1.6717208568038128e-07,21.241010814144143,14.541334743892065,28.910107900097238,2.1233942122000383e-05,,2721.746266119578,0.00045499999999999995
Push,Cuenta Ahorro,Up-sell,Premium,MX,50.0,47.0,47.0,20.0,2.0,0.0,0.0,0.020900000000000002,0.0,0.0,0.0,0.0,0.0,True,2529.0895193434935,0.000418,0.007522779948753695,45016.04056091447,31165.57960938038,62060.79596598191,1.0,1.6527687011589267e-07,19.060378603276558,13.027212276721,25.94141271378044,2.1970185389149156e-05,,2529.0895193434935,0.000418
Push,Cuenta Ahorro,Up-sell,Student,AR,7.0,6.0,6.0,2.0,0.0,0.0,0.0,0.0029,0.0,0.0,0.0,0.0,0.0,True,2529.0895193434935,0.00041428571428571426,0.00762924789308927,46028.25663512855,32344.07641967909,63156.11066719972,1.0,1.638082444757651e-07,19.32302319094623,13.39968880243848,26.164674419268454,2.1471086897588685e-05,,2529.0895193434935,0.00041428571428571426
Push,Cuenta Ahorro,Up-sell,Student,CO,11.0,11.0,11.0,5.0,1.0,0.0,0.0,0.004999999999999999,0.0,0.0,0.0,0.0,0.0,True,2529.0895193434935,0.0004545454545454545,0.007619216935704857,42114.14370423906,29369.67344168373,58214.20047626138,1.0,1.7972691400162316e-07,19.331475142454334,13.349851564401696,26.46100021648244,2.3588633256968227e-05,,2529.0895193434935,0.0004545454545454545
Push,Cuenta Ahorro,Up-sell,Student,MX,19.0,19.0,19.0,7.0,2.0,0.0,0.0,0.01,0.0,0.0,0.0,0.0,0.0,True,2529.0895193434935,0.0005263157894736842,0.00759923394578696,36155.653126795136,24449.255999738576,49604.874700721666,1.0,2.0810484779135315e-07,19.15028973616756,12.868029473546619,26.107828789853507,2.7384977127428372e-05,,2529.0895193434935,0.0005263157894736842
Push,Cuenta Corriente,Up-sell,Basic,AR,1227.0,1160.0,1160.0,456.0,100.0,7.0,18975.54,0.5517000000000002,0.0,0.0,0.0,0.0,0.0,True,2637.2608256880735,0.000449633251833741,0.0070873197295841855,41323.1227047765,30316.43829990027,54015.30132075842,1.0,1.7049252294430513e-07,18.732950360254886,13.631278736801129,24.287075581631974,2.405599428972114e-05,,2637.2608256880735,0.000449633251833741
Push,Cuenta Corriente,Up-sell,Basic,CO,1914.0,1800.0,1800.0,714.0,180.0,19.0,41446.36,0.8830000000000002,0.0,0.0,0.0,0.0,0.0,True,2254.9145795107033,0.00046133751306165114,0.008529302757943695,41464.63967847288,31579.971258251793,52451.965633502994,1.0,2.0459201304279886e-07,19.21559351958563,14.569025402840305,24.198059380555463,2.3986956360794418e-05,,2254.9145795107033,0.00046133751306165114
Push,Cuenta Corriente,Up-sell,Basic,MX,3033.0,2851.0,2851.0,1127.0,225.0,19.0,51859.46000000001,1.4146000000000014,0.0,0.0,0.0,0.0,0.0,True,2688.7937461773704,0.00046640290141773867,0.006955449286093018,40104.32628770523,30323.08317011758,51063.67640402237,1.0,1.7346176220501062e-07,18.80715316680388,14.142773970474241,23.816246831892553,2.493897303684414e-05,,2688.7937461773704,0.00046640290141773867
Push,Cuenta Corriente,Up-sell,Plus,AR,512.0,483.0,483.0,203.0,53.0,5.0,12181.23,0.23350000000000004,0.0,0.0,0.0,0.0,0.0,True,2485.2819908256884,0.0004560546875000001,0.00795302401965951,42836.0166685436,30780.238241548963,56916.04473754875,1.0,1.8350218976498698e-07,19.699035886042754,14.037471932425165,25.95682899651882,2.3073259845736414e-05,,2485.2819908256884,0.0004560546875000001
Push,Cuenta Corriente,Up-sell,Plus,CO,748.0,712.0,712.0,275.0,59.0,6.0,15686.970000000001,0.34620000000000006,0.0,0.0,0.0,0.0,0.0,True,2578.0509007506257,0.00046283422459893057,0.007720992144590229,42177.13113268276,30472.347354992446,56678.96653509726,1.0,1.795287379563265e-07,19.81473043872594,14.1036452597572,26.232965527340472,2.325202960892981e-05,,2578.0509007506257,0.00046283422459893057
Push,Cuenta Corriente,Up-sell,Plus,MX,1333.0,1251.0,1251.0,476.0,101.0,2.0,3809.6,0.6225000000000003,0.0,0.0,0.0,0.0,0.0,True,2354.4557011795546,0.00046699174793698447,0.005769518280882305,28743.627427693627,20572.018485493743,38856.53366712871,1.0,1.9834382430853428e-07,13.559941696578196,9.606962871132678,18.14568057598472,3.4377882979547903e-05,,2354.4557011795546,0.00046699174793698447
Push,Cuenta Corriente,Up-sell,Premium,AR,176.0,163.0,163.0,60.0,12.0,0.0,0.0,0.0751,0.0,0.0,0.0,0.0,0.0,True,2534.317981651376,0.00042670454545454544,0.007227242932034991,42368.17366819662,29210.866951109554,58774.753444934126,1.0,1.6837056302481123e-07,18.37776680052949,12.464409704706405,25.079454452923596,2.3296651933270872e-05,,2534.317981651376,0.00042670454545454544
Push,Cuenta Corriente,Up-sell,Premium,CO,346.0,333.0,333.0,133.0,27.0,3.0,10211.18,0.15889999999999999,0.0,0.0,0.0,0.0,0.0,True,2860.34623853211,0.0004592485549132948,0.007751738428527576,47628.611445684684,33654.464251506826,64645.82062120474,1.0,1.6055698038464558e-07,22.084085761515727,15.45576407388565,29.68849970147235,2.0712383662711255e-05,,2860.34623853211,0.0004592485549132948
Push,Cuenta Corriente,Up-sell,Premium,MX,522.0,485.0,485.0,208.0,46.0,2.0,3605.5,0.24120000000000003,0.0,0.0,0.0,0.0,0.0,True,2325.2985583224117,0.0004620689655172414,0.007086351725479264,34913.796840152776,24998.883161743266,48652.362786917445,1.0,1.9871382273190818e-07,16.460313474586137,11.551208081633096,22.480746942920476,2.8041766825858306e-05,,2325.2985583224117,0.0004620689655172414
Push,Cuenta Corriente,Up-sell,Student,AR,99.0,90.0,90.0,27.0,5.0,1.0,2360.31,0.046,0.0,0.0,0.0,0.0,0.0,True,2505.3166513761466,0.0004646464646464646,0.007724481895721724,41200.773577169675,29261.003040709547,56234.64397333992,1.0,1.8546416653209833e-07,19.38167194784094,13.596021614875143,26.12922851286501,2.4009916656652324e-05,,2505.3166513761466,0.0004646464646464646
Push,Cuenta Corriente,Up-sell,Student,CO,154.0,145.0,145.0,58.0,8.0,1.0,3378.23,0.0716,0.0,0.0,0.0,0.0,0.0,True,2674.9699847094803,0.0004649350649350649,0.0075911038680111145,42977.95071906875,30330.513625767722,59147.59074875492,1.0,1.7380945116868665e-07,20.34181527103814,14.101719322110185,27.49978894552501,2.2896465941023292e-05,,2674.9699847094803,0.0004649350649350649
Push,Cuenta Corriente,Up-sell,Student,MX,261.0,253.0,253.0,103.0,23.0,2.0,5833.68,0.1244,0.0,0.0,0.0,0.0,0.0,True,2643.60998689384,0.00047662835249042145,0.007648131771529572,41849.39975850492,30230.11710927479,56820.085711344545,1.0,1.8029450442894e-07,20.266747211651477,14.408530913386146,27.08206384096269,2.3573666068371413e-05,,2643.60998689384,0.00047662835249042145
Push,Inversión,Acquisition,Basic,AR,0.0,0.0,0.0,0.0,0.0,0.0,0.0,0.0,716.0,278.0,3.0,8576.5,0.32900000000000007,True,2503.176189781022,0.0004594972067039107,0.007646865769609453,41164.08474103466,28193.28600895525,57283.49918412112,1.0,1.8356566692339286e-07,19.205977486521707,12.954736168919384,26.321607865329405,2.4005347086505493e-05,0.004189944134078212,2858.8333333333335,0.0004594972067039107
Push,Inversión,Acquisition,Basic,CO,0.0,0.0,0.0,0.0,0.0,0.0,0.0,0.0,1114.0,401.0,12.0,30933.13,0.5158,True,2503.176189781022,0.00046301615798922805,0.007646865769609453,40467.36749850247,28361.00835800212,56215.43544250701,1.0,1.849714614094874e-07,19.08629710090054,13.131605126622526,26.02865493828108,2.4189186391189187e-05,0.010771992818671455,2577.7608333333333,0.00046301615798922805
Push,Inversión,Acquisition,Basic,MX,0.0,0.0,0.0,0.0,0.0,0.0,0.0,0.0,1758.0,667.0,19.0,23585.059999999998,0.8221000000000005,True,2503.176189781022,0.00046763367463026193,0.007646865769609453,40310.12708783937,28073.760674799145,55814.87777990732,1.0,1.8681612446592124e-07,19.19021417957845,13.128235865046866,26.100916395257016,2.443041765011425e-05,0.01080773606370876,1241.3189473684208,0.00046763367463026193
Push,Inversión,Acquisition,Plus,AR,0.0,0.0,0.0,0.0,0.0,0.0,0.0,0.0,294.0,113.0,1.0,137.32,0.1341,True,2503.176189781022,0.00045612244897959183,0.007646865769609453,41425.7674391412,29854.86326820708,57670.119937505384,1.0,1.822174766768988e-07,19.31318951808136,13.617473347845474,26.304636338841743,2.382904083409917e-05,0.003401360544217687,137.32,0.00045612244897959183
Push,Inversión,Acquisition,Plus,CO,0.0,0.0,0.0,0.0,0.0,0.0,0.0,0.0,440.0,162.0,5.0,17023.94,0.2047,True,2503.176189781022,0.0004652272727272727,0.007646865769609453,40685.6058565157,28309.133975790257,57211.67551044587,1.0,1.8585478506328028e-07,19.24721164707257,13.170181192827876,26.616431765882428,2.430470086213798e-05,0.011363636363636364,3404.7879999999996,0.0004652272727272727
Push,Inversión,Acquisition,Plus,MX,0.0,0.0,0.0,0.0,0.0,0.0,0.0,0.0,753.0,284.0,4.0,7917.0599999999995,0.35170000000000007,True,2503.176189781022,0.0004670650730411687,0.007646865769609453,40154.98286274349,28399.487921793254,56096.392511032245,1.0,1.8658897242148487e-07,19.18731175582934,13.264408900524154,26.200665665511348,2.4400712402071434e-05,0.005312084993359893,1979.2649999999999,0.0004670650730411687
Push,Inversión,Acquisition,Premium,AR,0.0,0.0,0.0,0.0,0.0,0.0,0.0,0.0,137.0,53.0,2.0,5405.5599999999995,0.06249999999999999,True,2503.176189781022,0.0004562043795620437,0.007646865769609453,40920.53694271523,28631.519565338884,57676.83579413458,1.0,1.8225020732637783e-07,18.97392581580552,13.061824619223941,26.312425088565043,2.3833321104011724e-05,0.014598540145985401,2702.7799999999997,0.0004562043795620437
Push,Inversión,Acquisition,Premium,CO,0.0,0.0,0.0,0.0,0.0,0.0,0.0,0.0,173.0,66.0,3.0,8776.93,0.0818,True,2503.176189781022,0.0004728323699421965,0.007646865769609453,39766.53342514232,28066.601746755714,54367.86902823164,1.0,1.8889296401607269e-07,19.0733013700295,13.270797820142297,25.70688836132571,2.4702011217037487e-05,0.017341040462427744,2925.6433333333334,0.0004728323699421965
Push,Inversión,Acquisition,Premium,MX,0.0,0.0,0.0,0.0,0.0,0.0,0.0,0.0,293.0,106.0,5.0,16412.46,0.127,True,2503.176189781022,0.0004334470989761092,0.007646865769609453,43884.20824248975,30219.18615154041,60635.447451778105,1.0,1.731588454482811e-07,19.21891082579034,13.098418570804203,26.282258793091536,2.264442069016792e-05,0.017064846416382253,3282.4919999999997,0.0004334470989761092
Push,Inversión,Acquisition,Student,AR,0.0,0.0,0.0,0.0,0.0,0.0,0.0,0.0,65.0,25.0,0.0,0.0,0.0296,True,2503.176189781022,0.0004553846153846154,0.007646865769609453,41654.40996978751,29130.9318222527,56910.47701811626,1.0,1.8192271772305907e-07,19.156879720468353,13.265778183672,25.916155688249866,2.3790494459320213e-05,0.0,2503.176189781022,0.0004553846153846154
Push,Inversión,Acquisition,Student,CO,0.0,0.0,0.0,0.0,0.0,0.0,0.0,0.0,83.0,35.0,0.0,0.0,0.038400000000000004,True,2503.176189781022,0.0004626506024096386,0.007646865769609453,40684.15711014101,27878.62994028908,57040.72385680079,1.0,1.8482542471375588e-07,19.09667468331705,12.898064936230131,26.38992525423073,2.4170088802695887e-05,0.0,2503.176189781022,0.0004626506024096386
Push,Inversión,Acquisition,Student,MX,0.0,0.0,0.0,0.0,0.0,0.0,0.0,0.0,127.0,50.0,1.0,1394.5,0.06280000000000001,True,2503.176189781022,0.000494488188976378,0.007646865769609453,37818.08892077803,26654.25838365665,52488.10397518091,1.0,1.9754430031536687e-07,19.021283975888814,13.180215956642817,25.954747477491036,2.5833368371713427e-05,0.007874015748031496,1394.5,0.000494488188976378
Push,Inversión,Cross-sell,Basic,AR,366.0,351.0,351.0,137.0,25.0,2.0,8498.91,0.1654,0.0,0.0,0.0,0.0,0.0,True,3002.11299270073,0.0004519125683060109,0.007411750434809544,48735.13409329578,34438.28131291932,66483.03405875708,1.0,1.5053149878261778e-07,22.248706123174063,15.563092156166272,30.04451867026891,2.030984449714353e-05,,3002.11299270073,0.0004519125683060109
Push,Inversión,Cross-sell,Basic,CO,540.0,509.0,509.0,207.0,44.0,3.0,10843.130000000001,0.2478,0.0,0.0,0.0,0.0,0.0,True,2919.8763686131388,0.0004588888888888889,0.007330646603569791,45772.39575438562,32355.332255046305,62386.432010673234,1.0,1.5716038316610252e-07,21.25696221818597,14.847502468149026,28.62844046712005,2.1438815927856953e-05,,2919.8763686131388,0.0004588888888888889
Push,Inversión,Cross-sell,Basic,MX,933.0,871.0,871.0,374.0,78.0,10.0,26155.29,0.45120000000000016,0.0,0.0,0.0,0.0,0.0,True,2578.078063260341,0.0004836012861736336,0.008369688949956103,44224.2199053604,32679.16334378554,58037.52571293418,1.0,1.8758209577333435e-07,21.529530980778986,15.80368542413295,28.0670220811103,2.2412074916394372e-05,,2578.078063260341,0.0004836012861736336
Push,Inversión,Cross-sell,Plus,AR,160.0,143.0,143.0,66.0,12.0,1.0,3231.09,0.0762,0.0,0.0,0.0,0.0,0.0,True,2624.4951581508517,0.00047625,0.007576831661181787,41420.71439902278,29380.984778989663,56667.9164919624,1.0,1.8146347061106902e-07,20.01870904671784,13.992694000993826,26.98809522929709,2.3949782537832636e-05,,2624.4951581508517,0.00047625
Push,Inversión,Cross-sell,Plus,CO,242.0,229.0,229.0,87.0,22.0,3.0,10487.24,0.11809999999999998,0.0,0.0,0.0,0.0,0.0,True,2875.390118613139,0.00048801652892561974,0.007998029774747473,46974.67110974467,33084.06616083914,62977.52159565244,1.0,1.6972184948628828e-07,23.0191273695497,16.14557113055827,30.73407148944856,2.1220457320896508e-05,,2875.390118613139,0.00048801652892561974
Push,Inversión,Cross-sell,Plus,MX,376.0,350.0,350.0,130.0,33.0,4.0,6823.039999999999,0.18830000000000002,0.0,0.0,0.0,0.0,0.0,True,2148.7689943227897,0.0005007978723404256,0.007976976040480813,33896.65737260926,24148.232441186316,45673.39118287853,1.0,2.330626855020579e-07,17.17917240065265,12.093383427328149,22.87313712695752,2.9216921840974966e-05,,2148.7689943227897,0.0005007978723404256
Push,Inversión,Cross-sell,Premium,AR,61.0,59.0,59.0,26.0,2.0,0.0,0.0,0.0282,0.0,0.0,0.0,0.0,0.0,True,2503.176189781022,0.0004622950819672131,0.007496019580573747,39866.42360821565,28130.14201384051,54967.37106914234,1.0,1.8468339697960082e-07,18.741266748683543,13.004426308037743,25.411145313931375,2.463752862361989e-05,,2503.176189781022,0.0004622950819672131
Push,Inversión,Cross-sell,Premium,CO,84.0,81.0,81.0,32.0,7.0,2.0,5224.82,0.0348,0.0,0.0,0.0,0.0,0.0,True,2534.385849843587,0.00041428571428571426,0.008082673407250295,49135.55964281341,34332.75384854682,66532.14676346329,1.0,1.6346591988401548e-07,20.587054822751355,14.223569451540824,27.56331794486336,2.0224239140651632e-05,,2534.385849843587,0.00041428571428571426
Push,Inversión,Cross-sell,Premium,MX,146.0,139.0,139.0,57.0,10.0,2.0,3816.76,0.0713,0.0,0.0,0.0,0.0,0.0,True,2333.2344212721587,0.0004883561643835617,0.00792495183864137,37847.77428666815,26636.83480995674,51113.58662589481,1.0,2.0930437161873057e-07,18.574829549405514,13.008262479109012,24.961635112508905,2.641080676328919e-05,,2333.2344212721587,0.0004883561643835617
Push,Inversión,Cross-sell,Student,AR,34.0,33.0,33.0,15.0,2.0,0.0,0.0,0.0161,0.0,0.0,0.0,0.0,0.0,True,2503.176189781022,0.00047352941176470587,0.007562046977513478,39554.24628309172,27466.710636604927,55045.87981205393,1.0,1.8917142696460782e-07,19.056027358729008,13.00629533086292,26.065843087472597,2.5015902113161743e-05,,2503.176189781022,0.00047352941176470587
Push,Inversión,Cross-sell,Student,CO,41.0,38.0,38.0,18.0,7.0,1.0,1913.08,0.0155,0.0,0.0,0.0,0.0,0.0,True,2404.826824817518,0.0003780487804878049,0.007870308381820618,49160.63440368577,34820.23318396515,66749.03157999998,1.0,1.572041598115872e-07,18.819341574846053,13.16374669149902,25.234389987560974,1.997433292127513e-05,,2404.826824817518,0.0003780487804878049
Push,Inversión,Cross-sell,Student,MX,77.0,70.0,70.0,28.0,7.0,2.0,2502.21,0.0349,0.0,0.0,0.0,0.0,0.0,True,2145.4415641293012,0.00045324675324675325,0.008100875980610097,37641.571859650794,26705.20351343377,51663.03329883669,1.0,2.1126035815880979e-07,17.386154849872394,12.104046787257644,23.41610210557663,2.607870539735127e-05,,2145.4415641293012,0.00045324675324675325
Push,Inversión,Reactivation,Basic,AR,1868.0,1768.0,1768.0,674.0,147.0,14.0,33130.09,0.8683000000000004,0.0,0.0,0.0,0.0,0.0,True,2402.419523626584,0.0004648286937901501,0.007588827609585577,38740.08693030513,29334.179543800994,49976.03482594862,1.0,1.934835648889773e-07,18.165217204222284,13.635368360750757,23.23029498895675,2.54958440015932e-05,,2402.419523626584,0.0004648286937901501
Push,Inversión,Reactivation,Basic,CO,2888.0,2719.0,2719.0,1066.0,222.0,19.0,59875.330000000016,1.3547000000000007,0.0,0.0,0.0,0.0,0.0,True,3016.30045620438,0.0004690789473684213,0.007125831489239256,45701.60717756898,34382.59402430025,58583.704880942714,1.0,1.5551466247453869e-07,21.564495595738293,16.128151012714532,27.480382618494854,2.182407242009328e-05,,3016.30045620438,0.0004690789473684213
Push,Inversión,Reactivation,Basic,MX,4726.0,4463.0,4463.0,1801.0,368.0,47.0,121806.06999999999,2.2491000000000017,0.0,0.0,0.0,0.0,0.0,True,2583.114441325098,0.0004758992805755399,0.009046958444046335,48842.437480135035,39927.41956614708,58943.90573869208,1.0,1.8423468699722452e-07,23.364844050032332,19.001430246767132,28.051362335356,2.036426807270973e-05,,2583.114441325098,0.0004758992805755399
Push,Inversión,Reactivation,Plus,AR,835.0,786.0,786.0,297.0,58.0,7.0,20062.050000000003,0.394,0.0,0.0,0.0,0.0,0.0,True,2714.827579075426,0.0004718562874251497,0.0078058989786005326,44506.472878112654,32017.933389119204,58930.43582081789,1.0,1.7380709223008822e-07,21.156718808616976,15.107863180015528,27.806696662757183,2.226612113564003e-05,,2714.827579075426,0.0004718562874251497
Push,Inversión,Reactivation,Plus,CO,1168.0,1099.0,1099.0,459.0,92.0,7.0,19752.25,0.5505000000000002,0.0,0.0,0.0,0.0,0.0,True,2689.010912408759,0.0004713184931506851,0.0071868967426450435,40660.93541268054,30010.392981431432,53678.44628300802,1.0,1.7527578299356471e-07,19.345593954736955,14.14445319886816,25.299644416777333,2.438824283553805e-05,,2689.010912408759,0.0004713184931506851
Push,Inversión,Reactivation,Plus,MX,2085.0,1974.0,1974.0,839.0,175.0,21.0,45233.270000000004,0.9721000000000003,0.0,0.0,0.0,0.0,0.0,True,2221.121190342504,0.0004662350119904078,0.008635139247966654,40747.65400566647,31221.23260926533,51249.30874369676,1.0,2.0990975819672083e-07,19.14065067628758,14.556431759936133,23.89422207661757,2.430878671078165e-05,,2221.121190342504,0.0004662350119904078
Push,Inversión,Reactivation,Premium,AR,316.0,297.0,297.0,109.0,18.0,2.0,7022.82,0.1497,0.0,0.0,0.0,0.0,0.0,True,2791.2429927007297,0.00047373417721518986,0.0075224634332438246,43813.70664448924,31114.95245281257,60008.68387002999,1.0,1.6972158226784038e-07,21.01159306172286,14.740216399322916,28.42816447893509,2.2561968399579618e-05,,2791.2429927007297,0.00047373417721518986
Push,Inversión,Reactivation,Premium,CO,524.0,491.0,491.0,202.0,48.0,5.0,13719.83,0.2561,0.0,0.0,0.0,0.0,0.0,True,2623.5710948905107,0.0004887404580152672,0.007926180491153253,42141.72479577644,30539.44617061322,57352.13317430337,1.0,1.862882461874599e-07,20.933744001612812,14.925862908958104,28.030307835761633,2.3502902362037315e-05,,2623.5710948905107,0.0004887404580152672
Push,Inversión,Reactivation,Premium,MX,781.0,728.0,728.0,283.0,56.0,8.0,16666.07,0.3637,0.0,0.0,0.0,0.0,0.0,True,2244.7654576080854,0.000465685019206146,0.008178777715999003,38919.40000039222,29075.352624408057,51855.043812043274,1.0,2.074537531873631e-07,18.391855845212294,13.539956145322934,24.148117073546914,2.5364884630811065e-05,,2244.7654576080854,0.000465685019206146
Push,Inversión,Reactivation,Student,AR,175.0,165.0,165.0,61.0,12.0,3.0,6763.43,0.0828,0.0,0.0,0.0,0.0,0.0,True,2409.9138686131387,0.00047314285714285714,0.008165160474274919,41126.28107397273,29769.39243671355,55880.038815082065,1.0,1.963318537251882e-07,19.747258743047684,14.085175392913612,26.439241222221685,2.404506982364273e-05,,2409.9138686131387,0.00047314285714285714
Push,Inversión,Reactivation,Student,CO,277.0,256.0,256.0,106.0,20.0,1.0,3907.25,0.1337,0.0,0.0,0.0,0.0,0.0,True,2737.188491484185,0.0004826714801444044,0.007308870961732195,40784.49144598859,28566.031358455264,56258.92601775696,1.0,1.7633841499994235e-07,20.007130281745376,13.788008637637072,27.154579092325292,2.41266285754962e-05,,2737.188491484185,0.0004826714801444044
Push,Inversión,Reactivation,Student,MX,387.0,365.0,365.0,155.0,37.0,5.0,13076.619999999999,0.1742,0.0,0.0,0.0,0.0,0.0,True,2559.250094890511,0.00045012919896640825,0.008243850896581712,46497.049601121034,33637.10875877715,62447.630100511764,1.0,1.7588324011986237e-07,21.171536940388474,15.141044821134313,28.109501714493923,2.1335082636294625e-05,,2559.250094890511,0.00045012919896640825
Push,Inversión,Retention,Basic,AR,456.0,416.0,416.0,147.0,25.0,2.0,4578.9400000000005,0.21250000000000002,3030.0,1117.0,23.0,60464.53,1.3992000000000007,True,2442.1172784150153,0.0004660087719298246,0.0072204674468861465,36811.09437726546,26142.92719345189,50576.63387733573,1.0,1.9082161862114745e-07,17.468384677987356,12.18283339607133,23.569155041521586,2.642787603778201e-05,0.007590759075907591,2628.892608695652,0.000461782178217822
Push,Inversión,Retention,Basic,CO,686.0,651.0,651.0,244.0,41.0,5.0,10855.02,0.30740000000000006,4552.0,1780.0,35.0,107985.95,2.1011000000000015,True,2337.090094890511,0.0004481049562682217,0.00758075564379674,39003.09344606046,28266.492730566897,52105.032249236945,1.0,1.917362780527358e-07,17.659036655358637,12.666355488886685,23.348523197398602,2.5292502101638344e-05,0.007688927943760984,3085.312857142857,0.000461577328646749
Push,Inversión,Retention,Basic,MX,1185.0,1110.0,1110.0,447.0,88.0,8.0,25603.649999999998,0.5591000000000003,7538.0,2777.0,55.0,110632.05000000002,3.519700000000003,True,2932.271611454239,0.0004718143459915614,0.007395095092041285,45129.45808787804,32912.753363381824,59894.14845350478,1.0,1.6090403908987422e-07,21.518127558238863,15.528709202925558,28.25891848131184,2.1758210961079003e-05,0.007296365083576546,2011.4918181818184,0.00046692756699389797
Push,Inversión,Retention,Plus,AR,212.0,200.0,200.0,80.0,13.0,1.0,3673.14,0.09689999999999999,1292.0,465.0,7.0,15179.6,0.5909,True,2698.1701581508514,0.0004570754716981131,0.007455351209686625,43316.02009360839,30389.184815418183,59058.49256453315,1.0,1.6940201874123558e-07,20.026687991351405,13.890150984028402,26.9941883467135,2.2722205027864295e-05,0.005417956656346749,2168.514285714286,0.0004573529411764706
Push,Inversión,Retention,Plus,CO,272.0,257.0,257.0,114.0,16.0,1.0,2436.4,0.13140000000000002,1885.0,726.0,14.0,35513.07,0.8776000000000002,True,2492.046824817518,0.0004830882352941177,0.0073199340091224235,37075.821922766205,25806.722834989792,50248.73686651895,1.0,1.9385198965091363e-07,18.130165880956316,12.46692419307963,24.27457361860511,2.6482750993291305e-05,0.007427055702917772,2536.647857142857,0.0004655702917771884
Push,Inversión,Retention,Plus,MX,549.0,521.0,521.0,207.0,39.0,6.0,14766.0,0.257,3166.0,1172.0,22.0,56970.93,1.5056000000000007,True,2480.17099535501,0.00046812386156648453,0.008150142095378034,42974.895096527776,30767.609232035982,57963.298549286825,1.0,1.8874660756988556e-07,20.319850448290364,14.403052044869304,27.134003146023158,2.31586891812505e-05,0.006948831332912192,2589.587727272727,0.00047555274794693644
Push,Inversión,Retention,Premium,AR,56.0,50.0,50.0,18.0,5.0,0.0,0.0,0.0262,484.0,183.0,7.0,15879.3,0.23109999999999997,True,2503.176189781022,0.00046785714285714285,0.00750815974445442,39708.52162602972,27619.42472612609,54644.55729012169,1.0,1.869053983363716e-07,18.82772157641352,12.921945139723277,25.56584644644979,2.4893636350028546e-05,0.014462809917355372,2268.4714285714285,0.00047747933884297516
Push,Inversión,Retention,Premium,CO,120.0,111.0,111.0,44.0,13.0,2.0,5753.91,0.057,737.0,272.0,6.0,23008.97,0.3459,True,2609.9701355578727,0.000475,0.007990337548287898,43330.18713429138,30733.070200190217,59165.48232690924,1.0,1.819944196022267e-07,20.880818262459357,14.598208345090354,28.10360410528189,2.2776812431562787e-05,0.008141112618724558,3834.8283333333334,0.0004693351424694708
Push,Inversión,Retention,Premium,MX,234.0,217.0,217.0,85.0,12.0,4.0,13259.57,0.1076,1282.0,506.0,9.0,27411.219999999998,0.6154000000000001,True,2863.9389943227898,0.0004598290598290598,0.008323877449613028,50931.043420354625,36719.260105300775,69661.6723958863,1.0,1.605582593555878e-07,23.80450370051661,16.88458285183916,32.032461323920366,1.928887832954005e-05,0.0070202808112324495,3045.691111111111,0.00048003120124805
Push,Inversión,Retention,Student,AR,33.0,33.0,33.0,11.0,1.0,1.0,940.42,0.0144,249.0,83.0,1.0,729.15,0.1104,True,2242.716824817518,0.00043636363636363637,0.007890855605136624,40425.02689279405,28009.134752495316,54924.99668336751,1.0,1.945692079958163e-07,17.79865727076985,12.222167891997957,23.967271280014916,2.4657555242698866e-05,0.004016064257028112,729.15,0.0004433734939759036
Push,Inversión,Retention,Student,CO,55.0,53.0,53.0,28.0,5.0,0.0,0.0,0.0264,388.0,139.0,1.0,1022.14,0.181,True,2503.176189781022,0.00048,0.007510592497538401,38488.65004563258,26651.10842931881,52636.84993417702,1.0,1.9175637814052172e-07,18.729110942642077,12.79253204607303,25.265687968404972,2.5531458164368515e-05,0.002577319587628866,1022.14,0.0004664948453608247
Push,Inversión,Retention,Student,MX,100.0,94.0,94.0,36.0,6.0,0.0,0.0,0.0492,619.0,226.0,6.0,21031.99,0.2822,True,2503.176189781022,0.000492,0.007402656909227405,36797.289754461846,25701.737925187088,51141.98579597079,1.0,1.9655028759403477e-07,18.473404141058186,12.64525505919205,25.16185701161763,2.655131664268204e-05,0.009693053311793215,3505.331666666667,0.00045589660743134086
Push,Inversión,Up-sell,Basic,AR,859.0,806.0,806.0,330.0,64.0,7.0,24152.6,0.4087000000000002,0.0,0.0,0.0,0.0,0.0,True,3055.7067457420926,0.0004757857974388826,0.007757742669830482,49047.55817284035,35751.80995223158,65960.46529674344,1.0,1.5570401122485195e-07,23.732298684343956,17.010203408005882,31.38305258065082,2.0070788353212327e-05,,3055.7067457420926,0.0004757857974388826
Push,Inversión,Up-sell,Basic,CO,1326.0,1261.0,1261.0,486.0,98.0,10.0,21257.29,0.6110000000000004,0.0,0.0,0.0,0.0,0.0,True,2251.5447299270077,0.0004607843137254905,0.007614794390951133,37066.99461987969,27409.91420202013,47939.43071876158,1.0,2.0465252482033904e-07,17.158700573688687,12.630058504852421,22.08973768413525,2.6875646841303186e-05,,2251.5447299270077,0.0004607843137254905
Push,Inversión,Up-sell,Basic,MX,2123.0,2004.0,2004.0,829.0,158.0,24.0,66449.5,0.9915000000000007,0.0,0.0,0.0,0.0,0.0,True,2722.9441706519,0.0004670277908619881,0.009153517016315761,53097.423006161334,41463.92527110325,67300.45709399048,1.0,1.7151574237020695e-07,25.007559521682744,19.364805419829914,31.431183800608387,1.873768760843371e-05,,2722.9441706519,0.0004670277908619881
Push,Inversión,Up-sell,Plus,AR,321.0,300.0,300.0,138.0,29.0,1.0,1804.13,0.1532,0.0,0.0,0.0,0.0,0.0,True,2386.668491484185,0.00047725856697819317,0.007212939171575201,36008.025974247066,24876.73436644075,48746.71177347084,1.0,1.999685204212852e-07,17.343305294410406,11.872634594824683,23.26478580590571,2.772358336381409e-05,,2386.668491484185,0.00047725856697819317
Push,Inversión,Up-sell,Plus,CO,534.0,504.0,504.0,200.0,45.0,3.0,10159.84,0.24130000000000001,0.0,0.0,0.0,0.0,0.0,True,2834.4651186131387,0.00045187265917603,0.007342983325133743,44884.63737978146,31994.760935607264,61949.1723259316,1.0,1.5942078673281558e-07,20.63788613155378,14.457557703674219,27.993137232672836,2.1710629001041882e-05,,2834.4651186131387,0.00045187265917603
Push,Inversión,Up-sell,Plus,MX,886.0,821.0,821.0,325.0,71.0,3.0,10329.6,0.41920000000000013,0.0,0.0,0.0,0.0,0.0,True,2855.685118613139,0.00047313769751693017,0.0066831557312228024,40046.29525684577,28994.56504721083,53709.4536861541,1.0,1.6568272686405603e-07,19.23500950135453,13.718421746942193,25.411967251959144,2.4791091742783828e-05,,2855.685118613139,0.00047313769751693017
Push,Inversión,Up-sell,Premium,AR,153.0,145.0,145.0,55.0,10.0,0.0,0.0,0.07189999999999999,0.0,0.0,0.0,0.0,0.0,True,2503.176189781022,0.00046993464052287576,0.007279445166945469,38037.192319145106,26953.14870100949,52984.26190827528,1.0,1.8773534297798896e-07,18.186571992691842,12.66621824576851,24.89914007323524,2.578978736325377e-05,,2503.176189781022,0.00046993464052287576
Push,Inversión,Up-sell,Premium,CO,229.0,214.0,214.0,81.0,14.0,1.0,1139.49,0.1019,0.0,0.0,0.0,0.0,0.0,True,2275.8951581508513,0.00044497816593886465,0.00741647696277711,37437.6329733478,26266.412762137184,51471.46196111474,1.0,1.9551786660524655e-07,16.899196081541877,11.687980176688992,22.903676741648873,2.636263384711366e-05,,2275.8951581508513,0.00044497816593886465
Push,Inversión,Up-sell,Premium,MX,382.0,359.0,359.0,129.0,24.0,2.0,4868.0,0.1824,0.0,0.0,0.0,0.0,0.0,True,2483.4115641293015,0.00047748691099476444,0.007377007322481349,37949.23782975247,26959.047675355658,51060.40083404391,1.0,1.922705514831466e-07,18.241423681224273,12.872592397866159,24.38067306840212,2.6063489309167987e-05,,2483.4115641293015,0.00047748691099476444
Push,Inversión,Up-sell,Student,AR,72.0,70.0,70.0,28.0,5.0,2.0,7791.1,0.0298,0.0,0.0,0.0,0.0,0.0,True,2900.997278415016,0.0004138888888888889,0.00811392809520736,56281.350960220254,39726.9682592608,76748.59607796663,1.0,1.4267124342668136e-07,23.542715544461856,16.442550751749607,31.76539115449174,1.7583498615294945e-05,,2900.997278415016,0.0004138888888888889
Push,Inversión,Up-sell,Student,CO,115.0,107.0,107.0,53.0,14.0,0.0,0.0,0.0566,0.0,0.0,0.0,0.0,0.0,True,2503.176189781022,0.0004921739130434782,0.0073673644951537,36783.019753990826,25217.321900914063,51145.57214916403,1.0,1.9661976454263637e-07,18.37051020168676,12.411307996449874,25.1725163795016,2.668793768408963e-05,,2503.176189781022,0.0004921739130434782
Push,Inversión,Up-sell,Student,MX,177.0,157.0,157.0,61.0,16.0,1.0,1364.12,0.08410000000000001,0.0,0.0,0.0,0.0,0.0,True,2313.333491484185,0.00047514124293785315,0.007536683639172785,36121.16712708563,25883.065074867805,50084.85072451414,1.0,2.0539245408711598e-07,17.48537714779295,12.298111710714027,23.797378225602483,2.725236508794995e-05,,2313.333491484185,0.00047514124293785315
Push,Préstamo Hipotecario,Acquisition,Basic,AR,0.0,0.0,0.0,0.0,0.0,0.0,0.0,0.0,1764.0,671.0,12.0,38585.43,0.8260000000000003,True,2510.8035106382977,0.0004682539682539684,0.007646865769609453,40456.69422095357,28156.345315876093,55358.55394167865,1.0,1.864956641449528e-07,19.218921020091052,13.184320425688016,25.92186255999239,2.4388510242475154e-05,0.006802721088435374,3215.4525,0.0004682539682539684
Push,Préstamo Hipotecario,Acquisition,Basic,CO,0.0,0.0,0.0,0.0,0.0,0.0,0.0,0.0,2595.0,940.0,25.0,62265.3,1.2051000000000005,True,2510.8035106382977,0.0004643930635838152,0.007646865769609453,40732.75738696294,28883.236020275355,56448.02046329501,1.0,1.8495794737269463e-07,19.209280295395313,13.413174461670074,26.214069156191464,2.4187419126377702e-05,0.009633911368015413,2490.612,0.0004643930635838152
Push,Préstamo Hipotecario,Acquisition,Basic,MX,0.0,0.0,0.0,0.0,0.0,0.0,0.0,0.0,4335.0,1660.0,35.0,98475.15,2.0412000000000012,True,2510.8035106382977,0.00047086505190311445,0.007646865769609453,40281.82008048416,28119.54440404164,55264.51734361527,1.0,1.8753560360579985e-07,19.221411533513557,13.240510735301,26.022129827401972,2.452450575909322e-05,0.008073817762399077,2813.575714285714,0.00047086505190311445
Push,Préstamo Hipotecario,Acquisition,Plus,AR,0.0,0.0,0.0,0.0,0.0,0.0,0.0,0.0,731.0,269.0,5.0,10534.260000000002,0.3405,True,2510.8035106382977,0.00046580027359781123,0.007646865769609453,40570.11398204768,28414.46024277904,56758.87620974186,1.0,1.8551840939532352e-07,19.249812305779997,13.235463355220608,26.438300067602057,2.426071216427256e-05,0.006839945280437756,2106.8520000000003,0.00046580027359781123
Push,Préstamo Hipotecario,Acquisition,Plus,CO,0.0,0.0,0.0,0.0,0.0,0.0,0.0,0.0,1122.0,455.0,13.0,34018.43,0.5337000000000002,True,2510.8035106382977,0.0004756684491978611,0.007646865769609453,39893.23940392045,28015.40838812915,54760.103881504954,1.0,1.8944869528119164e-07,19.177268306066317,13.326045861626143,26.047653691229236,2.47746856017936e-05,0.011586452762923352,2616.8023076923077,0.0004756684491978611
Push,Préstamo Hipotecario,Acquisition,Plus,MX,0.0,0.0,0.0,0.0,0.0,0.0,0.0,0.0,1834.0,738.0,12.0,30158.449999999997,0.8740000000000003,True,2510.8035106382977,0.0004765539803707744,0.007646865769609453,39689.88378691438,28059.854390706456,55340.762236708375,1.0,1.8980138364137648e-07,19.27967683930025,13.372035298515513,26.372860520656015,2.48208075517285e-05,0.006543075245365322,2513.2041666666664,0.0004765539803707744
Push,Préstamo Hipotecario,Acquisition,Premium,AR,0.0,0.0,0.0,0.0,0.0,0.0,0.0,0.0,278.0,107.0,1.0,1142.26,0.1356,True,2510.8035106382977,0.00048776978417266185,0.007646865769609453,38814.12115750829,26583.74109999665,52745.69015785901,1.0,1.9426840137269873e-07,19.149407377032745,12.966745658847286,25.727753904336982,2.540497077178596e-05,0.0035971223021582736,1142.26,0.00048776978417266185
Push,Préstamo Hipotecario,Acquisition,Premium,CO,0.0,0.0,0.0,0.0,0.0,0.0,0.0,0.0,438.0,185.0,0.0,0.0,0.2082,True,2510.8035106382977,0.00047534246575342467,0.007646865769609453,39711.462452814245,27704.55392069164,55599.0549331202,1.0,1.8931886296135649e-07,19.17111335622996,13.169150973260274,26.428591865469464,2.4757707100568806e-05,0.0,2510.8035106382977,0.00047534246575342467
Push,Préstamo Hipotecario,Acquisition,Premium,MX,0.0,0.0,0.0,0.0,0.0,0.0,0.0,0.0,741.0,265.0,4.0,3915.1200000000003,0.36850000000000005,True,2510.8035106382977,0.0004973009446693658,0.007646865769609453,38470.802287113285,27035.730160508527,53203.79085532982,1.0,1.9806446126202117e-07,19.366834356929495,13.444894148646958,26.45829545234689,2.590139113585315e-05,0.005398110661268556,978.7800000000001,0.0004973009446693658
Push,Préstamo Hipotecario,Acquisition,Student,AR,0.0,0.0,0.0,0.0,0.0,0.0,0.0,0.0,165.0,61.0,0.0,0.0,0.0747,True,2510.8035106382977,0.0004527272727272727,0.007646865769609453,41936.38253200914,28716.863764047404,57714.86721860429,1.0,1.8031170930304307e-07,19.20451196548195,13.000907413177824,26.129094431695396,2.3579818808857172e-05,0.0,2510.8035106382977,0.0004527272727272727
Push,Préstamo Hipotecario,Acquisition,Student,CO,0.0,0.0,0.0,0.0,0.0,0.0,0.0,0.0,227.0,83.0,1.0,2037.89,0.109,True,2510.8035106382977,0.0004801762114537445,0.007646865769609453,39434.05148986234,27431.805672621722,54410.95880090873,1.0,1.912440417656075e-07,19.1537792399877,13.172100521214835,26.126848058586134,2.5009467607716993e-05,0.004405286343612335,2037.89,0.0004801762114537445
Push,Préstamo Hipotecario,Acquisition,Student,MX,0.0,0.0,0.0,0.0,0.0,0.0,0.0,0.0,370.0,125.0,2.0,4314.89,0.1712,True,2510.8035106382977,0.00046270270270270267,0.007646865769609453,41069.41962708628,28284.215207652633,56179.04327659378,1.0,1.842847123409805e-07,19.182687529068907,13.087182820405758,25.99419515933204,2.409937847652221e-05,0.005405405405405406,2157.445,0.00046270270270270267
Push,Préstamo Hipotecario,Retention,Basic,AR,434.0,410.0,410.0,160.0,29.0,4.0,9444.01,0.19240000000000002,0.0,0.0,0.0,0.0,0.0,True,2444.2252836879434,0.00044331797235023043,0.007843461729935624,42365.25252310622,30670.336211280573,57755.59433310622,1.0,1.8137361367988748e-07,19.160722507617685,13.596711260484753,25.604092971635108,2.3124179083790356e-05,,2444.2252836879434,0.00044331797235023043
Push,Préstamo Hipotecario,Retention,Basic,CO,639.0,595.0,595.0,228.0,46.0,3.0,12182.779999999999,0.30069999999999997,0.0,0.0,0.0,0.0,0.0,True,3092.0996941489357,0.00047057902973395927,0.007132914058377429,46112.028022919185,32602.70329576645,63228.12384183133,1.0,1.5218753477593829e-07,22.086252668048438,15.342148483625932,29.753829169387604,2.13359551973289e-05,,3092.0996941489357,0.00047057902973395927
Push,Préstamo Hipotecario,Retention,Basic,MX,1115.0,1036.0,1036.0,468.0,95.0,12.0,30226.489999999998,0.5096000000000002,0.0,0.0,0.0,0.0,0.0,True,2516.5004443053813,0.0004570403587443948,0.008484663454883041,46471.24258429295,34944.959090381235,59972.751949369165,1.0,1.8161743614178048e-07,21.40055263064834,15.97125663897604,27.409968065828284,2.14053789060139e-05,,2516.5004443053813,0.0004570403587443948
Push,Préstamo Hipotecario,Retention,Plus,AR,207.0,197.0,197.0,74.0,22.0,3.0,5010.110000000001,0.09920000000000001,0.0,0.0,0.0,0.0,0.0,True,2195.515944148936,0.0004792270531400967,0.008084474106700611,36524.18947828869,25778.53949999938,49367.99649174371,1.0,2.1827536913008528e-07,17.716833679937594,12.353773518840283,23.65847947816897,2.699932812564435e-05,,2195.515944148936,0.0004792270531400967
Push,Préstamo Hipotecario,Retention,Plus,CO,290.0,274.0,274.0,118.0,27.0,5.0,13663.71,0.1264,0.0,0.0,0.0,0.0,0.0,True,2621.7727553191485,0.0004358620689655173,0.008484617493785753,50530.13033588648,36741.67955540485,67437.50078503421,1.0,1.662470815143015e-07,22.249078221388512,16.014304468286806,29.393448618028703,1.9593939459977195e-05,,2621.7727553191485,0.0004358620689655173
Push,Préstamo Hipotecario,Retention,Plus,MX,463.0,439.0,439.0,195.0,39.0,4.0,5156.03,0.22480000000000003,0.0,0.0,0.0,0.0,0.0,True,1967.783061465721,0.0004855291576673867,0.007778366682668716,30831.91771924385,22073.56502161001,41739.33196591616,1.0,2.467391691570594e-07,15.191801426780895,10.7173594316586,20.2656626910107,3.172120564935934e-05,,1967.783061465721,0.0004855291576673867
Push,Préstamo Hipotecario,Retention,Premium,AR,60.0,58.0,58.0,26.0,5.0,1.0,2592.05,0.0313,0.0,0.0,0.0,0.0,0.0,True,2524.3445921985817,0.0005216666666666667,0.007821934954495374,37429.78442137013,26258.556450805958,51498.65240139417,1.0,2.0665430079509087e-07,19.807419278836083,13.698213615170442,26.865130336060627,2.641984393852876e-05,,2524.3445921985817,0.0005216666666666667
Push,Préstamo Hipotecario,Retention,Premium,CO,115.0,108.0,108.0,43.0,4.0,1.0,1595.93,0.0549,0.0,0.0,0.0,0.0,0.0,True,2358.3245921985813,0.00047739130434782605,0.007685200055245761,37272.47723756221,26769.922573071613,51806.86089493636,1.0,2.0242815850161292e-07,18.197587629453995,12.779728254448969,24.732144896800055,2.6339998574720196e-05,,2358.3245921985813,0.00047739130434782605
Push,Préstamo Hipotecario,Retention,Premium,MX,214.0,197.0,197.0,86.0,18.0,2.0,7299.780000000001,0.09829999999999998,0.0,0.0,0.0,0.0,0.0,True,2836.25679331307,0.0004593457943925233,0.007758896351740311,47011.41072120686,33633.6155758686,64757.180110797075,1.0,1.6195493845109675e-07,21.97672823861362,15.449459864990107,29.74593834061379,2.0873450437931222e-05,,2836.25679331307,0.0004593457943925233
Push,Préstamo Hipotecario,Retention,Student,AR,37.0,32.0,32.0,11.0,1.0,0.0,0.0,0.0196,0.0,0.0,0.0,0.0,0.0,True,2510.8035106382977,0.0005297297297297297,0.007554653215157078,35287.9253475561,24720.17296579152,48758.22273620477,1.0,2.1098016132495432e-07,18.918570276632746,13.095010544040914,25.828680152151716,2.792718015191748e-05,,2510.8035106382977,0.0005297297297297297
Push,Préstamo Hipotecario,Retention,Student,CO,54.0,52.0,52.0,19.0,4.0,0.0,0.0,0.026300000000000004,0.0,0.0,0.0,0.0,0.0,True,2510.8035106382977,0.0004870370370370371,0.007513026827628199,38311.30118689465,26499.150658803235,52774.104649999,1.0,1.9397656366715147e-07,18.875183200697087,12.906067820861578,25.70294356101804,2.5818697060128595e-05,,2510.8035106382977,0.0004870370370370371
Push,Préstamo Hipotecario,Retention,Student,MX,77.0,75.0,75.0,32.0,6.0,1.0,4361.41,0.0338,0.0,0.0,0.0,0.0,0.0,True,2819.237925531915,0.0004389610389610389,0.007779154751530592,48971.40508863833,34668.95340600969,67237.68589729477,1.0,1.5570201967903033e-07,21.813731539666236,15.218319806793863,29.514724458812506,2.0015287605429768e-05,,2819.237925531915,0.0004389610389610389
Push,Préstamo Personal,Retention,Basic,AR,862.0,808.0,808.0,323.0,68.0,6.0,13757.179999999998,0.4065000000000001,0.0,0.0,0.0,0.0,0.0,True,2413.938534136546,0.0004715777262180975,0.00749491211260951,37938.01124726372,27322.408748755464,50854.52201789475,1.0,1.9535614496778336e-07,18.077668088631167,12.884639392539558,23.981859861106983,2.6065168214463028e-05,,2413.938534136546,0.0004715777262180975
Push,Préstamo Personal,Retention,Basic,CO,1291.0,1212.0,1212.0,519.0,105.0,11.0,39009.29,0.5990000000000004,0.0,0.0,0.0,0.0,0.0,True,3237.8396172188754,0.0004639814097598764,0.007907815087381288,54710.308428501296,40635.9230906739,71317.92211262358,1.0,1.4329968887044835e-07,25.653735263020835,18.85431288250479,33.090190042960145,1.8121274623519646e-05,,3237.8396172188754,0.0004639814097598764
Push,Préstamo Personal,Retention,Basic,MX,2157.0,2029.0,2029.0,805.0,164.0,21.0,49232.35,0.9971000000000008,0.0,0.0,0.0,0.0,0.0,True,2385.7113029039233,0.00046226240148354233,0.008515305719335196,43904.680660604834,33810.06027482206,55233.943181614406,1.0,1.9376292551444496e-07,20.38106140320734,15.62911965694256,25.532575218538604,2.2754664588786174e-05,,2385.7113029039233,0.00046226240148354233
Push,Préstamo Personal,Retention,Plus,AR,344.0,319.0,319.0,133.0,24.0,1.0,1564.29,0.15689999999999998,0.0,0.0,0.0,0.0,0.0,True,2393.405645917001,0.00045610465116279066,0.0071637884198459305,37216.390217327884,25933.753302971156,51277.248584138986,1.0,1.9056721619290755e-07,17.24867641088909,11.82850550359353,23.38779157805641,2.6601457919245195e-05,,2393.405645917001,0.00045610465116279066
Push,Préstamo Personal,Retention,Plus,CO,578.0,548.0,548.0,216.0,49.0,6.0,14880.68,0.2695,0.0,0.0,0.0,0.0,0.0,True,2516.0748977729095,0.0004662629757785467,0.008084656998086673,43110.76877787737,31035.31335428646,57859.81817815512,1.0,1.853136312401737e-07,20.299402387678935,14.470617558789275,26.977891001752255,2.292164420630712e-05,,2516.0748977729095,0.0004662629757785467
Push,Préstamo Personal,Retention,Plus,MX,993.0,932.0,932.0,403.0,77.0,9.0,18251.66,0.46530000000000027,0.0,0.0,0.0,0.0,0.0,True,2217.700276821572,0.000468580060422961,0.007996409519911148,37641.168236377634,27751.80067361367,49178.057569055476,1.0,2.1129097801012774e-07,17.702690268928727,13.003940436487865,23.04385718719187,2.6423231261982127e-05,,2217.700276821572,0.000468580060422961
Push,Préstamo Personal,Retention,Premium,AR,144.0,133.0,133.0,58.0,13.0,0.0,0.0,0.074,0.0,0.0,0.0,0.0,0.0,True,2559.2287751004014,0.0005138888888888888,0.007300077988246508,35742.883056187275,24971.244381742945,49236.118708334085,1.0,2.0079833967509543e-07,18.61512878721977,12.832445029506788,25.30189433622723,2.7506328014356945e-05,,2559.2287751004014,0.0005138888888888888
Push,Préstamo Personal,Retention,Premium,CO,244.0,231.0,231.0,96.0,19.0,1.0,2364.87,0.1139,0.0,0.0,0.0,0.0,0.0,True,2526.835645917001,0.0004668032786885246,0.007382511280835645,39861.16009953496,27710.76286429121,54737.757628459134,1.0,1.8473828301528467e-07,18.843990668318828,12.935474960011346,25.551764729022523,2.5023772533182462e-05,,2526.835645917001,0.0004668032786885246
Push,Préstamo Personal,Retention,Premium,MX,416.0,390.0,390.0,154.0,27.0,3.0,6640.5599999999995,0.19430000000000003,0.0,0.0,0.0,0.0,0.0,True,2429.5879844377505,0.00046706730769230777,0.007594332727630316,39165.125036955,27360.504208888367,52739.41845678191,1.0,1.9224136383782594e-07,18.481637596704523,12.779197037949544,24.632858187867132,2.5313792630970444e-05,,2429.5879844377505,0.00046706730769230777
Push,Préstamo Personal,Retention,Student,AR,68.0,66.0,66.0,25.0,5.0,1.0,113.52,0.0332,0.0,0.0,0.0,0.0,0.0,True,2151.610645917001,0.00048823529411764707,0.007801744633382337,34054.6459945041,24103.05213014033,46203.516833559304,1.0,2.2691619185104222e-07,16.760927959828745,11.767960745892044,22.55818763050248,2.9085313928388076e-05,,2151.610645917001,0.00048823529411764707
Push,Préstamo Personal,Retention,Student,CO,120.0,115.0,115.0,43.0,9.0,0.0,0.0,0.0508,0.0,0.0,0.0,0.0,0.0,True,2559.2287751004014,0.00042333333333333334,0.007355675019704984,43535.33470778339,30206.06505479503,60839.34793104615,1.0,1.654144160350516e-07,18.74398090046298,12.787234206529897,25.755323957476204,2.248799948229441e-05,,2559.2287751004014,0.00042333333333333334
Push,Préstamo Personal,Retention,Student,MX,183.0,169.0,169.0,56.0,16.0,1.0,1027.29,0.0819,0.0,0.0,0.0,0.0,0.0,True,2303.905645917001,0.0004475409836065574,0.007522615142635043,38265.1801379745,26547.32070036703,52130.15174917191,1.0,1.9425317369211404e-07,17.327800026841548,11.88101401836098,23.330379389383495,2.582255904481516e-05,,2303.905645917001,0.0004475409836065574
Push,Préstamo Personal,Up-sell,Basic,AR,2517.0,2367.0,2367.0,990.0,213.0,25.0,72299.01000000001,1.2077000000000004,2910.0,1078.0,18.0,48623.19,1.358500000000001,True,2836.5051291834006,0.00047981724274930493,0.008683734451131013,50970.59105537843,39592.22593502111,64257.89527393,1.0,1.691578970941044e-07,24.64330283962323,18.99703268244935,30.83204613521069,1.947985605111087e-05,0.006185567010309278,2701.2883333333334,0.00046683848797250894
Push,Préstamo Personal,Up-sell,Basic,CO,3761.0,3525.0,3525.0,1391.0,295.0,24.0,54914.04,1.7705000000000024,4332.0,1623.0,28.0,66026.68,2.0249000000000024,True,2334.833926741448,0.000470752459452274,0.006946090562594985,34140.5423733583,26633.105588905226,43537.49488185879,1.0,2.0162138902498634e-07,16.237669044141096,12.537599958829238,20.49538279402581,2.9026599525023003e-05,0.006463527239150508,2358.095714285714,0.0004674284395198528
Push,Préstamo Personal,Up-sell,Basic,MX,6105.0,5757.0,5757.0,2320.0,485.0,39.0,101088.65000000001,2.8509,7310.0,2788.0,50.0,129432.18000000001,3.4224000000000023,True,2588.290769897773,0.000466977886977887,0.006805810696904431,37707.49241943514,30070.70173841003,46017.19620608213,1.0,1.8041940743633326e-07,17.673905801490584,14.04235275774499,21.489013048963074,2.6509612957409415e-05,0.006839945280437756,2588.6436000000003,0.00046818057455540386
Push,Préstamo Personal,Up-sell,Plus,AR,996.0,936.0,936.0,371.0,66.0,10.0,21476.129999999997,0.44220000000000015,1240.0,465.0,12.0,28774.81,0.5847000000000002,True,2284.8182583668004,0.000443975903614458,0.008238759323443555,41802.416654887995,30839.97051919829,55309.967550583424,1.0,1.9431563188391807e-07,18.745252801239403,13.692203778704307,24.556292822156625,2.3585545378293675e-05,0.00967741935483871,2397.9008333333336,0.0004715322580645163
Push,Préstamo Personal,Up-sell,Plus,CO,1584.0,1497.0,1497.0,603.0,113.0,12.0,29510.37,0.7324000000000005,1822.0,702.0,23.0,67555.51999999999,0.8734000000000003,True,2488.6184632648237,0.00046237373737373767,0.007622460889858754,40855.45740196941,30579.562612490583,53924.49713985312,1.0,1.857953495881199e-07,19.079643255933206,14.139186652391489,24.933271278553313,2.4374719958919034e-05,0.012623490669593854,2937.19652173913,0.0004793633369923163
Push,Préstamo Personal,Up-sell,Plus,MX,2638.0,2491.0,2491.0,1002.0,180.0,18.0,42100.62,1.2232000000000007,3011.0,1124.0,31.0,90639.01000000001,1.422100000000001,True,2386.8158206740004,0.0004636846095526917,0.007263672225181314,36903.27316589892,28792.535085548465,47477.58669549309,1.0,1.942691201961927e-07,17.321800312569827,13.350655389174717,22.014626249403783,2.674530377660914e-05,0.010295582862836267,2923.839032258065,0.00047230156094320855
Push,Préstamo Personal,Up-sell,Premium,AR,399.0,374.0,374.0,152.0,29.0,2.0,4312.99,0.19169999999999998,479.0,178.0,6.0,12419.82,0.22150000000000003,True,2444.161982214572,0.00048045112781954885,0.007340447891162576,36789.49767381931,26119.06247068232,50141.43739822111,1.0,1.9657090295800624e-07,17.950454118896552,12.54893302162857,24.09051014846864,2.677914289054008e-05,0.012526096033402923,2069.97,0.0004624217118997913
Push,Préstamo Personal,Up-sell,Premium,CO,626.0,580.0,580.0,220.0,45.0,6.0,14852.85,0.2878,763.0,284.0,4.0,6581.6900000000005,0.34360000000000007,True,2513.5448977729097,0.0004597444089456869,0.007978549884492193,43429.36900932902,31285.195604612025,57648.485285886294,1.0,1.8290678211200318e-07,20.119026497741153,14.383193761992557,26.50356879437392,2.2924815255904685e-05,0.005242463958060288,1645.4225000000001,0.00045032765399737886
Push,Préstamo Personal,Up-sell,Premium,MX,1057.0,999.0,999.0,405.0,89.0,10.0,28317.9,0.5081000000000002,1242.0,474.0,10.0,18782.53,0.5768000000000001,True,2740.9362583668003,0.0004807000946073796,0.008115831297586062,45499.10685888688,33844.30563067451,59990.19619810411,1.0,1.753780640246654e-07,22.138073891052503,16.26896091858631,28.837292987943908,2.1609377720410365e-05,0.008051529790660225,1878.253,0.00046441223832528186
Push,Préstamo Personal,Up-sell,Student,AR,213.0,202.0,202.0,80.0,23.0,2.0,4621.2699999999995,0.10269999999999999,262.0,99.0,1.0,2282.78,0.11549999999999999,True,2488.2019822145726,0.00048215962441314545,0.0077612879128381804,39370.374586669284,28571.337304549397,53781.289851187925,1.0,1.9377832983800183e-07,19.34456850700075,13.775945263742829,25.931166515103282,2.49672904824813e-05,0.003816793893129771,2282.78,0.0004408396946564885
Push,Préstamo Personal,Up-sell,Student,CO,352.0,329.0,329.0,125.0,22.0,2.0,9224.07,0.169,379.0,138.0,2.0,6435.45,0.1753,True,3145.7448393574296,0.0004801136363636364,0.00744242022089239,47826.25022424263,34165.066938942684,65402.26531327347,1.0,1.5262319764679563e-07,23.32733745705076,16.403114524662826,31.400519425975045,2.050719969000826e-05,0.005277044854881266,3217.725,0.00046253298153034304
Push,Préstamo Personal,Up-sell,Student,MX,563.0,527.0,527.0,202.0,50.0,3.0,6893.45,0.24920000000000003,588.0,218.0,4.0,10439.23,0.2825000000000001,True,2461.199234437751,0.0004426287744227354,0.007283737397111711,40020.264054287196,28695.09546341484,53951.90878549144,1.0,1.7984272391659987e-07,17.92316648202221,12.701274936914706,23.880667263489286,2.4690995036135517e-05,0.006802721088435374,2609.8075,0.00048044217687074844
Push,Seguro,Acquisition,Basic,AR,0.0,0.0,0.0,0.0,0.0,0.0,0.0,0.0,668.0,250.0,8.0,19659.59,0.3057,True,2610.4974193548387,0.0004576347305389222,0.007646865769609453,43102.17260213899,29818.360403098362,59429.35922990276,1.0,1.7530556710989685e-07,19.948274001538476,13.645917328184387,27.196938797277355,2.2925152917762046e-05,0.011976047904191617,2457.44875,0.0004576347305389222
Push,Seguro,Acquisition,Basic,CO,0.0,0.0,0.0,0.0,0.0,0.0,0.0,0.0,1007.0,376.0,3.0,4695.17,0.45500000000000024,True,2610.4974193548387,0.00045183714001986123,0.007646865769609453,43323.254715500094,29350.948736212977,60227.23644814043,1.0,1.7308469131968297e-07,19.848276953481147,13.261848733840031,27.212902268027715,2.263472336699888e-05,0.0029791459781529296,1565.0566666666666,0.00045183714001986123
Push,Seguro,Acquisition,Basic,MX,0.0,0.0,0.0,0.0,0.0,0.0,0.0,0.0,1557.0,572.0,13.0,36492.299999999996,0.7333000000000003,True,2610.4974193548387,0.0004709698137443804,0.007646865769609453,42038.644988691616,29029.246474090516,58031.27089954568,1.0,1.8041382084981198e-07,20.087360497583074,13.671898805042122,27.33097684690871,2.3593172194393865e-05,0.008349389852280027,2807.0999999999995,0.0004709698137443804
Push,Seguro,Acquisition,Plus,AR,0.0,0.0,0.0,0.0,0.0,0.0,0.0,0.0,271.0,97.0,2.0,6094.83,0.129,True,2610.4974193548387,0.00047601476014760147,0.007646865769609453,41358.332325739066,28771.156251972905,56438.5222471889,1.0,1.823463821945644e-07,19.93463392170692,13.695495042452047,26.86556963058069,2.384589813505741e-05,0.007380073800738007,3047.415,0.00047601476014760147
Push,Seguro,Acquisition,Plus,CO,0.0,0.0,0.0,0.0,0.0,0.0,0.0,0.0,451.0,188.0,5.0,18731.91,0.2146,True,2610.4974193548387,0.0004758314855875832,0.007646865769609453,40963.59158698472,28982.992038839257,57454.17309073857,1.0,1.8227617543677967e-07,19.89682933489609,13.791020158613978,27.338504534972284,2.383671701956513e-05,0.011086474501108648,3746.382,0.0004758314855875832
Push,Seguro,Acquisition,Plus,MX,0.0,0.0,0.0,0.0,0.0,0.0,0.0,0.0,674.0,245.0,6.0,14502.720000000001,0.31000000000000005,True,2610.4974193548387,0.0004599406528189912,0.007646865769609453,42595.1905492184,29555.8747586299,58616.51691943198,1.0,1.7618889389006233e-07,19.882869905769393,13.59394833112058,26.96011905789899,2.3040667797554498e-05,0.008902077151335312,2417.1200000000003,0.0004599406528189912
Push,Seguro,Acquisition,Premium,AR,0.0,0.0,0.0,0.0,0.0,0.0,0.0,0.0,116.0,43.0,0.0,0.0,0.0548,True,2610.4974193548387,0.0004724137931034483,0.007646865769609453,41850.84762334215,28612.629590582812,57621.68904924206,1.0,1.8096696422714762e-07,19.96195966851348,13.51700087555119,27.221280688779867,2.3665508154511533e-05,0.0,2610.4974193548387,0.0004724137931034483
Push,Seguro,Acquisition,Premium,CO,0.0,0.0,0.0,0.0,0.0,0.0,0.0,0.0,147.0,51.0,0.0,0.0,0.07139999999999999,True,2610.4974193548387,0.00048571428571428566,0.007646865769609453,40743.34338068488,28011.3224499947,56569.600325077365,1.0,1.8606196739099848e-07,20.04189344017797,13.60549947571171,27.476663015037573,2.4331794619758466e-05,0.0,2610.4974193548387,0.00048571428571428566
Push,Seguro,Acquisition,Premium,MX,0.0,0.0,0.0,0.0,0.0,0.0,0.0,0.0,248.0,75.0,2.0,4753.589999999999,0.11850000000000001,True,2610.4974193548387,0.0004778225806451613,0.007646865769609453,41481.24011861849,28700.391065392574,56131.851261970776,1.0,1.8303890174434684e-07,19.97646741120519,13.713694924391211,26.821066026385232,2.3936460670172736e-05,0.008064516129032258,2376.7949999999996,0.0004778225806451613
Push,Seguro,Acquisition,Student,AR,0.0,0.0,0.0,0.0,0.0,0.0,0.0,0.0,67.0,27.0,1.0,1957.36,0.0299,True,2610.4974193548387,0.0004462686567164179,0.007646865769609453,44107.15472632797,30782.171155920703,60905.58840719716,1.0,1.7095157934563644e-07,19.989284003541673,13.737118172567596,27.18025512500291,2.235577091271048e-05,0.014925373134328358,1957.36,0.0004462686567164179
Push,Seguro,Acquisition,Student,CO,0.0,0.0,0.0,0.0,0.0,0.0,0.0,0.0,88.0,31.0,0.0,0.0,0.0415,True,2610.4974193548387,0.00047159090909090914,0.007646865769609453,41563.474787891486,29406.71475434301,56598.83926628147,1.0,1.8065174307180837e-07,19.89064238903999,13.867939344377671,26.691498063075922,2.362428588582833e-05,0.0,2610.4974193548387,0.00047159090909090914
Push,Seguro,Acquisition,Student,MX,0.0,0.0,0.0,0.0,0.0,0.0,0.0,0.0,141.0,61.0,1.0,4525.83,0.06430000000000001,True,2610.4974193548387,0.00045602836879432633,0.007646865769609453,43664.22244997412,30190.145461483055,60052.893690854115,1.0,1.7469022011407685e-07,20.128531935189837,13.767562788463552,27.385823151219295,2.2844682432943865e-05,0.0070921985815602835,4525.83,0.00045602836879432633
Push,Seguro,Cross-sell,Basic,AR,0.0,0.0,0.0,0.0,0.0,0.0,0.0,0.0,2202.0,831.0,25.0,61925.939999999995,1.0280000000000002,True,2610.4974193548387,0.00046684831970935525,0.007646865769609453,42162.73309148461,29145.83258191659,57891.686573934734,1.0,1.7883500525533278e-07,19.8878305197074,13.60668296739794,27.02663660218207,2.338670648124459e-05,0.011353315168029064,2477.0375999999997,0.00046684831970935525
Push,Seguro,Cross-sell,Basic,CO,0.0,0.0,0.0,0.0,0.0,0.0,0.0,0.0,3310.0,1232.0,23.0,54655.55,1.5438000000000007,True,2610.4974193548387,0.00046640483383685825,0.007646865769609453,42364.08876622742,29475.10490325387,59047.20218521975,1.0,1.7866511967367738e-07,20.032417695551523,13.747331404726086,27.53990052372879,2.336449011354914e-05,0.006948640483383686,2376.3282608695654,0.00046640483383685825
Push,Seguro,Cross-sell,Basic,MX,0.0,0.0,0.0,0.0,0.0,0.0,0.0,0.0,5438.0,2063.0,35.0,84759.55999999998,2.553000000000002,True,2610.4974193548387,0.00046947407134976133,0.007646865769609453,42072.57463413454,29765.931693101513,58275.52636973191,1.0,1.7984084867082064e-07,20.071528447368078,13.974333139479262,27.358848624848413,2.3518243171673408e-05,0.006436189775652814,2421.701714285714,0.00046947407134976133
Push,Seguro,Cross-sell,Plus,AR,0.0,0.0,0.0,0.0,0.0,0.0,0.0,0.0,887.0,323.0,9.0,18242.879999999997,0.42740000000000006,True,2610.4974193548387,0.00048184892897407,0.007646865769609453,41005.92046792652,28871.589085349282,56086.61937760867,1.0,1.8458126999150786e-07,20.05381116802641,13.911744278555,27.025277476877058,2.4138160071421645e-05,0.010146561443066516,2026.9866666666665,0.00048184892897407
Push,Seguro,Cross-sell,Plus,CO,0.0,0.0,0.0,0.0,0.0,0.0,0.0,0.0,1356.0,516.0,13.0,31126.51,0.6375000000000001,True,2610.4974193548387,0.0004701327433628319,0.007646865769609453,41872.80017367089,29400.798159929276,57145.90961483052,1.0,1.800931653397386e-07,19.88570028679538,13.82227789598445,26.866163259184706,2.3551239261381265e-05,0.009587020648967551,2394.346923076923,0.0004701327433628319
Push,Seguro,Cross-sell,Plus,MX,0.0,0.0,0.0,0.0,0.0,0.0,0.0,0.0,2271.0,852.0,21.0,44844.520000000004,1.0637000000000003,True,2610.4974193548387,0.00046838397181858226,0.007646865769609453,41700.905642721234,29685.343688397603,58021.654810722815,1.0,1.7942326559906703e-07,19.91887814386418,13.904139181571352,27.176413131733103,2.3463634775980994e-05,0.009247027741083224,2135.4533333333334,0.00046838397181858226
Push,Seguro,Cross-sell,Premium,AR,0.0,0.0,0.0,0.0,0.0,0.0,0.0,0.0,366.0,135.0,1.0,1891.06,0.1767,True,2610.4974193548387,0.0004827868852459016,0.007646865769609453,40960.30929824033,28331.84799792915,55422.22295130502,1.0,1.8494057173410963e-07,19.93645863868405,13.67824464818055,26.75712239206447,2.4185146870121543e-05,0.00273224043715847,1891.06,0.0004827868852459016
Push,Seguro,Cross-sell,Premium,CO,0.0,0.0,0.0,0.0,0.0,0.0,0.0,0.0,596.0,238.0,4.0,9277.29,0.277,True,2610.4974193548387,0.000464765100671141,0.007646865769609453,42616.35070121036,29275.807868396678,59175.82352612795,1.0,1.7803698912906933e-07,20.06106229119151,13.606373791184362,27.50285757841853,2.3282347891685588e-05,0.006711409395973154,2319.3225,0.000464765100671141
Push,Seguro,Cross-sell,Premium,MX,0.0,0.0,0.0,0.0,0.0,0.0,0.0,0.0,965.0,364.0,9.0,14801.7,0.44840000000000013,True,2610.4974193548387,0.0004646632124352333,0.007646865769609453,42321.1799002709,29434.59446244842,58952.133808899394,1.0,1.7799795892924907e-07,19.979282600190864,13.67717321964961,27.39288787555492,2.3277243813623256e-05,0.00932642487046632,1644.6333333333334,0.0004646632124352333
Push,Seguro,Cross-sell,Student,AR,0.0,0.0,0.0,0.0,0.0,0.0,0.0,0.0,193.0,66.0,2.0,5408.7699999999995,0.0879,True,2610.4974193548387,0.00045544041450777206,0.007646865769609453,43299.61471310816,29724.92147064222,59797.889065275114,1.0,1.7446499319671043e-07,19.9535420473947,13.537930555800267,27.23437538257867,2.2815228938642774e-05,0.010362694300518135,2704.3849999999998,0.00045544041450777206
Push,Seguro,Cross-sell,Student,CO,0.0,0.0,0.0,0.0,0.0,0.0,0.0,0.0,258.0,84.0,2.0,4073.2799999999997,0.12169999999999999,True,2610.4974193548387,0.0004717054263565891,0.007646865769609453,41591.859909588544,28892.15771724896,57940.94956856357,1.0,1.8069561105835796e-07,19.88919672395777,13.628587574376736,27.331060319744907,2.363002261351144e-05,0.007751937984496124,2036.6399999999999,0.0004717054263565891
Push,Seguro,Cross-sell,Student,MX,0.0,0.0,0.0,0.0,0.0,0.0,0.0,0.0,453.0,168.0,3.0,10563.81,0.213,True,2610.4974193548387,0.0004701986754966887,0.007646865769609453,41765.963109542055,29127.365873926174,58167.568702112236,1.0,1.8011842188026148e-07,19.964621494180996,13.695648854627537,27.350313760595817,2.355454212313977e-05,0.006622516556291391,3521.27,0.0004701986754966887
Push,Tarjeta Crédito,Acquisition,Basic,AR,738.0,699.0,699.0,291.0,61.0,8.0,21892.579999999998,0.3483000000000001,907.0,341.0,3.0,7808.660000000001,0.41320000000000007,True,2666.0403182766845,0.0004719512195121953,0.008272081302822228,45989.540244808886,34011.73313124556,61302.65234122054,1.0,1.770232866610443e-07,22.00798809952294,16.051878929014677,28.93186153177117,2.1400090277237527e-05,0.0033076074972436605,2602.8866666666668,0.0004555678059536936
Push,Tarjeta Crédito,Acquisition,Basic,CO,1027.0,960.0,960.0,389.0,61.0,7.0,21242.530000000002,0.4746000000000001,1350.0,488.0,10.0,18424.23,0.6238,True,2834.0395114664084,0.0004621226874391432,0.007436596659437107,45303.301143722616,32799.04480385623,59923.026121599236,1.0,1.6306148364178184e-07,21.105557799423142,15.157182730194906,27.69178987079942,2.1926896281897363e-05,0.007407407407407408,1842.423,0.0004620740740740741
Push,Tarjeta Crédito,Acquisition,Basic,MX,1733.0,1638.0,1638.0,628.0,120.0,14.0,29263.780000000002,0.7975000000000007,2275.0,869.0,16.0,45014.68,1.0818000000000003,True,2212.0907440840474,0.00046018465089440314,0.007803863564929551,37426.01242806205,27881.160446066144,48506.58594120038,1.0,2.080315430662634e-07,17.311736148769274,12.830482086403789,22.32198631743066,2.6657506417866415e-05,0.007032967032967033,2813.4175,0.0004755164835164837
Push,Tarjeta Crédito,Acquisition,Plus,AR,264.0,250.0,250.0,92.0,25.0,3.0,10624.289999999999,0.1226,384.0,153.0,4.0,10629.4,0.17689999999999997,True,2923.779267199612,0.0004643939393939394,0.007944633219998457,49259.28207676151,35667.12747852817,66831.68358577549,1.0,1.588334470401846e-07,23.1983057167423,16.563597836619522,31.036228816727558,1.9992546243716395e-05,0.010416666666666666,2657.35,0.0004606770833333333
Push,Tarjeta Crédito,Acquisition,Plus,CO,438.0,409.0,409.0,151.0,29.0,3.0,11488.39,0.20860000000000004,562.0,203.0,3.0,7828.05,0.2602,True,3031.7917671996124,0.00047625570776255714,0.007546174242468806,47151.88046228379,33621.3196433336,64366.74049820742,1.0,1.5708720925859042e-07,22.72745763244875,16.01234538264701,30.655027552342624,2.0816801230817823e-05,0.005338078291814947,2609.35,0.00046298932384341635
Push,Tarjeta Crédito,Acquisition,Plus,MX,722.0,684.0,684.0,255.0,56.0,2.0,5221.69,0.3345000000000001,936.0,335.0,9.0,18616.21,0.45930000000000004,True,2569.6620196566996,0.00046329639889196685,0.006708743354057258,36065.95726365276,25847.696465946272,49681.65234408199,1.0,1.8029468286022382e-07,17.067918314621433,11.975144692325527,23.017330622015827,2.687458341228491e-05,0.009615384615384616,2068.467777777778,0.0004907051282051283
Push,Tarjeta Crédito,Acquisition,Premium,AR,108.0,104.0,104.0,42.0,11.0,0.0,0.0,0.048999999999999995,139.0,50.0,1.0,1142.56,0.061700000000000005,True,2553.18882751938,0.00045370370370370367,0.0073837923175216,40969.57178086095,28089.077695892378,55894.2602787793,1.0,1.7770080254679471e-07,18.794896534412654,12.744118584247467,25.35943290426098,2.4066332706177834e-05,0.007194244604316547,1142.56,0.000443884892086331
Push,Tarjeta Crédito,Acquisition,Premium,CO,195.0,185.0,185.0,69.0,20.0,2.0,3403.77,0.09300000000000001,225.0,79.0,1.0,2226.13,0.104,True,2309.959162513843,0.000476923076923077,0.0078045895286087035,37423.632727490636,26113.2083212102,51034.308081742754,1.0,2.0646385644500284e-07,18.050082132926626,12.453991660884867,24.339439238985012,2.6454159528593224e-05,0.0044444444444444444,2226.13,0.0004622222222222222
Push,Tarjeta Crédito,Acquisition,Premium,MX,307.0,290.0,290.0,102.0,21.0,0.0,0.0,0.1379,385.0,144.0,2.0,2895.94,0.1827,True,2553.18882751938,0.00044918566775244297,0.006943633250981013,39248.0971411238,26773.77540803735,53562.03926651872,1.0,1.7593123662101464e-07,17.75544617870295,12.026396184913192,24.05930037411378,2.5337057742235833e-05,0.005194805194805195,1447.97,0.00047454545454545454
Push,Tarjeta Crédito,Acquisition,Student,AR,61.0,60.0,60.0,21.0,5.0,1.0,4711.16,0.026499999999999996,92.0,27.0,0.0,0.0,0.042499999999999996,True,2912.8506895994833,0.00043442622950819665,0.007819405451249744,51642.72067235898,36346.66358937375,71828.1222430577,1.0,1.4914126256431296e-07,22.843528719239163,15.789944018334493,31.20402031870539,1.907322282929789e-05,0.0,2912.8506895994833,0.0004619565217391304
Push,Tarjeta Crédito,Acquisition,Student,CO,85.0,83.0,83.0,29.0,10.0,0.0,0.0,0.037700000000000004,112.0,36.0,2.0,4638.84,0.05160000000000001,True,2553.18882751938,0.00044352941176470595,0.007438289078414637,41946.436632361365,28672.348380279374,57925.88439062491,1.0,1.7371586738284022e-07,18.844763288155402,12.71702981101803,25.691833429724227,2.3354277516176506e-05,0.017857142857142856,2319.42,0.00046071428571428576
Push,Tarjeta Crédito,Acquisition,Student,MX,140.0,130.0,130.0,44.0,9.0,0.0,0.0,0.0638,188.0,73.0,1.0,2280.88,0.09,True,2553.18882751938,0.0004557142857142857,0.007309285722119629,40583.09474074982,28630.1190055913,55691.075275847375,1.0,1.784882813219292e-07,18.743458385414243,13.047154232548033,25.3792185899933,2.441938762658866e-05,0.005319148936170213,2280.88,0.0004787234042553191
Push,Tarjeta Crédito,Cross-sell,Basic,AR,550.0,513.0,513.0,205.0,31.0,2.0,8745.96,0.2639,318.0,122.0,0.0,0.0,0.1526,True,3073.129162513843,0.00047981818181818184,0.007030947571072837,44445.188634862985,31732.903544642995,60522.92661646714,1.0,1.561334250675253e-07,21.640345206178747,15.22602408260234,29.040000607428507,2.2206597828989536e-05,0.0,3073.129162513843,0.000479874213836478
Push,Tarjeta Crédito,Cross-sell,Basic,CO,869.0,809.0,809.0,319.0,57.0,3.0,7444.69,0.41230000000000006,425.0,165.0,2.0,6168.33,0.20839999999999997,True,2526.3292671996123,0.0004744533947065593,0.006712285336487118,35428.417865182346,25540.714997830357,47606.15544934735,1.0,1.8780346681906665e-07,16.993488608544517,12.117878933953346,22.58690206187102,2.7979064864568734e-05,0.004705882352941176,3084.165,0.0004903529411764705
Push,Tarjeta Crédito,Cross-sell,Basic,MX,1407.0,1328.0,1328.0,524.0,116.0,14.0,26493.030000000002,0.6620000000000004,765.0,266.0,5.0,11940.199999999999,0.34320000000000006,True,2066.2617967156266,0.00047050461975835136,0.008377071861796403,36569.27958705497,27611.833850255374,47956.69126671619,1.0,2.2770813480955314e-07,17.446144727333674,12.991495386545179,22.563844789314953,2.7182306486830444e-05,0.006535947712418301,2388.04,0.00044862745098039224
Push,Tarjeta Crédito,Cross-sell,Plus,AR,217.0,203.0,203.0,79.0,18.0,1.0,2697.31,0.0977,129.0,47.0,0.0,0.0,0.064,True,2577.2090229328164,0.0004502304147465438,0.007443875368937309,41999.1712575615,29337.279519555846,58336.99948605573,1.0,1.7469689526159965e-07,19.178496073075127,13.208535525624914,26.26509147367578,2.346854112987916e-05,0.0,2577.2090229328164,0.0004961240310077519
Push,Tarjeta Crédito,Cross-sell,Plus,CO,347.0,326.0,326.0,134.0,33.0,3.0,7226.5,0.1611,175.0,70.0,1.0,4499.23,0.08079999999999998,True,2499.0555171996125,0.0004642651296829971,0.007749443847848266,41094.880037157025,29236.11070364141,55453.043968905506,1.0,1.8577623685737185e-07,19.364245943997258,13.573306727252538,25.744914649540853,2.3972847665572158e-05,0.005714285714285714,4499.23,0.0004617142857142856
Push,Tarjeta Crédito,Cross-sell,Plus,MX,615.0,575.0,575.0,220.0,51.0,9.0,24683.370000000003,0.2816000000000001,331.0,114.0,3.0,6324.36,0.15910000000000002,True,2674.95100982835,0.00045788617886178873,0.008825375459832892,50688.786731197324,37446.816216500534,67425.07578864844,1.0,1.7117553823580904e-07,23.56796657808096,17.146379587913096,30.873010312330738,1.939583636015076e-05,0.00906344410876133,2108.12,0.0004806646525679759
Push,Tarjeta Crédito,Cross-sell,Premium,AR,92.0,87.0,87.0,37.0,7.0,0.0,0.0,0.0414,54.0,19.0,0.0,0.0,0.025599999999999998,True,2553.18882751938,0.00045,0.007421618140800829,41218.62235228506,29169.55393360966,57172.07340670827,1.0,1.7625018375049436e-07,18.882573045692123,13.126299270124345,25.727433033018716,2.374821506667764e-05,0.0,2553.18882751938,0.000474074074074074
Push,Tarjeta Crédito,Cross-sell,Premium,CO,162.0,154.0,154.0,67.0,15.0,3.0,7217.089999999999,0.07350000000000001,82.0,25.0,0.0,0.0,0.0402,True,2497.8792671996125,0.0004537037037037038,0.008198401233379957,44502.142432487395,31679.81027799362,59859.42990171265,1.0,1.8163556167882914e-07,20.465092954358383,14.373247255756366,27.158445047999262,2.2154997847543284e-05,0.0,2497.8792671996125,0.0004902439024390243
Push,Tarjeta Crédito,Cross-sell,Premium,MX,246.0,231.0,231.0,97.0,24.0,2.0,3503.54,0.11919999999999999,129.0,42.0,0.0,0.0,0.059300000000000005,True,2324.2120196567002,0.0004845528455284552,0.00768313700141171,36169.62032873609,25660.329729585363,49272.79191178834,1.0,2.0848048346296158e-07,17.738896200009826,12.433785787669004,23.875271527988495,2.7134812697555057e-05,0.0,2324.2120196567002,0.0004596899224806202
Push,Tarjeta Crédito,Cross-sell,Student,AR,48.0,45.0,45.0,11.0,3.0,1.0,4098.65,0.0225,18.0,5.0,0.0,0.0,0.0086,True,2810.765689599483,0.00046875,0.00785241714105266,46390.871874140474,32557.181563907317,63076.516170238014,1.0,1.6676950403033916e-07,22.002441143825557,15.261178858081553,29.567116954799065,2.123798329032515e-05,0.0,2810.765689599483,0.00047777777777777776
Push,Tarjeta Crédito,Cross-sell,Student,CO,63.0,60.0,60.0,28.0,7.0,1.0,4401.84,0.0297,45.0,11.0,1.0,102.8,0.019200000000000002,True,2861.29735626615,0.0004714285714285714,0.007814351349619815,46437.753199257975,32346.273046271042,64407.37581641614,1.0,1.6476042603407083e-07,22.197530458610462,15.248957293242063,30.36347717059618,2.1084338118746963e-05,0.022222222222222223,102.8,0.0004266666666666667
Push,Tarjeta Crédito,Cross-sell,Student,MX,125.0,120.0,120.0,56.0,15.0,4.0,3203.25,0.06520000000000001,63.0,25.0,2.0,2278.56,0.0294,True,1774.3549041774334,0.0005216000000000001,0.008611336844829766,28643.312907090432,20566.33899927979,38857.72517421,1.0,2.939659922442668e-07,15.112382315840057,10.72740242202434,20.26818945086794,3.4137091318261874e-05,0.031746031746031744,1139.28,0.00046666666666666666
Push,Tarjeta Crédito,Retention,Basic,AR,917.0,868.0,868.0,323.0,68.0,11.0,32100.730000000003,0.4266000000000001,376.0,144.0,1.0,3812.88,0.17640000000000006,True,2804.167133599806,0.00046521264994547445,0.008656881023822971,52198.13008440709,38663.21763881269,68106.00600871905,1.0,1.6590047161285458e-07,24.427015798230794,17.986617933170663,31.683775532518595,1.916400042420719e-05,0.0026595744680851063,3812.88,0.0004691489361702129
Push,Tarjeta Crédito,Retention,Basic,CO,1459.0,1374.0,1374.0,528.0,86.0,12.0,32464.64,0.6624000000000001,592.0,222.0,5.0,18879.18,0.2848000000000002,True,2660.6225963292295,0.0004540095956134339,0.007834654202581264,45146.44001970433,34156.19838786644,59055.00342913787,1.0,1.7064035923013488e-07,20.73933783216765,15.507241817767465,26.811538225812836,2.178020303358308e-05,0.008445945945945946,3775.8360000000002,0.0004810810810810815
Push,Tarjeta Crédito,Retention,Basic,MX,2328.0,2193.0,2193.0,840.0,170.0,15.0,31034.78,1.0861000000000003,971.0,373.0,8.0,21863.559999999998,0.4547000000000004,True,2190.036206879845,0.00046653780068728535,0.007124052450981032,33103.41931665128,25117.34769383765,42591.809099950304,1.0,2.1302743727326955e-07,15.58957350527297,11.718192152180876,19.870688944783524,2.9902564409661836e-05,0.008238928939237899,2732.9449999999997,0.0004682801235839345
Push,Tarjeta Crédito,Retention,Plus,AR,362.0,342.0,342.0,137.0,42.0,7.0,20723.71,0.1658,166.0,64.0,1.0,4761.0,0.077,True,2790.804511466408,0.00045801104972375693,0.00889398751637924,53416.39455063354,39134.09904641691,71120.4340964082,1.0,1.6411434331640033e-07,24.779449509728963,17.923849784242886,32.57394467730519,1.8452279476912464e-05,0.006024096385542169,4761.0,0.000463855421686747
Push,Tarjeta Crédito,Retention,Plus,CO,627.0,580.0,580.0,226.0,45.0,2.0,4110.13,0.2973,253.0,103.0,4.0,11372.1,0.11710000000000002,True,2410.8677339424144,0.00047416267942583735,0.006882959224784172,34919.67906547921,24822.817662533984,47655.03963393049,1.0,1.9667718504426387e-07,16.7577414983919,11.770053733766114,22.596241280968957,2.8574509687064294e-05,0.015810276679841896,2843.025,0.0004628458498023716
Push,Tarjeta Crédito,Retention,Plus,MX,990.0,929.0,929.0,374.0,62.0,7.0,13135.279999999999,0.4811000000000001,416.0,155.0,1.0,3607.13,0.1936000000000001,True,2158.4353447997414,0.000485959595959596,0.00750502114231225,33014.25813850026,24253.308120986363,43612.64383509954,1.0,2.2514438393089004e-07,16.244812658013704,11.786127815158121,21.193982776834737,2.9999167179097973e-05,0.002403846153846154,3607.13,0.00046538461538461566
Push,Tarjeta Crédito,Retention,Premium,AR,156.0,147.0,147.0,60.0,13.0,4.0,12897.890000000001,0.071,64.0,22.0,1.0,3811.43,0.028599999999999997,True,2851.537126399656,0.00045512820512820507,0.008527581619629411,52765.708743683266,37286.75722183451,70569.53627002567,1.0,1.5960802365664756e-07,24.24234040095345,16.97025488942468,32.11818637930655,1.8716680857002896e-05,0.015625,3811.43,0.00044687499999999995
Push,Tarjeta Crédito,Retention,Premium,CO,233.0,217.0,217.0,82.0,14.0,0.0,0.0,0.10550000000000001,114.0,48.0,0.0,0.0,0.0543,True,2553.18882751938,0.0004527896995708155,0.007101042754810578,39524.25256461054,27661.579893478047,54488.97879321975,1.0,1.773428172215275e-07,18.15732968723229,12.524878449622035,24.67204833770251,2.4974193698719416e-05,0.0,2553.18882751938,0.00047631578947368423
Push,Tarjeta Crédito,Retention,Premium,MX,383.0,362.0,362.0,136.0,35.0,2.0,8763.15,0.1796,164.0,48.0,1.0,3128.61,0.0783,True,3075.5848767995567,0.00046892950391644913,0.007374846689770497,47740.97030272677,32931.02139497203,65503.47214659216,1.0,1.5246839957296694e-07,22.644076346813545,15.442327526206203,30.716510698506408,2.067411106788875e-05,0.006097560975609756,3128.61,0.00047743902439024386
Push,Tarjeta Crédito,Retention,Student,AR,76.0,72.0,72.0,24.0,7.0,1.0,3842.77,0.0356,33.0,11.0,0.0,0.0,0.016499999999999997,True,2768.1190229328167,0.00046842105263157895,0.007781658276195486,45342.563434079944,31503.98044879407,62315.632993007384,1.0,1.692199825046857e-07,21.507534752638303,14.7571276839088,29.18995440198767,2.174600534982869e-05,0.0,2768.1190229328167,0.0004999999999999999
Push,Tarjeta Crédito,Retention,Student,CO,106.0,98.0,98.0,30.0,6.0,1.0,3577.64,0.0421,54.0,26.0,1.0,2758.43,0.027000000000000003,True,2723.9306895994832,0.0003971698113207547,0.007707246789145724,52563.1901180024,36616.90642050025,71219.01027382113,1.0,1.4580760547147148e-07,21.035154292042257,14.543129814179817,28.28604087290443,1.8918247911409216e-05,0.018518518518518517,2758.43,0.0005
Push,Tarjeta Crédito,Retention,Student,MX,208.0,195.0,195.0,89.0,18.0,4.0,13948.020000000002,0.0978,80.0,28.0,0.0,0.0,0.041299999999999996,True,2968.218237510767,0.0004701923076923077,0.008390688822350808,52194.33058617798,37821.734750234835,71091.25818805941,1.0,1.5840894101055874e-07,24.957227640354205,17.783488743139262,33.42656274419332,1.8879134283778328e-05,0.0,2968.218237510767,0.00051625
Push,Tarjeta Crédito,Up-sell,Basic,AR,403.0,379.0,379.0,168.0,34.0,4.0,3111.2999999999997,0.1845,0.0,0.0,0.0,0.0,0.0,True,1764.1382375107667,0.00045781637717121586,0.007914261792606297,30166.00648382916,21278.000159535757,40983.25648398988,1.0,2.59512756674445e-07,13.937655661376775,9.741416946487213,18.762806008178988,3.279051963088817e-05,,1764.1382375107667,0.00045781637717121586
Push,Tarjeta Crédito,Up-sell,Basic,CO,609.0,565.0,565.0,248.0,39.0,6.0,10314.24,0.2807,0.0,0.0,0.0,0.0,0.0,True,2098.1985579633547,0.0004609195402298851,0.008015809465865768,36005.41383200868,27058.531066287607,48132.02387276111,1.0,2.1967393814114666e-07,16.847631270851416,12.471805698369344,22.1849903137669,2.7405084798559416e-05,,2098.1985579633547,0.0004609195402298851
Push,Tarjeta Crédito,Up-sell,Basic,MX,1055.0,992.0,992.0,405.0,82.0,7.0,19025.63,0.48600000000000015,0.0,0.0,0.0,0.0,0.0,True,2649.2978447997416,0.0004606635071090049,0.007385639639135834,42042.23588807696,30432.454178527336,56576.180827728596,1.0,1.738813580410496e-07,19.576762279275854,14.019121071814494,26.0625818789347,2.3543168437256003e-05,,2649.2978447997416,0.0004606635071090049
Push,Tarjeta Crédito,Up-sell,Plus,AR,174.0,167.0,167.0,71.0,14.0,2.0,5234.96,0.07919999999999999,0.0,0.0,0.0,0.0,0.0,True,2571.557733942414,0.0004551724137931034,0.007855722760765663,43727.88531623929,30702.839125667786,59750.67229191135,1.0,1.7700260343573381e-07,20.201374345824675,13.975085395131543,27.196857732869994,2.253167643844933e-05,,2571.557733942414,0.0004551724137931034
Push,Tarjeta Crédito,Up-sell,Plus,CO,281.0,264.0,264.0,95.0,23.0,3.0,9453.58,0.1296,0.0,0.0,0.0,0.0,0.0,True,2777.4405171996123,0.00046120996441281135,0.007903858067568133,47030.46736479878,33388.32829954299,64331.1289864175,1.0,1.6605574864941908e-07,22.01874769371943,15.399029706835487,29.67015771046159,2.100945477890031e-05,,2777.4405171996123,0.00046120996441281135
Push,Tarjeta Crédito,Up-sell,Plus,MX,431.0,402.0,402.0,171.0,38.0,9.0,21676.47,0.2013,0.0,0.0,0.0,0.0,0.0,True,2460.172438399779,0.00046705336426914153,0.00929439257911511,48270.60375782933,35572.65095481087,64178.085054097246,1.0,1.8984578356342239e-07,22.78923005562063,16.614326304416306,29.974590536867233,2.0425840844082037e-05,,2460.172438399779,0.00046705336426914153
Push,Tarjeta Crédito,Up-sell,Premium,AR,70.0,66.0,66.0,22.0,5.0,1.0,1098.52,0.0334,0.0,0.0,0.0,0.0,0.0,True,2310.7440229328167,0.00047714285714285713,0.007796713328895261,37220.56473689788,25960.833048640252,50629.49147566456,1.0,2.064888418654279e-07,17.941784838008818,12.38702605463692,24.157500218388517,2.6484087993868295e-05,,2310.7440229328167,0.00047714285714285713
Push,Tarjeta Crédito,Up-sell,Premium,CO,105.0,103.0,103.0,49.0,6.0,1.0,3264.62,0.049699999999999994,0.0,0.0,0.0,0.0,0.0,True,2671.760689599483,0.00047333333333333326,0.007709704236888517,43085.570354929296,30170.151426957516,58935.22046511698,1.0,1.7716157557669937e-07,20.73102843201672,14.280538342093223,27.8960043534887,2.297903656654386e-05,,2671.760689599483,0.00047333333333333326
Push,Tarjeta Crédito,Up-sell,Premium,MX,195.0,183.0,183.0,75.0,15.0,2.0,4058.15,0.0861,0.0,0.0,0.0,0.0,0.0,True,2403.4420196567003,0.00044153846153846153,0.0078045895286087035,42147.45961987572,30164.948784154083,57647.74186929545,1.0,1.8371088544150918e-07,18.86018078022357,13.31898507854188,25.453695256135067,2.3538827348714987e-05,,2403.4420196567003,0.00044153846153846153
Push,Tarjeta Crédito,Up-sell,Student,AR,37.0,34.0,34.0,14.0,1.0,0.0,0.0,0.017499999999999998,0.0,0.0,0.0,0.0,0.0,True,2553.18882751938,0.0004729729729729729,0.007554653215157078,40580.29910386324,27924.29312689911,55400.785589730236,1.0,1.8524794087889797e-07,19.443623510798755,13.207435938398225,26.203074265412948,2.4521038306196595e-05,,2553.18882751938,0.0004729729729729729
Push,Tarjeta Crédito,Up-sell,Student,CO,54.0,49.0,49.0,18.0,4.0,0.0,0.0,0.021,0.0,0.0,0.0,0.0,0.0,True,2553.18882751938,0.0003888888888888889,0.007513026827628199,49029.09279920114,33768.1537330893,68740.85130094488,1.0,1.5231497361153834e-07,19.29166080892997,13.132059785090282,26.73255328370079,2.0273449983090625e-05,,2553.18882751938,0.0003888888888888889
Push,Tarjeta Crédito,Up-sell,Student,MX,84.0,80.0,80.0,24.0,5.0,0.0,0.0,0.0363,0.0,0.0,0.0,0.0,0.0,True,2553.18882751938,0.0004321428571428571,0.007440676756751529,43293.39892827704,29905.91677915729,59724.45356112037,1.0,1.6925612883976046e-07,18.989262217954202,12.923628322421543,25.80949600319844,2.2747410534422244e-05,,2553.18882751938,0.0004321428571428571
SMS,(unknown),Cross-sell,Basic,AR,0.0,0.0,0.0,0.0,0.0,0.0,0.0,0.0,559.0,241.0,3.0,2867.43,46.9606,True,2605.190066934404,0.08400822898032201,0.00909993851392896,280.31483410834034,200.4759834764106,377.8183730133696,1.0,3.224648751988246e-05,23.8162228010655,16.84163232494155,31.739852393079865,0.003543594000170867,0.005366726296958855,955.81,0.08400822898032201
SMS,(unknown),Cross-sell,Basic,CO,0.0,0.0,0.0,0.0,0.0,0.0,0.0,0.0,874.0,422.0,11.0,28360.309999999998,73.9532,True,2605.190066934404,0.08461464530892449,0.00909993851392896,274.17556445556056,198.17288263592596,369.0259808270731,1.0,3.2479259913842976e-05,23.59076240160768,16.768328174085994,31.22500247746076,0.0035691735569562473,0.012585812356979404,2578.2099999999996,0.08461464530892449
SMS,(unknown),Cross-sell,Basic,MX,0.0,0.0,0.0,0.0,0.0,0.0,0.0,0.0,1532.0,714.0,19.0,56738.100000000006,127.24430000000004,True,2605.190066934404,0.08305763707571805,0.00909993851392896,279.8431970093167,200.79671918056582,385.23605180133563,1.0,3.188160362266933e-05,23.588486851141184,16.677701027694308,31.996796178997847,0.00350349659768242,0.012402088772845953,2986.2157894736847,0.08305763707571805
SMS,(unknown),Cross-sell,Plus,AR,0.0,0.0,0.0,0.0,0.0,0.0,0.0,0.0,222.0,101.0,1.0,834.08,17.902,True,2605.190066934404,0.08063963963963965,0.00909993851392896,288.74628238798954,203.3782238334086,388.22331297103847,1.0,3.0953457355428364e-05,23.55210693524078,16.40034668047604,31.306188057691582,0.0034015018132319227,0.0045045045045045045,834.08,0.08063963963963965
SMS,(unknown),Cross-sell,Plus,CO,0.0,0.0,0.0,0.0,0.0,0.0,0.0,0.0,393.0,174.0,2.0,9399.14,32.080600000000004,True,2605.190066934404,0.08163002544529263,0.00909993851392896,287.6844970183239,204.15511596595792,389.4984154810518,1.0,3.133361610784461e-05,23.760238788247094,16.665187311087813,31.79476556661942,0.003443277782578787,0.005089058524173028,4699.57,0.08163002544529263
SMS,(unknown),Cross-sell,Plus,MX,0.0,0.0,0.0,0.0,0.0,0.0,0.0,0.0,684.0,322.0,9.0,21107.19,57.4791,True,2605.190066934404,0.08403377192982457,0.00909993851392896,278.2787935546769,198.64875395124128,375.82054055724643,1.0,3.225629215940829e-05,23.64419886762846,16.693204083682446,31.581617591731032,0.0035446714403657453,0.013157894736842105,2345.2433333333333,0.08403377192982457
SMS,(unknown),Cross-sell,Premium,AR,0.0,0.0,0.0,0.0,0.0,0.0,0.0,0.0,102.0,50.0,0.0,0.0,8.459599999999998,True,2605.190066934404,0.08293725490196077,0.00909993851392896,283.49973435744977,202.05062934861058,374.2523342556045,1.0,3.183539502726388e-05,23.632202086199914,16.757524549387313,31.039461243810898,0.0034984186957455307,0.0,2605.190066934404,0.08293725490196077
SMS,(unknown),Cross-sell,Premium,CO,0.0,0.0,0.0,0.0,0.0,0.0,0.0,0.0,160.0,73.0,1.0,768.74,13.0034,True,2605.190066934404,0.08127124999999999,0.00909993851392896,287.3949751082002,208.36937315898126,392.5544155904688,1.0,3.119590045713402e-05,23.697570372306945,16.934439418346855,31.903388048056883,0.0034281440923346392,0.00625,768.74,0.08127124999999999
SMS,(unknown),Cross-sell,Premium,MX,0.0,0.0,0.0,0.0,0.0,0.0,0.0,0.0,254.0,121.0,2.0,5492.0,21.681900000000002,True,2605.190066934404,0.08536181102362206,0.00909993851392896,272.6227113842899,199.3304645731484,369.22934972506266,1.0,3.276605884040912e-05,23.584901554277323,17.015209448143885,31.518085975605658,0.0036006901354613827,0.007874015748031496,2746.0,0.08536181102362206
SMS,(unknown),Cross-sell,Student,AR,0.0,0.0,0.0,0.0,0.0,0.0,0.0,0.0,52.0,26.0,1.0,4419.3,4.5329999999999995,True,2605.190066934404,0.08717307692307691,0.00909993851392896,269.81550169558784,190.12595801185006,362.2792569724949,1.0,3.3461311721357735e-05,23.71054122454824,16.573864762840696,31.580997535698447,0.003677092067176021,0.019230769230769232,4419.3,0.08717307692307691
SMS,(unknown),Cross-sell,Student,CO,0.0,0.0,0.0,0.0,0.0,0.0,0.0,0.0,69.0,34.0,1.0,4360.38,5.8425,True,2605.190066934404,0.08467391304347827,0.00909993851392896,275.65516781653474,198.10858818815308,371.8911639699116,1.0,3.2502009783538097e-05,23.592069456746643,16.77462936940992,31.489480079626208,0.003571673559528825,0.014492753623188406,4360.38,0.08467391304347827
SMS,(unknown),Cross-sell,Student,MX,0.0,0.0,0.0,0.0,0.0,0.0,0.0,0.0,134.0,67.0,3.0,11653.61,11.2853,True,2605.190066934404,0.0842186567164179,0.00909993851392896,275.2526357480559,198.57376227012958,374.7918849968902,1.0,3.232726002810237e-05,23.48314627180182,16.72361551751562,31.56446910265227,0.0035524701599489003,0.022388059701492536,3884.536666666667,0.0842186567164179
SMS,(unknown),Reactivation,Basic,AR,1446.0,1347.0,1347.0,694.0,141.0,16.0,38599.44,122.3896,428.0,194.0,2.0,1581.97,36.303,True,2458.3519206986675,0.08464011065006916,0.009734584603060927,280.8882587694243,216.753117166738,356.0764298757704,1.0,3.442961519765417e-05,23.975811205331382,18.34600782074011,30.138348424566797,0.003536834554484038,0.004672897196261682,790.985,0.08482009345794392
SMS,(unknown),Reactivation,Basic,CO,2170.0,2045.0,2045.0,1055.0,225.0,23.0,61458.38,182.62040000000002,647.0,333.0,3.0,9889.74,55.650400000000005,True,2660.154654809715,0.08415686635944701,0.009725387012669534,305.9344182158874,239.99949309415737,382.09014474620903,1.0,3.163608033363266e-05,25.964970962677715,20.197605266660027,32.15550924866847,0.003252937933721245,0.00463678516228748,3296.58,0.08601298299845442
SMS,(unknown),Reactivation,Basic,MX,3511.0,3305.0,3305.0,1676.0,334.0,25.0,64949.86,297.45300000000003,1072.0,482.0,15.0,42232.9,89.4687,True,2599.1936778224003,0.08472030760467104,0.008037635615536233,243.70257876478163,192.84900296857683,302.39896570999986,1.0,3.259484213413814e-05,20.789798330797712,16.338226852751948,25.619333394285558,0.004055277409084633,0.013992537313432836,2815.5266666666666,0.08345960820895522
SMS,(unknown),Reactivation,Plus,AR,570.0,535.0,535.0,255.0,36.0,4.0,7563.450000000001,48.70259999999999,172.0,93.0,1.0,101.02,15.1279,True,2287.711148296891,0.08544315789473682,0.008770343312614849,231.97280406083314,169.23656539692004,302.7245463798637,1.0,3.7348752685996134e-05,19.96502036425728,14.46010657877199,25.865741214947267,0.004258528013638354,0.005813953488372093,101.02,0.08795290697674418
SMS,(unknown),Reactivation,Plus,CO,905.0,849.0,849.0,414.0,76.0,8.0,16964.85,77.67850000000001,305.0,155.0,3.0,4182.55,25.9636,True,2306.9846411286167,0.08583259668508289,0.009040124605301778,239.54993445267866,179.46689607892233,314.2602205840223,1.0,3.7205534512398014e-05,20.79907700202642,15.404109709465825,26.973770767553575,0.004115599744120565,0.009836065573770493,1394.1833333333334,0.08512655737704918
SMS,(unknown),Reactivation,Plus,MX,1461.0,1383.0,1383.0,712.0,145.0,13.0,35328.09,127.1668,462.0,227.0,3.0,11302.52,39.473400000000005,True,2686.335574148445,0.08704093086926762,0.009034268052639544,276.77174734663765,211.02308753973637,354.27158510808846,1.0,3.2401361805611035e-05,24.24180435322783,18.3676459743656,30.836128548338987,0.0035864955098542073,0.006493506493506494,3767.5066666666667,0.08544025974025975
SMS,(unknown),Reactivation,Premium,AR,214.0,207.0,207.0,98.0,26.0,2.0,3703.3099999999995,17.4114,78.0,38.0,3.0,6815.42,6.642199999999999,True,2389.8943335245744,0.08136168224299066,0.009116150717801294,262.9339070077541,192.1710771350795,355.58167192208003,1.0,3.4044050024169846e-05,21.72863502228801,15.635362114157587,28.93072300235563,0.0037344764339724366,0.038461538461538464,2271.806666666667,0.08515641025641024
SMS,(unknown),Reactivation,Premium,CO,365.0,342.0,342.0,178.0,34.0,3.0,10054.189999999999,31.706199999999995,130.0,51.0,1.0,4273.53,11.4062,True,2885.0175418340023,0.08686630136986301,0.009005282755830027,294.81420827197894,215.79957124841232,385.9395563864309,1.0,3.010945344708102e-05,25.840362655734896,18.74571059155181,33.525141815614944,0.003343532264724074,0.007692307692307693,4273.53,0.08774
SMS,(unknown),Reactivation,Premium,MX,580.0,546.0,546.0,283.0,72.0,7.0,20691.39,50.8227,163.0,78.0,2.0,9450.33,13.9779,True,2809.778361222668,0.0876253448275862,0.009576787487376155,302.80134028455643,226.6961784046118,399.0481498422316,1.0,3.1185856520532194e-05,26.847421068840486,19.86433080380011,34.96673173273584,0.0032564006000593087,0.012269938650306749,4725.165,0.08575398773006135
SMS,(unknown),Reactivation,Student,AR,121.0,108.0,108.0,59.0,13.0,0.0,0.0,9.9951,29.0,19.0,1.0,4899.27,2.8936,True,2605.190066934404,0.08260413223140496,0.008750638263593465,271.8788923078786,194.68197015417627,367.067011176953,1.0,3.170752617240224e-05,22.780570158390823,16.08153520568601,30.321251929047623,0.003623452966204718,0.034482758620689655,4899.27,0.0997793103448276
SMS,(unknown),Reactivation,Student,CO,163.0,152.0,152.0,72.0,18.0,1.0,2302.69,13.851100000000002,43.0,22.0,0.0,0.0,3.9907,True,2554.7733891120033,0.08497607361963191,0.008948639999465527,264.3460156675462,190.35101965375387,356.8465449554213,1.0,3.326168731120539e-05,22.708656622906,16.17528225966939,30.323418275043167,0.0037169544548883407,0.0,2554.7733891120033,0.09280697674418605
SMS,(unknown),Reactivation,Student,MX,292.0,272.0,272.0,123.0,22.0,1.0,2430.02,23.5934,82.0,31.0,0.0,0.0,7.764600000000001,True,2575.99505577867,0.08079931506849315,0.008601280103545765,267.97756530567756,195.27131042262837,358.074233636245,1.0,3.136625394029306e-05,21.982872061936373,15.777788134675479,28.93215282148419,0.003646696022300533,0.0,2575.99505577867,0.09469024390243903
SMS,(unknown),Retention,Basic,AR,2498.0,2353.0,2353.0,1174.0,234.0,24.0,59174.72,212.8592,0.0,0.0,0.0,0.0,0.0,True,2489.6782874024834,0.08521184947958366,0.009329327033077093,268.70499508189516,212.42294988917442,332.22374399363883,1.0,3.4226048365665104e-05,23.084872911821936,18.100952431965474,28.309399666729682,0.0036686513662043123,,2489.6782874024834,0.08521184947958366
SMS,(unknown),Retention,Basic,CO,3837.0,3615.0,3615.0,1822.0,339.0,35.0,90020.34000000001,326.0436,0.0,0.0,0.0,0.0,0.0,True,2576.1572583668008,0.0849735731039875,0.009112101079996986,274.66046213066,222.24626491674255,335.2867772730328,1.0,3.298462189294219e-05,23.448105034221285,18.885059238990994,28.490515479410426,0.0036198700610719186,,2576.1572583668008,0.0849735731039875
SMS,(unknown),Retention,Basic,MX,6146.0,5788.0,5788.0,2851.0,564.0,63.0,180116.17,525.0422999999998,0.0,0.0,0.0,0.0,0.0,True,2840.325299039295,0.085428294825903,0.009870512919814372,327.9827443142259,272.9085701963642,385.8880590596024,1.0,3.0076940431716772e-05,28.065746824905627,23.31411379525065,32.96575887913919,0.0030471507079778393,,2840.325299039295,0.085428294825903
SMS,(unknown),Retention,Plus,AR,1005.0,938.0,938.0,462.0,104.0,12.0,21348.510000000002,85.8544,0.0,0.0,0.0,0.0,0.0,True,2022.027078510119,0.08542726368159204,0.009807164239181428,230.32026419084013,171.63357795116858,296.38632665623686,1.0,4.2248328219490025e-05,19.815747212109468,14.662186920249558,25.31947287888082,0.004307904628608153,,2022.027078510119,0.08542726368159204
SMS,(unknown),Retention,Plus,CO,1524.0,1443.0,1443.0,737.0,146.0,20.0,56012.53999999999,126.71529999999998,0.0,0.0,0.0,0.0,0.0,True,2761.5396133868803,0.08314652230971127,0.010446001168755678,343.03722633049745,267.34246460359793,432.59777068617984,1.0,3.0108755965928918e-05,28.68486577894905,22.228596197496252,35.96900019148982,0.002882323626000078,,2761.5396133868803,0.08314652230971127
SMS,(unknown),Retention,Plus,MX,2614.0,2462.0,2462.0,1241.0,251.0,20.0,57718.8,218.4343,0.0,0.0,0.0,0.0,0.0,True,2829.7900133868807,0.0835632364192808,0.008429070360279038,284.50220155410426,221.4289234971207,358.75198208034925,1.0,2.9529836498103537e-05,23.94185293820658,18.50331748425674,29.97847669446581,0.0035033325427272833,,2829.7900133868807,0.0835632364192808
SMS,(unknown),Retention,Premium,AR,415.0,395.0,395.0,184.0,32.0,3.0,3335.55,35.97,0.0,0.0,0.0,0.0,0.0,True,2045.1875418340023,0.08667469879518072,0.008874630574203091,206.13186725292738,148.8141407445602,274.67574651061346,1.0,4.237982924414649e-05,18.107279639156925,12.89842082549839,23.807437595148834,0.004775390805262003,,2045.1875418340023,0.08667469879518072
SMS,(unknown),Retention,Premium,CO,647.0,607.0,607.0,272.0,67.0,5.0,14725.28,54.5413,0.0,0.0,0.0,0.0,0.0,True,2775.1230334672023,0.08429876352395672,0.008858613773855085,289.53757459793115,209.89044486988928,378.7360285968031,1.0,3.0376586013426206e-05,24.50751940940279,17.693504978024873,31.92697891268442,0.0034290450841279814,,2775.1230334672023,0.08429876352395672
SMS,(unknown),Retention,Premium,MX,1018.0,957.0,957.0,469.0,82.0,6.0,15211.310000000001,87.26299999999998,0.0,0.0,0.0,0.0,0.0,True,2567.0236667883655,0.08572003929273082,0.00829393434523719,241.7224248375705,181.33863119256284,322.186111991716,1.0,3.3392773273483767e-05,21.114015084926795,15.54435459111651,27.61780617950207,0.004026168026355265,,2567.0236667883655,0.08572003929273082
SMS,(unknown),Retention,Student,AR,201.0,190.0,190.0,95.0,13.0,0.0,0.0,16.271,0.0,0.0,0.0,0.0,0.0,True,2605.190066934404,0.08095024875621891,0.008534057140208147,270.3477889675769,193.571296959035,363.430614135797,1.0,3.107268440167024e-05,22.07284057570175,15.669644640897804,29.419798619918172,0.0036410213678171334,,2605.190066934404,0.08095024875621891
SMS,(unknown),Retention,Student,CO,301.0,279.0,279.0,142.0,17.0,1.0,1831.98,24.6095,0.0,0.0,0.0,0.0,0.0,True,2476.3217224453365,0.08175913621262458,0.008578049313660125,256.6701081678872,187.10334056608383,347.20385386955405,1.0,3.301636272523122e-05,21.32445214435413,15.297407507179534,28.38708718206907,0.0038489359897540196,,2476.3217224453365,0.08175913621262458
SMS,(unknown),Retention,Student,MX,517.0,476.0,476.0,259.0,57.0,6.0,13525.779999999999,44.924099999999996,0.0,0.0,0.0,0.0,0.0,True,2413.7936667883655,0.08689381044487426,0.009464997473391308,258.9295908181807,194.59605296166524,341.50170410630824,1.0,3.5998855925614154e-05,22.82005440753673,16.909192539371652,29.674384343215088,0.003803366670389164,,2413.7936667883655,0.08689381044487426
SMS,Cuenta Ahorro,Acquisition,Basic,AR,1368.0,1288.0,1288.0,668.0,136.0,13.0,34010.71,114.90530000000001,926.0,401.0,8.0,19740.62,77.37499999999999,True,2592.0087553731923,0.0839951023391813,0.009225250833504502,278.92984274532546,213.3146906519802,358.7739181893496,1.0,3.240540841733686e-05,23.69588481653057,17.917389271763877,30.13525197494348,0.003512685888132827,0.008639308855291577,2467.5775,0.0835583153347732
SMS,Cuenta Ahorro,Acquisition,Basic,CO,2087.0,1965.0,1965.0,957.0,180.0,20.0,33893.43,178.7502,1362.0,631.0,13.0,15893.22,117.88610000000004,True,1861.5551038686986,0.08564935313847628,0.009296963318040731,200.08792096114365,158.2202197554364,251.8430267458279,1.0,4.600957176098581e-05,17.29766359402133,13.551459475480694,21.57019233321614,0.0049488817140651035,0.009544787077826725,1222.5553846153846,0.08655367107195304
SMS,Cuenta Ahorro,Acquisition,Basic,MX,3248.0,3052.0,3052.0,1514.0,285.0,32.0,78299.92000000001,279.81680000000006,2309.0,1074.0,26.0,62207.810000000005,196.9859,True,2457.9829080193913,0.08615049261083746,0.009489059447834732,266.20954663099883,216.26559518078818,329.52317163728685,1.0,3.5049264309269074e-05,23.11161120428112,18.631387559600856,28.388583563237805,0.0036936499873300734,0.01126028583802512,2392.608076923077,0.08531221307925509
SMS,Cuenta Ahorro,Acquisition,Plus,AR,539.0,515.0,515.0,263.0,48.0,2.0,5118.79,46.1358,370.0,171.0,4.0,6851.47,31.3737,True,2537.7482281024954,0.08559517625231912,0.008286314371278835,240.82921903293544,174.30149470156962,320.1158239844691,1.0,3.37287896823081e-05,20.854359668129344,14.919367160023517,27.400370375106995,0.0040704211994678045,0.010810810810810811,1712.8675,0.08479378378378379
SMS,Cuenta Ahorro,Acquisition,Plus,CO,828.0,789.0,789.0,414.0,90.0,10.0,22848.18,68.19560000000001,587.0,289.0,4.0,13578.58,50.06100000000001,True,2366.2418397811643,0.08236183574879229,0.00973872353061796,275.92729653061957,205.92278143187286,352.0218625270151,1.0,3.4807023679544654e-05,22.873726648352946,16.960178301226367,28.993166821433956,0.0035740847935680138,0.0068143100511073255,3394.645,0.08528279386712097
SMS,Cuenta Ahorro,Acquisition,Plus,MX,1394.0,1305.0,1305.0,653.0,134.0,14.0,38531.27,119.90299999999999,965.0,470.0,13.0,34924.82,79.61890000000001,True,2693.511452458814,0.08601362984218076,0.009397023760375442,290.55371953294735,223.8573681348617,374.6125844315778,1.0,3.193364177592855e-05,25.217670649731588,19.254784800196788,32.221788171520416,0.003398271898660464,0.013471502590673576,2686.5246153846156,0.08250663212435234
SMS,Cuenta Ahorro,Acquisition,Premium,AR,218.0,202.0,202.0,93.0,27.0,2.0,5650.41,18.222,156.0,84.0,2.0,777.94,13.3608,True,2613.69394238821,0.08358715596330275,0.009104928357438898,280.693127066928,205.90875632878328,369.9871583123141,1.0,3.198046818248608e-05,23.695399896974024,17.21132732946371,30.926174306270582,0.0035124349063501894,0.01282051282051282,388.97,0.08564615384615384
SMS,Cuenta Ahorro,Acquisition,Premium,CO,339.0,315.0,315.0,159.0,24.0,2.0,4711.83,28.017400000000002,215.0,110.0,2.0,3824.19,17.4486,True,2479.6110852453526,0.082647197640118,0.008778042761065172,256.1803869591756,186.9798029489677,344.18816048575405,1.0,3.3330709856840403e-05,21.450331093372082,15.453356729033652,28.446186925054768,0.003797054851985693,0.009302325581395349,1912.095,0.08115627906976744
SMS,Cuenta Ahorro,Acquisition,Premium,MX,572.0,531.0,531.0,240.0,38.0,2.0,3497.2599999999998,47.4362,384.0,183.0,3.0,9447.47,33.496,True,2306.1010852453524,0.08293041958041958,0.008210425654746818,225.24720218338223,162.5802587693113,300.0656839611955,1.0,3.596131154484774e-05,18.897676624387955,13.482849075232178,24.88457307258752,0.004379957027448008,0.0078125,3149.1566666666663,0.08722916666666668
SMS,Cuenta Ahorro,Acquisition,Student,AR,112.0,106.0,106.0,50.0,12.0,2.0,6932.4400000000005,9.373299999999999,71.0,33.0,0.0,0.0,6.8199,True,2796.8410852453526,0.08369017857142856,0.009411971345412039,312.2651305647988,227.07070710851175,419.6277863433451,1.0,2.992310825700233e-05,26.451686114970304,19.0035880262519,35.11872437260783,0.003179260450212553,0.0,2796.8410852453526,0.09605492957746478
SMS,Cuenta Ahorro,Acquisition,Student,CO,172.0,163.0,163.0,79.0,12.0,1.0,4775.62,15.957699999999999,124.0,62.0,2.0,4171.4400000000005,9.7877,True,2903.511266119578,0.09277732558139534,0.008923497728551106,274.22646813580775,202.18776696608234,370.589967418017,1.0,3.1953492539875134e-05,25.895687559059734,18.75844028438751,34.382346064340055,0.0035808259845955463,0.016129032258064516,2085.7200000000003,0.07893306451612903
SMS,Cuenta Ahorro,Acquisition,Student,MX,283.0,267.0,267.0,137.0,26.0,1.0,393.97,24.4451,199.0,91.0,0.0,0.0,17.3479,True,2173.236266119578,0.08637844522968198,0.008624637060829865,212.16044264367895,154.75393589625577,285.90030967599347,1.0,3.974645857715002e-05,18.532769335566858,13.367404375892447,24.69562424049692,0.0046084789767751235,0.0,2173.236266119578,0.0871753768844221
SMS,Cuenta Ahorro,Cross-sell,Basic,AR,2302.0,2166.0,2166.0,1033.0,209.0,23.0,51521.2,193.6762,0.0,0.0,0.0,0.0,0.0,True,2291.6659855970524,0.08413388357949608,0.009484681324475816,254.18244567219472,200.41143248883503,317.3240012632348,1.0,3.671297829102111e-05,21.591391302211086,16.861392129015684,26.69770057926086,0.0038707656098345617,,2291.6659855970524,0.08413388357949608
SMS,Cuenta Ahorro,Cross-sell,Basic,CO,3611.0,3382.0,3382.0,1739.0,375.0,33.0,64568.520000000004,306.7491,0.0,0.0,0.0,0.0,0.0,True,2031.9465157030913,0.08494851841595126,0.009121033981755462,215.99155545136296,172.19040084674393,265.77510511191986,1.0,4.180647362490124e-05,18.39003816799634,14.627319437379656,22.577201411101303,0.004583523502765751,,2031.9465157030913,0.08494851841595126
SMS,Cuenta Ahorro,Cross-sell,Basic,MX,5929.0,5574.0,5574.0,2771.0,522.0,62.0,165690.03000000003,503.10600000000005,0.0,0.0,0.0,0.0,0.0,True,2661.7235462196645,0.08485511890706697,0.009997953264276889,310.1097200251263,260.38696078916075,368.05241215870785,1.0,3.18797641579206e-05,26.414310985423864,22.095166519614025,31.23113119775998,0.003188629043889248,,2661.7235462196645,0.08485511890706697
SMS,Cuenta Ahorro,Cross-sell,Plus,AR,1023.0,949.0,949.0,447.0,104.0,9.0,22007.659999999996,85.611,0.0,0.0,0.0,0.0,0.0,True,2475.2219711941043,0.08368621700879766,0.00902366430011109,264.5782049560912,196.27545507201967,343.591062211384,1.0,3.380958070941229e-05,22.212443188735232,16.425550326657554,28.75383619450518,0.003746768450705338,,2475.2219711941043,0.08368621700879766
SMS,Cuenta Ahorro,Cross-sell,Plus,CO,1535.0,1444.0,1444.0,711.0,143.0,13.0,45286.520000000004,134.6684,0.0,0.0,0.0,0.0,0.0,True,3218.4426442620816,0.08773185667752442,0.008887860981227963,323.4932903739471,245.7318668238661,413.86481214027043,1.0,2.7259102110747545e-05,28.516493842867504,21.55851292129194,36.30912838256077,0.003067003654571269,,3218.4426442620816,0.08773185667752442
SMS,Cuenta Ahorro,Cross-sell,Plus,MX,2452.0,2291.0,2291.0,1157.0,218.0,26.0,53983.18,210.25490000000002,0.0,0.0,0.0,0.0,0.0,True,2149.3105676360474,0.08574832789559544,0.009772337161684396,241.87150085692377,192.82926408309885,299.9590088487817,1.0,3.989573642207839e-05,20.882553947846493,16.534786964463922,25.72098344600315,0.004082517391899096,,2149.3105676360474,0.08574832789559544
SMS,Cuenta Ahorro,Cross-sell,Premium,AR,380.0,355.0,355.0,165.0,35.0,6.0,14690.65,30.3368,0.0,0.0,0.0,0.0,0.0,True,2485.0997815197697,0.07983368421052632,0.009845119965361363,302.29943144996435,224.69509501023015,397.35452944966863,1.0,3.2124941140875965e-05,24.415828633130513,17.938237258700923,31.722276023707128,0.003263031964455785,,2485.0997815197697,0.07983368421052632
SMS,Cuenta Ahorro,Cross-sell,Premium,CO,625.0,589.0,589.0,292.0,57.0,2.0,4326.57,53.630100000000006,0.0,0.0,0.0,0.0,0.0,True,2424.573942388209,0.08580816000000001,0.008091410580782004,224.91172111695835,162.94628280067235,299.396817215623,1.0,3.539102623344984e-05,19.48016809017399,13.982120705965341,25.690689995128935,0.004373900679012315,,2424.573942388209,0.08580816000000001
SMS,Cuenta Ahorro,Cross-sell,Premium,MX,1062.0,998.0,998.0,507.0,103.0,11.0,35279.03,89.3652,0.0,0.0,0.0,0.0,0.0,True,2995.2798497948415,0.08414802259887005,0.009426294139554545,333.3643499229706,254.638977754311,427.90731991991504,1.0,2.8093542780195874e-05,28.18124956260345,21.427366454622927,36.00755482684293,0.0029803380166453708,,2995.2798497948415,0.08414802259887005
SMS,Cuenta Ahorro,Cross-sell,Student,AR,198.0,188.0,188.0,104.0,19.0,3.0,6598.110000000001,16.274,0.0,0.0,0.0,0.0,0.0,True,2405.4446995896833,0.08219191919191919,0.009470984624620158,274.35230961421735,200.91858736095494,369.5207694516765,1.0,3.4169116091481694e-05,22.793383524969236,16.513884296526168,30.371621222507994,0.003607768088088526,,2405.4446995896833,0.08219191919191919
SMS,Cuenta Ahorro,Cross-sell,Student,CO,281.0,263.0,263.0,135.0,27.0,2.0,1190.1399999999999,25.3534,0.0,0.0,0.0,0.0,0.0,True,1976.512513816781,0.09022562277580072,0.008931751480925475,195.4170605618075,142.13093108192348,258.6825582135576,1.0,4.564890034597801e-05,17.782650712892586,12.823851772570958,23.33979491605556,0.005110856526120904,,1976.512513816781,0.09022562277580072
SMS,Cuenta Ahorro,Cross-sell,Student,MX,454.0,429.0,429.0,208.0,47.0,4.0,4488.860000000001,38.4252,0.0,0.0,0.0,0.0,0.0,True,1903.8119551908296,0.08463700440528633,0.009062245116063046,202.39551652541275,145.8411204601097,268.721642010792,1.0,4.4456598864462275e-05,17.25012499872583,12.3435555548542,22.743794798663178,0.0049056937100125314,,1903.8119551908296,0.08463700440528633
SMS,Cuenta Ahorro,Retention,Basic,AR,2730.0,2554.0,2554.0,1255.0,250.0,27.0,72721.18,228.2159,448.0,224.0,6.0,19778.32,38.564899999999994,True,2667.7071123974206,0.08359556776556777,0.00947436354855912,298.01764177681446,239.28115809108854,365.8313595279528,1.0,3.133611159076677e-05,25.059970555599488,20.002844266227125,30.58188020618877,0.0033074634966411475,0.013392857142857142,3296.3866666666668,0.08608236607142856
SMS,Cuenta Ahorro,Retention,Basic,CO,4215.0,3974.0,3974.0,1988.0,387.0,37.0,87519.70000000001,359.23119999999994,742.0,362.0,14.0,34907.520000000004,63.775499999999994,True,2384.8844665885113,0.08522685646500591,0.008912774805166408,248.21476058259697,200.38441624232308,301.4098622851436,1.0,3.5736262137226196e-05,21.236923547115044,17.07813388090847,25.688215070113134,0.004009555151837921,0.018867924528301886,2493.394285714286,0.08595080862533692
SMS,Cuenta Ahorro,Retention,Basic,MX,6963.0,6541.0,6541.0,3250.0,623.0,59.0,142324.25,592.9101999999999,1196.0,535.0,4.0,10386.82,101.22909999999999,True,2421.4015249487106,0.08515154387476662,0.00866340167348042,244.36518119843313,204.74081155030774,288.3465753012272,1.0,3.516622212277258e-05,20.89929007743331,17.433996197681353,24.553156057901145,0.004059170225296153,0.0033444816053511705,2596.705,0.08463971571906354
SMS,Cuenta Ahorro,Retention,Plus,AR,1152.0,1095.0,1095.0,533.0,111.0,12.0,30891.47,99.57029999999999,179.0,83.0,2.0,2975.98,14.532200000000001,True,2560.995152748086,0.08643255208333332,0.009462541650921186,278.53937821152584,211.9820218957141,358.67600973714553,1.0,3.3749596125001065e-05,24.213491262644624,18.322147148231615,31.001282892648,0.0035666523192228712,0.0111731843575419,1487.99,0.0811854748603352
SMS,Cuenta Ahorro,Retention,Plus,CO,1778.0,1681.0,1681.0,883.0,173.0,14.0,35739.54,148.6935,304.0,153.0,2.0,8463.0,26.147199999999998,True,2546.578294564077,0.08362964004499437,0.008646712625334639,261.42061592820806,202.49886084719626,332.22946549064545,1.0,3.284000347584447e-05,22.014535779428503,16.934906842172428,27.78423061132356,0.003797975588968243,0.006578947368421052,4231.5,0.08601052631578947
SMS,Cuenta Ahorro,Retention,Plus,MX,2819.0,2653.0,2653.0,1336.0,294.0,32.0,97020.93,235.6121,515.0,251.0,2.0,3534.1,45.82169999999999,True,2963.956151262634,0.08358002837885775,0.010184890377621993,357.4005149913779,283.7171008667201,437.46506924253947,1.0,2.8198807308013978e-05,30.059903352032308,23.713083342007717,36.56334290205042,0.002768690311087859,0.003883495145631068,1767.05,0.08897417475728155
SMS,Cuenta Ahorro,Retention,Premium,AR,458.0,433.0,433.0,205.0,34.0,2.0,5029.35,38.3261,80.0,36.0,1.0,3101.11,6.7784,True,2524.9710852453527,0.08368144104803493,0.008478672468633151,251.14557342678296,182.81045511828125,332.8923803723737,1.0,3.314154428818086e-05,21.23656704584652,15.29784232294489,27.856914103470807,0.003908812896215533,0.0125,3101.11,0.08473
SMS,Cuenta Ahorro,Retention,Premium,CO,690.0,645.0,645.0,320.0,64.0,5.0,10657.23,58.8575,119.0,49.0,0.0,0.0,10.4222,True,2330.2677596717467,0.08530072463768117,0.008756251069433707,235.29960513307458,174.38039947000232,309.64281784249033,1.0,3.660554641570334e-05,20.33597168398125,14.87477443739951,26.412756740817937,0.0041805044333968295,0.0,2330.2677596717467,0.08758151260504202
SMS,Cuenta Ahorro,Retention,Premium,MX,1172.0,1111.0,1111.0,566.0,118.0,11.0,38854.22,99.08060000000002,191.0,94.0,6.0,19362.949999999997,16.9339,True,3218.7292247948417,0.08453976109215018,0.009179607719396087,343.787835754308,259.6590829642926,448.37749206822014,1.0,2.626494967048328e-05,29.389666321678167,21.9515168392081,37.90572605854479,0.0028612278948463837,0.031413612565445025,3227.158333333333,0.08865916230366493
SMS,Cuenta Ahorro,Retention,Student,AR,232.0,218.0,218.0,105.0,17.0,3.0,6293.23,19.502599999999997,35.0,13.0,0.0,0.0,2.8223000000000003,True,2367.3346995896836,0.08406293103448274,0.009372306799382139,259.9595745296232,190.48382495895743,342.28685290443667,1.0,3.5509525141946714e-05,22.069592066111568,16.012628640709323,28.7736361097158,0.003788771100012181,0.0,2367.3346995896836,0.08063714285714287
SMS,Cuenta Ahorro,Retention,Student,CO,362.0,340.0,340.0,181.0,45.0,6.0,18794.280000000002,30.811,64.0,28.0,0.0,0.0,5.4719,True,2858.157054247043,0.08511325966850829,0.009897344392610842,328.39667346187605,243.86151106373808,433.7138034457548,1.0,2.977907023759779e-05,28.244872672362362,20.755848114322745,36.914795574494896,0.0030087939811238905,0.0,2858.157054247043,0.0854984375
SMS,Cuenta Ahorro,Retention,Student,MX,604.0,569.0,569.0,278.0,55.0,6.0,13696.44,51.6221,101.0,46.0,2.0,5404.67,8.7326,True,2394.7170542470426,0.08546705298013245,0.009238479972084135,255.35556971676726,187.52674254296292,334.4673823186754,1.0,3.568983351438376e-05,22.005515888979637,16.02735804011107,28.585941484756447,0.0038631716063927766,0.019801980198019802,2702.335,0.08646138613861386
SMS,Cuenta Ahorro,Up-sell,Basic,AR,103.0,98.0,98.0,45.0,7.0,1.0,2751.15,8.7172,0.0,0.0,0.0,0.0,0.0,True,2566.099599452911,0.08463300970873787,0.00911994512215848,273.5506746895721,194.97148339313466,365.98977495866416,1.0,3.2981186594153053e-05,23.32130564001052,16.50102344693819,30.97481617737541,0.0036163799400524424,,2566.099599452911,0.08463300970873787
SMS,Cuenta Ahorro,Up-sell,Basic,CO,181.0,171.0,171.0,81.0,12.0,1.0,2425.81,15.756100000000002,0.0,0.0,0.0,0.0,0.0,True,2511.876266119578,0.08705027624309393,0.008898496342219725,254.44114733058646,187.24738795883187,336.8811547683603,1.0,3.4655479418805855e-05,22.364394350845583,16.299936847614095,29.32559758367825,0.0038945320744112446,,2511.876266119578,0.08705027624309393
SMS,Cuenta Ahorro,Up-sell,Basic,MX,273.0,256.0,256.0,132.0,31.0,5.0,14211.06,22.6022,0.0,0.0,0.0,0.0,0.0,True,2685.6507596717465,0.08279194139194139,0.009861289242572248,318.4324655479267,234.9895171363048,417.02441750229104,1.0,3.082751586139243e-05,26.547898270138962,19.455238330469555,34.52626113285818,0.0031261141523267286,,2685.6507596717465,0.08279194139194139
SMS,Cuenta Ahorro,Up-sell,Plus,AR,55.0,52.0,52.0,19.0,4.0,1.0,372.29,4.3725,0.0,0.0,0.0,0.0,0.0,True,2169.6229327862447,0.07949999999999999,0.009261784882910278,250.19612290745027,181.72971084170646,334.9640173806873,1.0,3.6642311803879e-05,20.1043988224478,14.447512011915661,26.629639381764637,0.00395629052791875,,2169.6229327862447,0.07949999999999999
SMS,Cuenta Ahorro,Up-sell,Plus,CO,74.0,68.0,68.0,30.0,8.0,1.0,1737.61,5.8696,0.0,0.0,0.0,0.0,0.0,True,2397.176266119578,0.07931891891891892,0.009205115644315004,272.2021741657678,196.73963968991475,365.2209775532722,1.0,3.3088479992051726e-05,21.902376315320648,15.60517552870167,28.968933106036303,0.0035945751547930707,,2397.176266119578,0.07931891891891892
SMS,Cuenta Ahorro,Up-sell,Plus,MX,99.0,92.0,92.0,36.0,3.0,1.0,2361.4,8.771799999999999,0.0,0.0,0.0,0.0,0.0,True,2501.1412661195777,0.0886040404040404,0.00913159895767554,254.8131339548853,181.46022473052196,342.8190019006951,1.0,3.5425444217913397e-05,22.8124143463821,16.078109083749418,30.375148695681993,0.0038794349578982154,,2501.1412661195777,0.0886040404040404
SMS,Cuenta Ahorro,Up-sell,Premium,AR,14.0,14.0,14.0,6.0,1.0,1.0,2348.33,1.065,0.0,0.0,0.0,0.0,0.0,True,2498.9629327862444,0.07607142857142857,0.00938648049354854,303.9684263813101,220.9994708007557,406.154684427089,1.0,3.0441199256449934e-05,23.43351922069244,16.8117454573432,30.896767065346413,0.0032430898117108533,,2498.9629327862444,0.07607142857142857
SMS,Cuenta Ahorro,Up-sell,Premium,CO,22.0,21.0,21.0,11.0,2.0,0.0,0.0,2.2438000000000002,0.0,0.0,0.0,0.0,0.0,True,2529.0895193434935,0.1019909090909091,0.009034370148628451,222.15019853017645,159.2029116592747,299.59220601000754,1.0,4.032712496368421e-05,22.806612161929696,16.23724969004912,30.555681447511592,0.004463745042570174,,2529.0895193434935,0.1019909090909091
SMS,Cuenta Ahorro,Up-sell,Premium,MX,34.0,33.0,33.0,15.0,4.0,0.0,0.0,2.5870999999999995,0.0,0.0,0.0,0.0,0.0,True,2529.0895193434935,0.07609117647058822,0.008999002285132241,291.69041658948396,212.2683752186782,394.34788313999786,1.0,3.008639112558583e-05,22.560257638895376,16.151750397889476,30.00639436680848,0.003343302976519214,,2529.0895193434935,0.07609117647058822
SMS,Cuenta Ahorro,Up-sell,Student,AR,8.0,7.0,7.0,2.0,0.0,0.0,0.0,0.7304,0.0,0.0,0.0,0.0,0.0,True,2529.0895193434935,0.0913,0.009075985642544667,245.63516539667887,175.56683918845903,330.93910954361206,1.0,3.609994794636603e-05,22.717957623443144,16.02925241790631,30.214740701331785,0.003977523694742708,,2529.0895193434935,0.0913
SMS,Cuenta Ahorro,Up-sell,Student,CO,16.0,15.0,15.0,6.0,0.0,0.0,0.0,1.0617,0.0,0.0,0.0,0.0,0.0,True,2529.0895193434935,0.06635625,0.009052158537683302,338.2898995283608,239.71523667421184,459.3036276252114,1.0,2.623720888188446e-05,22.70210278186285,15.90660417356317,30.477666340605435,0.0028984477870843046,,2529.0895193434935,0.06635625
SMS,Cuenta Ahorro,Up-sell,Student,MX,22.0,21.0,21.0,13.0,2.0,0.0,0.0,1.5352000000000001,0.0,0.0,0.0,0.0,0.0,True,2529.0895193434935,0.06978181818181818,0.009034370148628451,324.8938094917004,234.15404252137338,434.13999917574125,1.0,2.759167583752919e-05,22.84613337463502,16.3396948217642,30.295078487936273,0.0030540785227532443,,2529.0895193434935,0.06978181818181818
SMS,Cuenta Corriente,Cross-sell,Basic,AR,0.0,0.0,0.0,0.0,0.0,0.0,0.0,0.0,3011.0,1405.0,25.0,61454.17,255.1,True,2534.317981651376,0.08472268349385587,0.00909993851392896,270.1402928436289,194.1383932974098,363.1985367434022,1.0,3.343017099955629e-05,23.044259504291876,16.44792564934216,30.771154673942842,0.0036736699867131947,0.008302889405513119,2458.1668,0.08472268349385587
SMS,Cuenta Corriente,Cross-sell,Basic,CO,0.0,0.0,0.0,0.0,0.0,0.0,0.0,0.0,4423.0,2114.0,38.0,104882.73,372.75780000000003,True,2534.317981651376,0.0842771422111689,0.00909993851392896,270.06961770311227,192.8063881620892,362.64478920409965,1.0,3.325436777126658e-05,22.924101683998792,16.249171394358225,30.56266647189328,0.003654350820103375,0.008591453764413294,2760.071842105263,0.0842771422111689
SMS,Cuenta Corriente,Cross-sell,Basic,MX,0.0,0.0,0.0,0.0,0.0,0.0,0.0,0.0,7356.0,3503.0,74.0,185090.33,629.4996,True,2534.317981651376,0.0855763458401305,0.00909993851392896,267.33657392464113,190.169102527453,360.64006518395576,1.0,3.3767012055988515e-05,23.14308789713173,16.273976885996554,30.86225894198941,0.0037106857375247674,0.010059815116911366,2501.2206756756755,0.0855763458401305
SMS,Cuenta Corriente,Cross-sell,Plus,AR,0.0,0.0,0.0,0.0,0.0,0.0,0.0,0.0,1186.0,534.0,8.0,24741.289999999997,101.7587,True,2534.317981651376,0.08579991568296796,0.00909993851392896,263.2507414854583,191.8178225251517,353.76007566872715,1.0,3.385522902183736e-05,22.92332628931277,16.457952999148528,30.352584664377158,0.003720379975097232,0.006745362563237774,3092.6612499999997,0.08579991568296796
SMS,Cuenta Corriente,Cross-sell,Plus,CO,0.0,0.0,0.0,0.0,0.0,0.0,0.0,0.0,1871.0,855.0,18.0,39642.119999999995,159.59730000000002,True,2534.317981651376,0.08530053447354356,0.00909993851392896,265.15486635738966,189.021345822786,356.1604237578714,1.0,3.365818144807592e-05,22.9011840527225,16.12362182559216,30.380674504870193,0.0036987262492550375,0.009620523784072688,2202.3399999999997,0.08530053447354356
SMS,Cuenta Corriente,Cross-sell,Plus,MX,0.0,0.0,0.0,0.0,0.0,0.0,0.0,0.0,3084.0,1389.0,34.0,90704.19,258.4626,True,2534.317981651376,0.08380758754863814,0.00909993851392896,270.6782816322523,195.6215715108558,370.2045435318692,1.0,3.306908926007329e-05,23.061596079868803,16.394571980798222,31.025949692950746,0.003633990406578636,0.011024643320363165,2667.770294117647,0.08380758754863814
SMS,Cuenta Corriente,Cross-sell,Premium,AR,0.0,0.0,0.0,0.0,0.0,0.0,0.0,0.0,491.0,222.0,4.0,8968.33,41.1429,True,2534.317981651376,0.08379409368635438,0.00909993851392896,272.0586704830443,197.58658049967968,366.76517561255304,1.0,3.3063764804980657e-05,23.168648645912786,16.556588437556563,30.732755486170483,0.0036334052976699895,0.008146639511201629,2242.0825,0.08379409368635438
SMS,Cuenta Corriente,Cross-sell,Premium,CO,0.0,0.0,0.0,0.0,0.0,0.0,0.0,0.0,780.0,379.0,7.0,14047.560000000001,65.7073,True,2534.317981651376,0.0842401282051282,0.00909993851392896,269.87709948357036,195.91743349602277,357.7335765511042,1.0,3.3239762656080295e-05,22.96978413225631,16.50410971532464,30.13552235194406,0.0036527458515462877,0.008974358974358974,2006.794285714286,0.0842401282051282
SMS,Cuenta Corriente,Cross-sell,Premium,MX,0.0,0.0,0.0,0.0,0.0,0.0,0.0,0.0,1316.0,664.0,13.0,33820.87,108.96839999999999,True,2534.317981651376,0.08280273556231002,0.00909993851392896,271.6836062007428,198.2352183823265,368.9087766330126,1.0,3.2672591269843445e-05,22.97728844057019,16.41441836684856,30.54665587815864,0.003590418904461019,0.009878419452887538,2601.605384615385,0.08280273556231002
SMS,Cuenta Corriente,Cross-sell,Student,AR,0.0,0.0,0.0,0.0,0.0,0.0,0.0,0.0,242.0,100.0,5.0,11325.89,21.1003,True,2534.317981651376,0.0871913223140496,0.00909993851392896,259.5505378737131,187.38089387872557,344.3490475896434,1.0,3.440425508768842e-05,22.86236509029026,16.337987913674684,30.0242487969246,0.0037807129174584004,0.02066115702479339,2265.178,0.0871913223140496
SMS,Cuenta Corriente,Cross-sell,Student,CO,0.0,0.0,0.0,0.0,0.0,0.0,0.0,0.0,403.0,197.0,7.0,21675.61,32.403800000000004,True,2534.317981651376,0.08040645161290323,0.00909993851392896,283.44813195465656,201.85344958521236,377.9689566420262,1.0,3.172705721817509e-05,22.9372532398802,16.23031962697098,30.391142623416602,0.0034865133615586074,0.017369727047146403,3096.5157142857142,0.08040645161290323
SMS,Cuenta Corriente,Cross-sell,Student,MX,0.0,0.0,0.0,0.0,0.0,0.0,0.0,0.0,605.0,282.0,4.0,5758.12,51.23199999999999,True,2534.317981651376,0.08468099173553718,0.00909993851392896,268.36709725102594,190.35855955981046,362.1975356200156,1.0,3.3413720120613504e-05,22.93986991669964,16.119751608873074,30.671246520470476,0.003671862185603593,0.006611570247933884,1439.53,0.08468099173553718
SMS,Cuenta Corriente,Retention,Basic,AR,2320.0,2183.0,2183.0,1086.0,205.0,14.0,43069.899999999994,196.6673,0.0,0.0,0.0,0.0,0.0,True,2933.762626750362,0.08477038793103449,0.007770937610266454,266.18322313103664,205.3940805323248,340.4329170193201,1.0,2.8894767135585207e-05,22.741557964685597,17.411335885463313,28.858630440221432,0.0037183115583647635,,2933.762626750362,0.08477038793103449
SMS,Cuenta Corriente,Retention,Basic,CO,3587.0,3353.0,3353.0,1621.0,309.0,38.0,94181.96,304.7478,0.0,0.0,0.0,0.0,0.0,True,2484.9662769362067,0.08495896292166155,0.009909592940716815,287.6610806236359,233.73202369026194,354.0130288529933,1.0,3.4189181442900764e-05,24.58529700199803,19.85763033430588,30.076579792106557,0.003450109570335961,,2484.9662769362067,0.08495896292166155
SMS,Cuenta Corriente,Retention,Basic,MX,5878.0,5578.0,5578.0,2852.0,562.0,46.0,107168.99,498.1734000000001,0.0,0.0,0.0,0.0,0.0,True,2349.8152923187627,0.08475219462402178,0.008259305185365334,227.4938680679681,185.77896278600846,274.09166904386603,1.0,3.606759854745416e-05,19.329953789497644,15.74517481108869,23.2298704796287,0.004366904689678056,,2349.8152923187627,0.08475219462402178
SMS,Cuenta Corriente,Retention,Plus,AR,974.0,919.0,919.0,483.0,89.0,8.0,25897.739999999998,85.0178,0.0,0.0,0.0,0.0,0.0,True,2966.871531404375,0.08728726899383983,0.00888438806900169,299.7502151212401,221.1436805371505,387.1069628096638,1.0,2.9420643283641676e-05,26.252115063064316,19.303027929334036,33.78950959215547,0.0033114991212836093,,2966.871531404375,0.08728726899383983
SMS,Cuenta Corriente,Retention,Plus,CO,1499.0,1413.0,1413.0,683.0,148.0,17.0,40749.5,128.63950000000003,0.0,0.0,0.0,0.0,0.0,True,2428.231359466222,0.08581687791861242,0.009841436034706271,274.55103981217314,210.82684552971972,349.49185491040083,1.0,3.534131028497912e-05,23.738278364942826,18.092501664790117,29.992299846395273,0.0035910724979917956,,2428.231359466222,0.08581687791861242
SMS,Cuenta Corriente,Retention,Plus,MX,2424.0,2296.0,2296.0,1124.0,201.0,19.0,40262.57,207.207,0.0,0.0,0.0,0.0,0.0,True,2205.58999617737,0.08548143564356435,0.008539334774311503,216.72796576635454,172.01185371626607,274.377203662096,1.0,3.875672078297279e-05,18.719221949332546,14.703820203377203,23.454157276902606,0.004538611239316075,,2205.58999617737,0.08548143564356435
SMS,Cuenta Corriente,Retention,Premium,AR,390.0,368.0,368.0,201.0,45.0,5.0,13063.609999999999,32.1056,0.0,0.0,0.0,0.0,0.0,True,2573.519990825688,0.08232205128205129,0.009524055667125853,293.7597270974169,216.84956392285207,383.99281248336996,1.0,3.198811416873396e-05,24.383765819284694,17.85150092174749,31.611076001195084,0.0033586651828534783,,2573.519990825688,0.08232205128205129
SMS,Cuenta Corriente,Retention,Premium,CO,641.0,614.0,614.0,300.0,69.0,6.0,19858.059999999998,53.406400000000005,0.0,0.0,0.0,0.0,0.0,True,2957.2409007506253,0.08331731669266772,0.00914539783751027,321.4883713992351,235.29567582024632,422.8494442921621,1.0,2.8174003907331186e-05,26.937270640409057,19.60420433873074,35.230681063408625,0.003080675593113534,,2957.2409007506253,0.08331731669266772
SMS,Cuenta Corriente,Retention,Premium,MX,1027.0,961.0,961.0,471.0,91.0,8.0,24517.3,88.99629999999999,0.0,0.0,0.0,0.0,0.0,True,2860.683839096683,0.08665657254138266,0.008768360479547306,284.8836532225136,212.71103691627593,373.67978055126594,1.0,3.0292257871022256e-05,24.970127652542345,18.43280940088799,32.38180901058873,0.003454723142562472,,2860.683839096683,0.08665657254138266
SMS,Cuenta Corriente,Retention,Student,AR,246.0,228.0,228.0,102.0,21.0,1.0,1283.44,21.615299999999998,0.0,0.0,0.0,0.0,0.0,True,2325.8383180428136,0.0878670731707317,0.008722007889361385,228.00033411787743,164.5828314778003,302.7368296295947,1.0,3.777866779865919e-05,20.22080772484913,14.461411696106083,26.600599160538934,0.00433141866848567,,2325.8383180428136,0.0878670731707317
SMS,Cuenta Corriente,Retention,Student,CO,322.0,303.0,303.0,156.0,27.0,1.0,4936.62,27.6169,0.0,0.0,0.0,0.0,0.0,True,2934.701651376147,0.08576677018633541,0.008524329081786967,285.42016582371144,206.9207568256095,386.0169642968818,1.0,2.9225038990289684e-05,24.81850744565693,17.746924997444644,33.1074282648775,0.0034284268837921493,,2934.701651376147,0.08576677018633541
SMS,Cuenta Corriente,Retention,Student,MX,500.0,473.0,473.0,240.0,48.0,9.0,16964.120000000003,42.66760000000001,0.0,0.0,0.0,0.0,0.0,True,2116.836422018349,0.08533520000000001,0.01036011313015783,254.57505660904002,192.06937949897718,328.8280353177767,1.0,4.031260947344958e-05,21.94167555600677,16.39027891342112,28.06060615944954,0.0038911360297892274,,2116.836422018349,0.08533520000000001
SMS,Cuenta Corriente,Up-sell,Basic,AR,0.0,0.0,0.0,0.0,0.0,0.0,0.0,0.0,545.0,257.0,4.0,13540.27,46.1374,True,2534.317981651376,0.08465577981651376,0.00909993851392896,268.59555674095986,192.94035371230058,354.4521610964334,1.0,3.340377191395358e-05,22.96084667557945,16.3335161015888,30.00642410526713,0.0036707689686939736,0.007339449541284404,3385.0675,0.08465577981651376
SMS,Cuenta Corriente,Up-sell,Basic,CO,0.0,0.0,0.0,0.0,0.0,0.0,0.0,0.0,887.0,437.0,9.0,24967.61,75.19490000000002,True,2534.317981651376,0.08477440811724918,0.00909993851392896,267.4620737370882,192.5828022871039,368.35503074245906,1.0,3.3450580681280444e-05,23.02015037981509,16.326093077450455,31.22707970820309,0.0036759128240348884,0.010146561443066516,2774.178888888889,0.08477440811724918
SMS,Cuenta Corriente,Up-sell,Basic,MX,0.0,0.0,0.0,0.0,0.0,0.0,0.0,0.0,1453.0,644.0,14.0,39308.009999999995,126.6822,True,2534.317981651376,0.08718664831383345,0.00909993851392896,262.7826738902518,188.4687598020653,355.4090960837183,1.0,3.440241080443352e-05,23.09836244193345,16.43195947900702,30.98692786778859,0.0037805102475994695,0.009635237439779766,2807.7149999999997,0.08718664831383345
SMS,Cuenta Corriente,Up-sell,Plus,AR,0.0,0.0,0.0,0.0,0.0,0.0,0.0,0.0,261.0,120.0,3.0,12941.960000000001,21.896299999999997,True,2534.317981651376,0.08389386973180075,0.00909993851392896,270.32014544868673,193.79450797412193,363.9341709321789,1.0,3.310313478387389e-05,22.955688022916636,16.258171206719407,30.531845927135123,0.003637731698209178,0.011494252873563218,4313.986666666667,0.08389386973180075
SMS,Cuenta Corriente,Up-sell,Plus,CO,0.0,0.0,0.0,0.0,0.0,0.0,0.0,0.0,373.0,159.0,3.0,7200.2300000000005,31.094700000000003,True,2534.317981651376,0.0833638069705094,0.00909993851392896,273.98456853217937,197.2848828785572,366.1907713859376,1.0,3.2893980776709425e-05,23.055165316978318,16.446418894487596,30.527056780199235,0.0036147475860809114,0.00804289544235925,2400.076666666667,0.0833638069705094
SMS,Cuenta Corriente,Up-sell,Plus,MX,0.0,0.0,0.0,0.0,0.0,0.0,0.0,0.0,641.0,288.0,8.0,21034.03,53.9829,True,2534.317981651376,0.0842166926677067,0.00909993851392896,270.4241117427964,193.7733247785045,363.6739368106858,1.0,3.323051538024862e-05,23.05135881084307,16.31894854007103,30.627416167640515,0.003651729660522852,0.0124804992199688,2629.25375,0.0842166926677067
SMS,Cuenta Corriente,Up-sell,Premium,AR,0.0,0.0,0.0,0.0,0.0,0.0,0.0,0.0,111.0,50.0,1.0,1973.43,9.3398,True,2534.317981651376,0.08414234234234234,0.00909993851392896,270.31290257013364,194.51809859899035,364.947375283412,1.0,3.3201177970380304e-05,23.09311539535597,16.36720844409775,30.70752698803614,0.0036485057475454824,0.009009009009009009,1973.43,0.08414234234234234
SMS,Cuenta Corriente,Up-sell,Premium,CO,0.0,0.0,0.0,0.0,0.0,0.0,0.0,0.0,154.0,71.0,1.0,4393.75,12.589299999999998,True,2534.317981651376,0.08174870129870128,0.00909993851392896,280.10647624996625,199.9457813703588,374.0903709527031,1.0,3.225668676565731e-05,23.048527374228485,16.345307957180893,30.581401993732882,0.0035447148039828087,0.006493506493506494,4393.75,0.08174870129870128
SMS,Cuenta Corriente,Up-sell,Premium,MX,0.0,0.0,0.0,0.0,0.0,0.0,0.0,0.0,252.0,116.0,4.0,8805.57,22.2025,True,2534.317981651376,0.08810515873015873,0.00909993851392896,259.0039829473353,182.47423411980654,352.0239348020725,1.0,3.4764839837796876e-05,22.991109189163545,16.0769213612897,31.015124652551645,0.003820337883006961,0.015873015873015872,2201.3925,0.08810515873015873
SMS,Cuenta Corriente,Up-sell,Student,AR,0.0,0.0,0.0,0.0,0.0,0.0,0.0,0.0,48.0,21.0,0.0,0.0,4.7012,True,2534.317981651376,0.09794166666666666,0.00909993851392896,232.7061315201505,167.4365267850101,306.38497025805646,1.0,3.864616333694926e-05,22.96843167497146,16.399012494201862,30.007854628691145,0.0042468598307334625,0.0,2534.317981651376,0.09794166666666666
SMS,Cuenta Corriente,Up-sell,Student,CO,0.0,0.0,0.0,0.0,0.0,0.0,0.0,0.0,78.0,39.0,1.0,1534.06,6.5093,True,2534.317981651376,0.0834525641025641,0.00909993851392896,271.08178929106293,196.701440549468,368.6433431626145,1.0,3.292900287444827e-05,22.95678006707372,16.41523957652118,30.76423222626162,0.003618596194253949,0.01282051282051282,1534.06,0.0834525641025641
SMS,Cuenta Corriente,Up-sell,Student,MX,0.0,0.0,0.0,0.0,0.0,0.0,0.0,0.0,102.0,49.0,2.0,4597.67,8.7531,True,2534.317981651376,0.08581470588235295,0.00909993851392896,262.24506133136396,187.10835010201015,353.2388568583082,1.0,3.386106499013024e-05,22.73516186094063,16.056648032136327,30.313088607514295,0.003721021294627462,0.0196078431372549,2298.835,0.08581470588235295
SMS,Inversión,Acquisition,Basic,AR,734.0,695.0,695.0,352.0,65.0,5.0,10344.83,61.6106,0.0,0.0,0.0,0.0,0.0,True,2286.0710948905107,0.08393814713896458,0.008653928017886364,231.28853026317938,168.31420064410665,305.8009773512667,1.0,3.6717207669774905e-05,19.6315558890632,14.127982139242231,25.6683674321498,0.004242837194148827,,2286.0710948905107,0.08393814713896458
SMS,Inversión,Acquisition,Basic,CO,1097.0,1019.0,1019.0,506.0,100.0,11.0,25408.63,93.17269999999999,0.0,0.0,0.0,0.0,0.0,True,2370.2819343065694,0.08493409298085687,0.009346377028577454,259.3559344352128,198.01349324525515,331.7061105626676,1.0,3.583290736496479e-05,22.22776483496658,16.818096446756776,28.173157636848,0.003833882075953303,,2370.2819343065694,0.08493409298085687
SMS,Inversión,Acquisition,Basic,MX,1809.0,1701.0,1701.0,858.0,159.0,15.0,30306.729999999996,154.66570000000002,0.0,0.0,0.0,0.0,0.0,True,2141.130547445255,0.08549789939192926,0.008797933577367573,219.47936833670644,167.69975297105495,279.2459660266789,1.0,3.9931194057243854e-05,18.87369765768909,14.337976607570646,23.874943508951088,0.004538701469623013,,2141.130547445255,0.08549789939192926
SMS,Inversión,Acquisition,Plus,AR,285.0,271.0,271.0,150.0,28.0,3.0,5904.620000000001,24.2925,0.0,0.0,0.0,0.0,0.0,True,2302.5626186131385,0.08523684210526315,0.009222520863644938,247.1024032807078,181.98320037386486,325.2434604289162,1.0,3.701825149780393e-05,21.262453819630558,15.511673316077585,27.722725482348935,0.004013897289593501,,2302.5626186131385,0.08523684210526315
SMS,Inversión,Acquisition,Plus,CO,456.0,435.0,435.0,214.0,56.0,3.0,6687.0,37.0993,0.0,0.0,0.0,0.0,0.0,True,2400.3601186131386,0.08135811403508772,0.008770291449183346,257.888090462022,187.27699915005198,339.8982545378351,1.0,3.389412838690812e-05,21.16625427910786,15.236503452998955,27.65348095301646,0.0038646524557703495,,2400.3601186131386,0.08135811403508772
SMS,Inversión,Acquisition,Plus,MX,757.0,710.0,710.0,329.0,58.0,7.0,15833.16,65.29850000000002,0.0,0.0,0.0,0.0,0.0,True,2362.4200790754257,0.08625957727873186,0.009129330880403765,247.65968241499118,183.29873061465887,323.3950981934665,1.0,3.6513225587081466e-05,21.529296420614852,15.811271018548618,27.8959244641824,0.003999551124328028,,2362.4200790754257,0.08625957727873186
SMS,Inversión,Acquisition,Premium,AR,128.0,120.0,120.0,61.0,9.0,2.0,4925.66,10.6043,0.0,0.0,0.0,0.0,0.0,True,2491.6487069864443,0.08284609375,0.009364304949449367,277.1439929372746,202.92664560519898,368.27174272121647,1.0,3.32495080537253e-05,23.251787190255587,16.81167990618134,30.50987532295778,0.00355066480995799,,2491.6487069864443,0.08284609375
SMS,Inversión,Acquisition,Premium,CO,173.0,164.0,164.0,97.0,21.0,2.0,5292.29,15.113100000000003,0.0,0.0,0.0,0.0,0.0,True,2544.0244212721586,0.08735895953757226,0.009232795348375181,264.56503794658977,194.42490359386895,355.251399579071,1.0,3.433888401664311e-05,23.46931229652108,16.984757286153187,31.03439264149398,0.0037192294122154654,,2544.0244212721586,0.08735895953757226
SMS,Inversión,Acquisition,Premium,MX,306.0,291.0,291.0,149.0,33.0,3.0,4183.02,25.351399999999998,0.0,0.0,0.0,0.0,0.0,True,2087.3626186131387,0.08284771241830065,0.009164487711750843,227.1360885824195,166.22853577800774,300.84169796254065,1.0,3.969013897228138e-05,19.02486035255051,13.771653927851585,24.92404647623383,0.004330862806590933,,2087.3626186131387,0.08284771241830065
SMS,Inversión,Acquisition,Student,AR,63.0,61.0,61.0,26.0,8.0,2.0,1084.42,4.8919999999999995,0.0,0.0,0.0,0.0,0.0,True,1942.9001355578728,0.07765079365079364,0.009561016176294597,235.93872975483117,168.1301613962094,312.4765458120249,1.0,3.996643586032663e-05,18.50896412790555,13.055440469051685,24.264051779562312,0.004180145198312566,,1942.9001355578728,0.07765079365079364
SMS,Inversión,Acquisition,Student,CO,81.0,79.0,79.0,39.0,10.0,2.0,5733.15,7.2312,0.0,0.0,0.0,0.0,0.0,True,2607.004421272158,0.08927407407407408,0.009505719662785,272.1358013367559,199.71363425451662,364.18007619447746,1.0,3.424392891152458e-05,24.5519894182183,17.829249778040253,32.51183909848773,0.0036024551666077377,,2607.004421272158,0.08927407407407408
SMS,Inversión,Acquisition,Student,MX,141.0,135.0,135.0,61.0,7.0,1.0,4819.3,12.426699999999997,0.0,0.0,0.0,0.0,0.0,True,2889.196824817518,0.08813262411347515,0.009010699469239259,291.3404275565502,212.04687377767308,392.82787408606634,1.0,3.0504195268538557e-05,26.00501221487806,18.688247421085173,34.62095136812283,0.0033853304477275965,,2889.196824817518,0.08813262411347515
SMS,Inversión,Cross-sell,Basic,AR,350.0,326.0,326.0,153.0,39.0,5.0,11152.11,29.7217,1598.0,743.0,12.0,40744.61,136.0521,True,2366.799094890511,0.08491914285714285,0.009636723682874106,264.97320108621057,194.95119245813527,349.3412587127092,1.0,3.587932031935784e-05,22.727711185778862,16.555088162522736,29.66576025451865,0.003723186582917256,0.007509386733416771,3395.3841666666667,0.08513898623279098
SMS,Inversión,Cross-sell,Basic,CO,569.0,528.0,528.0,273.0,50.0,1.0,879.41,48.571200000000005,2303.0,1105.0,19.0,55379.07000000001,197.0316,True,2232.548491484185,0.08536239015817224,0.007939511048563823,203.29587653416235,147.97712319966274,271.6231135022043,1.0,3.8235402493508136e-05,17.490833454572382,12.631680925053532,23.18639819075267,0.004815838438870178,0.008250108554059922,2914.6878947368423,0.08555432045158488
SMS,Inversión,Cross-sell,Basic,MX,929.0,871.0,871.0,437.0,94.0,8.0,14553.51,76.757,3742.0,1725.0,34.0,93999.35,319.507,True,2082.26084222347,0.0826232508073197,0.00898533985953699,223.92155502780406,167.12844226699534,288.9029597559397,1.0,3.967958726971658e-05,18.60031141826828,13.808695202462605,23.870101702891997,0.004416036331402744,0.009086050240513094,2764.6867647058825,0.08538401924104758
SMS,Inversión,Cross-sell,Plus,AR,143.0,138.0,138.0,74.0,15.0,3.0,6630.49,12.012599999999999,612.0,284.0,5.0,11464.67,51.780100000000004,True,2393.296368613139,0.0840041958041958,0.009635086084450458,270.6621914498881,198.06706660163326,357.90180422085945,1.0,3.5099788269379414e-05,22.94111149992541,16.63846464516629,30.065253240444026,0.003642913821603011,0.008169934640522876,2292.934,0.08460800653594772
SMS,Inversión,Cross-sell,Plus,CO,247.0,234.0,234.0,115.0,24.0,2.0,4951.37,22.206200000000003,966.0,446.0,10.0,22623.66,80.06229999999998,True,2495.3215641293014,0.08990364372469636,0.009024385256261447,244.67259600839338,179.20551430554806,326.23354260842723,1.0,3.602888101360462e-05,22.269864304546857,16.11122871162697,29.329584185713596,0.003992391724256948,0.010351966873706004,2262.366,0.0828802277432712
SMS,Inversión,Cross-sell,Plus,MX,373.0,351.0,351.0,175.0,31.0,2.0,1288.22,31.255399999999995,1553.0,715.0,15.0,33862.280000000006,129.5546,True,1972.0144212721584,0.08379463806970508,0.008690372721659118,202.4108325835323,147.4376434346414,270.5382859565495,1.0,4.249189923045728e-05,17.15840816827607,12.354483969456005,22.669657755727442,0.004889537030391599,0.009658725048293626,2257.4853333333335,0.08342215067611075
SMS,Inversión,Cross-sell,Premium,AR,59.0,56.0,56.0,28.0,4.0,0.0,0.0,5.339799999999999,265.0,121.0,2.0,2591.43,21.1697,True,2503.176189781022,0.0905050847457627,0.008926201444876198,241.77621315516345,172.5406367530502,327.31304795180404,1.0,3.615609844614257e-05,22.174108291952884,15.615804951422668,29.623495143271917,0.004050558198739379,0.007547169811320755,1295.715,0.07988566037735849
SMS,Inversión,Cross-sell,Premium,CO,94.0,87.0,87.0,42.0,7.0,1.0,3515.15,8.0153,407.0,184.0,2.0,4643.58,35.2524,True,2671.838491484185,0.08526914893617021,0.0091462082021069,281.2098121027064,203.63720560120342,380.97283158088555,1.0,3.1914035675413856e-05,24.276814138760916,17.36397121335453,32.48522911670502,0.0034893187395474124,0.004914004914004914,2321.79,0.08661523341523342
SMS,Inversión,Cross-sell,Premium,MX,152.0,144.0,144.0,76.0,12.0,1.0,1190.55,12.7712,631.0,300.0,8.0,15229.3,52.881299999999996,True,2284.4051581508515,0.08402105263157895,0.008979562509423679,239.16314990498242,172.8485134579676,318.6198370699719,1.0,3.6780276183403096e-05,20.314817438643775,14.522914046542082,26.77077409992122,0.004095998679757919,0.012678288431061807,1903.6625,0.08380554675118858
SMS,Inversión,Cross-sell,Student,AR,26.0,24.0,24.0,13.0,6.0,1.0,4070.9,1.7965999999999998,138.0,56.0,0.0,0.0,11.372,True,2764.463491484185,0.0691,0.009349638029918405,367.29741343836764,262.60486113534836,492.6981248396116,1.0,2.4995808486116627e-05,25.643088740184968,18.14599590445257,34.04544042641716,0.002673451999545994,0.0,2764.463491484185,0.08240579710144927
SMS,Inversión,Cross-sell,Student,CO,65.0,57.0,57.0,29.0,8.0,0.0,0.0,4.6506,158.0,94.0,2.0,6028.26,13.5048,True,2503.176189781022,0.07154769230769231,0.008908904175090314,305.0369411262668,221.27433628347356,410.13799723898063,1.0,2.858276321090738e-05,22.22289221071083,15.831668127998801,29.344427230147744,0.0032083365865384476,0.012658227848101266,3014.13,0.08547341772151898
SMS,Inversión,Cross-sell,Student,MX,58.0,55.0,55.0,29.0,8.0,2.0,3158.71,4.1952,320.0,155.0,2.0,7149.379999999999,27.4152,True,2239.2272784150155,0.07233103448275861,0.009576490676702552,289.5110928366191,210.09774654545367,382.4981360925392,1.0,3.230178337857533e-05,21.13318509476097,15.19658735012909,27.66648587130035,0.00337302927231562,0.00625,3574.6899999999996,0.0856725
SMS,Inversión,Reactivation,Basic,AR,1424.0,1320.0,1320.0,663.0,129.0,15.0,29041.14,118.1872,0.0,0.0,0.0,0.0,0.0,True,2077.851047445255,0.08299662921348315,0.009558200862110414,237.02125892642962,181.663644791794,297.32177118213474,1.0,3.9943493214072584e-05,19.82668625417006,15.077470168354436,24.67670479989972,0.004178976126397622,,2077.851047445255,0.08299662921348315
SMS,Inversión,Reactivation,Basic,CO,2269.0,2129.0,2129.0,1066.0,186.0,17.0,38313.14,190.48970000000003,0.0,0.0,0.0,0.0,0.0,True,2310.4100431320503,0.0839531511679154,0.008411718313317452,229.88997261841416,176.42749430926702,292.87798675019616,1.0,3.6336905398016006e-05,19.415173913688736,14.811644099922427,24.58802989539394,0.00431979579493138,,2310.4100431320503,0.0839531511679154
SMS,Inversión,Reactivation,Basic,MX,3711.0,3476.0,3476.0,1763.0,338.0,33.0,94597.95000000001,314.23999999999995,0.0,0.0,0.0,0.0,0.0,True,2818.7850249711873,0.08467798437078954,0.008985752851927414,296.26500307092033,238.2226504898712,364.71228630243866,1.0,3.0040596789269194e-05,25.227412277265287,20.17221387494937,30.88310127935282,0.0033431363275060015,,2818.7850249711873,0.08467798437078954
SMS,Inversión,Reactivation,Plus,AR,601.0,566.0,566.0,301.0,61.0,13.0,36229.5,51.137,0.0,0.0,0.0,0.0,0.0,True,2708.076719383617,0.0850865224625624,0.011173273932561316,353.6074388970895,267.60011940334596,451.4381285160474,1.0,3.141953913400536e-05,30.275927207540906,22.769163570597176,38.4113004624378,0.0028120262085799303,,2708.076719383617,0.0850865224625624
SMS,Inversión,Reactivation,Plus,CO,898.0,856.0,856.0,443.0,106.0,11.0,32894.649999999994,75.6797,0.0,0.0,0.0,0.0,0.0,True,2838.1581843065687,0.08427583518930958,0.009819728006688436,326.77446232443157,246.46620921661457,421.5451235088406,1.0,2.9693847106658086e-05,27.800561742611563,20.771145627673302,35.5260673536882,0.003023897106562722,,2838.1581843065687,0.08427583518930958
SMS,Inversión,Reactivation,Plus,MX,1522.0,1417.0,1417.0,728.0,157.0,13.0,30714.38,129.31940000000003,0.0,0.0,0.0,0.0,0.0,True,2401.6811638280615,0.08496675427069647,0.008913236571152224,248.47867616381245,187.54660859301552,320.9407519597653,1.0,3.537803250089499e-05,21.260960976220026,15.93522660662524,27.269294007217926,0.003969156682702256,,2401.6811638280615,0.08496675427069647
SMS,Inversión,Reactivation,Premium,AR,265.0,254.0,254.0,111.0,13.0,0.0,0.0,21.9604,0.0,0.0,0.0,0.0,0.0,True,2503.176189781022,0.08286943396226415,0.008368361421745506,248.17758954241532,180.3029386418307,334.2328553578853,1.0,3.310571357324774e-05,20.801983299660534,14.941602466981355,27.69768753509926,0.003956056855673237,,2503.176189781022,0.08286943396226415
SMS,Inversión,Reactivation,Premium,CO,407.0,382.0,382.0,181.0,34.0,5.0,10258.099999999999,34.2632,0.0,0.0,0.0,0.0,0.0,True,2277.398094890511,0.08418476658476658,0.009476965582299397,252.6150114531997,184.8767976981283,332.33097256768195,1.0,3.6965327569931896e-05,21.49786559531031,15.563810061156044,27.977205354498768,0.003900544667902339,,2277.398094890511,0.08418476658476658
SMS,Inversión,Reactivation,Premium,MX,652.0,608.0,608.0,301.0,61.0,6.0,14367.57,54.6216,0.0,0.0,0.0,0.0,0.0,True,2443.9500862641007,0.08377546012269939,0.00911808540198767,263.39212598490656,197.36929242154775,345.5727953091507,1.0,3.427871157989204e-05,22.299421677676758,16.53470328670677,28.95051993291151,0.0037594198857163097,,2443.9500862641007,0.08377546012269939
SMS,Inversión,Reactivation,Student,AR,111.0,106.0,106.0,56.0,17.0,1.0,2640.44,9.6364,0.0,0.0,0.0,0.0,0.0,True,2526.053491484185,0.08681441441441441,0.009096726460365698,260.8514470664252,187.36432902547716,354.1453329693146,1.0,3.436760730011561e-05,22.932137731603255,16.265924506496468,30.744919699328857,0.0037780192083223304,,2526.053491484185,0.08681441441441441
SMS,Inversión,Reactivation,Student,CO,183.0,173.0,173.0,94.0,16.0,3.0,10202.05,15.4952,0.0,0.0,0.0,0.0,0.0,True,2839.7413686131385,0.08467322404371586,0.009515182616993065,315.35630129082756,229.92781112329908,414.68491701128323,1.0,2.981723088573669e-05,26.944532843302195,19.468729065124286,35.11270888564611,0.0031336477801788493,,2839.7413686131385,0.08467322404371586
SMS,Inversión,Reactivation,Student,MX,296.0,279.0,279.0,130.0,23.0,2.0,5297.86,25.3305,0.0,0.0,0.0,0.0,0.0,True,2544.8201355578726,0.08557601351351352,0.008891485488913721,260.2522172964368,187.19706246554324,344.12645051622553,1.0,3.36275292378389e-05,22.394120238693578,16.01957834724136,29.448969779733957,0.003781992253124309,,2544.8201355578726,0.08557601351351352
SMS,Inversión,Retention,Basic,AR,61.0,58.0,58.0,32.0,4.0,1.0,4581.17,5.2492,430.0,199.0,4.0,12836.07,36.4163,True,2849.508491484185,0.08605245901639344,0.009243814100700035,300.70912902977284,216.90368613060727,413.93744017714675,1.0,3.019905337133158e-05,26.37631570935413,18.66509556125875,35.62033460619473,0.003266947284135085,0.009302325581395349,3209.0175,0.08468906976744187
SMS,Inversión,Retention,Basic,CO,84.0,78.0,78.0,46.0,8.0,2.0,7384.18,6.864800000000002,730.0,341.0,9.0,23258.21,61.59730000000001,True,2842.865849843587,0.08172380952380955,0.009496565702508867,325.95704131851414,239.7599566156781,435.36755541525946,1.0,2.8746980631641816e-05,26.982784735931215,19.59409702589652,35.57989517160326,0.0030270922702137723,0.012328767123287671,2584.2455555555553,0.08437986301369864
SMS,Inversión,Retention,Basic,MX,108.0,101.0,101.0,47.0,9.0,1.0,3072.55,8.9203,1159.0,547.0,5.0,14115.279999999999,96.8785,True,2598.071824817518,0.08259537037037036,0.009105419590715978,284.41817573215786,201.56047663319663,374.781856211469,1.0,3.1791026553383164e-05,23.61662352086268,16.647962219547257,30.955246221881172,0.003491440041466927,0.004314063848144953,2823.0559999999996,0.08358800690250216
SMS,Inversión,Retention,Plus,AR,19.0,18.0,18.0,6.0,1.0,0.0,0.0,1.5842,195.0,94.0,2.0,5984.13,16.0099,True,2503.176189781022,0.08337894736842105,0.009043255595573887,270.0139749802038,190.66993732776888,368.0496637470087,1.0,3.3309260334453345e-05,22.782440810556785,15.897858669192182,30.68759354252691,0.003683326207295983,0.010256410256410256,2992.065,0.08210205128205127
SMS,Inversión,Retention,Plus,CO,31.0,29.0,29.0,19.0,3.0,0.0,0.0,2.3953,279.0,145.0,1.0,4861.46,23.241000000000003,True,2503.176189781022,0.07726774193548387,0.00900781826459566,286.33158539345317,205.71609185801304,387.84692188645283,1.0,3.0867879876343525e-05,22.448351095680568,15.895217897661245,29.96805587079421,0.00342678759380245,0.0035842293906810036,4861.46,0.08330107526881722
SMS,Inversión,Retention,Plus,MX,55.0,51.0,51.0,22.0,6.0,1.0,143.03,4.255800000000001,475.0,229.0,7.0,9917.439999999999,38.7334,True,2109.818491484185,0.07737818181818183,0.009261784882910278,246.9801073173539,179.77085503491003,331.3175942636082,1.0,3.667527900172537e-05,19.489405809842275,13.910341906501275,25.63675304849207,0.003959850014374455,0.014736842105263158,1416.7771428571427,0.081544
SMS,Inversión,Retention,Premium,AR,11.0,9.0,9.0,4.0,2.0,0.0,0.0,0.685,66.0,24.0,0.0,0.0,5.942100000000001,True,2503.176189781022,0.06227272727272728,0.00906703579324651,357.6375224073055,252.76643460628185,484.6661350718273,1.0,2.48774846640639e-05,22.452223069299567,15.740455245936642,30.1814820476547,0.0027437285162802204,0.0,2503.176189781022,0.0900318181818182
SMS,Inversión,Retention,Premium,CO,17.0,16.0,16.0,6.0,1.0,0.0,0.0,1.8487,124.0,61.0,1.0,4012.4,10.8013,True,2503.176189781022,0.10874705882352942,0.009049188943217858,205.00503142949412,148.59077299831208,276.47666805051375,1.0,4.344362944465472e-05,22.612004520352087,16.15880953188115,30.066024483822634,0.004800831291871151,0.008064516129032258,4012.4,0.08710725806451612
SMS,Inversión,Retention,Premium,MX,21.0,18.0,18.0,12.0,1.0,0.0,0.0,1.9232999999999998,201.0,92.0,4.0,12347.740000000002,17.6856,True,2503.176189781022,0.09158571428571427,0.009037330023554174,242.41449250805505,177.38756344740537,328.12373946779434,1.0,3.658780179341918e-05,22.520681879313955,16.24616670373308,30.05144705325756,0.004048518942880216,0.01990049751243781,3086.9350000000004,0.08798805970149254
SMS,Inversión,Retention,Student,AR,7.0,7.0,7.0,4.0,0.0,0.0,0.0,0.6970000000000001,41.0,19.0,0.0,0.0,3.5129,True,2503.176189781022,0.09957142857142857,0.009078972853237385,222.58595829527468,161.01075779473842,298.9377408196203,1.0,3.977803439403085e-05,22.51525217195881,16.032071168990385,29.765657907325046,0.0043813364173510855,0.0,2503.176189781022,0.08568048780487805
SMS,Inversión,Retention,Student,CO,8.0,8.0,8.0,2.0,0.0,0.0,0.0,0.5994,67.0,32.0,2.0,5889.97,5.039700000000001,True,2503.176189781022,0.074925,0.009075985642544667,299.5917334683427,212.7822091961483,399.88490012596753,1.0,2.9931972150372062e-05,22.675277568863255,15.942707024021415,29.961376141938118,0.003297930751461604,0.029850746268656716,2944.985,0.07521940298507464
SMS,Inversión,Retention,Student,MX,8.0,7.0,7.0,4.0,1.0,0.0,0.0,0.6454000000000001,81.0,38.0,1.0,4897.01,6.730500000000001,True,2503.176189781022,0.08067500000000001,0.009075985642544667,279.02370192654143,200.9719679229303,368.52466161498876,1.0,3.2229053763513734e-05,22.658519729320624,16.213413512182406,29.73072707578922,0.0035510252035257247,0.012345679012345678,4897.01,0.0830925925925926
SMS,Préstamo Hipotecario,Cross-sell,Basic,AR,962.0,898.0,898.0,440.0,82.0,3.0,6798.860000000001,81.476,0.0,0.0,0.0,0.0,0.0,True,2419.109694148936,0.0846943866943867,0.0076589828744072315,215.87316917016878,156.6570459296508,284.32623457366793,1.0,3.5010560661732595e-05,18.44352926582714,13.267972426366143,24.080836058341134,0.004571176256147752,,2419.109694148936,0.0846943866943867
SMS,Préstamo Hipotecario,Cross-sell,Basic,CO,1433.0,1347.0,1347.0,660.0,138.0,9.0,26421.920000000002,120.37950000000005,0.0,0.0,0.0,0.0,0.0,True,2783.995539513678,0.08400523377529662,0.008194930105082885,268.34061569949574,202.24383059800957,348.58316860879876,1.0,3.0174342086040504e-05,22.808146477164918,16.98954026899728,29.282810569115775,0.0036820743678246805,,2783.995539513678,0.08400523377529662
SMS,Préstamo Hipotecario,Cross-sell,Basic,MX,2407.0,2277.0,2277.0,1154.0,228.0,24.0,52787.909999999996,203.42559999999992,0.0,0.0,0.0,0.0,0.0,True,2253.1699156272925,0.08451416701287907,0.009485436794980491,250.1569589342498,195.45556671387337,311.6821404227473,1.0,3.750900738853064e-05,21.26143309488639,16.518764408853222,26.341556470619693,0.003954378506678752,,2253.1699156272925,0.08451416701287907
SMS,Préstamo Hipotecario,Cross-sell,Plus,AR,371.0,341.0,341.0,171.0,30.0,1.0,4922.03,31.7481,0.0,0.0,0.0,0.0,0.0,True,2912.6745921985816,0.0855743935309973,0.008401560821679609,281.01248855841504,203.56255414155237,374.60015250020035,1.0,2.938000481076843e-05,24.335284459176627,17.419742116284148,32.056180866823745,0.003496969841003292,,2912.6745921985816,0.0855743935309973
SMS,Préstamo Hipotecario,Cross-sell,Plus,CO,690.0,649.0,649.0,323.0,71.0,10.0,30998.799999999996,60.366699999999994,0.0,0.0,0.0,0.0,0.0,True,2903.5211702127654,0.08748797101449275,0.010099874389385477,330.7324789883521,246.63305516368237,428.94255901124035,1.0,3.013168008280159e-05,29.144835158574644,21.577425581376033,37.52731416965774,0.002983371764946766,,2903.5211702127654,0.08748797101449275
SMS,Préstamo Hipotecario,Cross-sell,Plus,MX,1049.0,980.0,980.0,468.0,93.0,10.0,27773.96,88.33919999999999,0.0,0.0,0.0,0.0,0.0,True,2688.5318368794324,0.08421277407054337,0.009211245674693117,290.5274792196344,219.6746918359415,381.67507397692276,1.0,3.1322959585365665e-05,24.7082824083591,18.49941519259638,32.14191677317652,0.003400512883010171,,2688.5318368794324,0.08421277407054337
SMS,Préstamo Hipotecario,Cross-sell,Premium,AR,166.0,152.0,152.0,87.0,16.0,1.0,513.53,14.500899999999998,0.0,0.0,0.0,0.0,0.0,True,2177.9245921985816,0.08735481927710842,0.008940243515211705,220.92721981657726,159.26141739765103,297.6690379078296,1.0,4.0109202857627436e-05,19.504281801166393,13.912252334587935,26.002825010829188,0.0044863658120030125,,2177.9245921985816,0.08735481927710842
SMS,Préstamo Hipotecario,Cross-sell,Premium,CO,251.0,230.0,230.0,113.0,23.0,2.0,3804.3700000000003,23.0168,0.0,0.0,0.0,0.0,0.0,True,2336.912507598784,0.0917003984063745,0.009013387556653782,226.46600546205394,164.6895812820425,301.9956526629647,1.0,3.92399792924204e-05,21.02532722408282,15.102100216942295,27.693121666186954,0.004353521808063496,,2336.912507598784,0.0917003984063745
SMS,Préstamo Hipotecario,Cross-sell,Premium,MX,435.0,404.0,404.0,197.0,36.0,3.0,5174.5,36.4458,0.0,0.0,0.0,0.0,0.0,True,2216.064694148936,0.08378344827586207,0.008823425086569255,231.2173856696377,169.15413321089125,305.81861666532564,1.0,3.780731153610952e-05,19.519731621768038,14.172316570522987,25.622538251174998,0.004284879303124434,,2216.064694148936,0.08378344827586207
SMS,Préstamo Hipotecario,Cross-sell,Student,AR,84.0,78.0,78.0,45.0,10.0,1.0,4532.0,7.165500000000001,0.0,0.0,0.0,0.0,0.0,True,2847.669592198581,0.08530357142857144,0.009175567377259485,302.62047921453075,218.72113282996096,404.2526596839447,1.0,2.9955571974454972e-05,26.039036223782702,18.657693777298636,34.484195630539354,0.003264710588763827,,2847.669592198581,0.08530357142857144
SMS,Préstamo Hipotecario,Cross-sell,Student,CO,126.0,120.0,120.0,61.0,12.0,0.0,0.0,10.355499999999997,0.0,0.0,0.0,0.0,0.0,True,2510.8035106382977,0.08218650793650792,0.008736780393288773,263.9400500419933,188.33266695294097,352.6045585901025,1.0,3.273315000089928e-05,21.898588849047147,15.478404227231584,28.97933735301433,0.003746591825295679,,2510.8035106382977,0.08218650793650792
SMS,Préstamo Hipotecario,Cross-sell,Student,MX,234.0,218.0,218.0,105.0,19.0,2.0,3975.08,19.349899999999998,0.0,0.0,0.0,0.0,0.0,True,2361.299650455927,0.08269188034188034,0.009060313865929306,253.03940408610313,184.0713911260984,339.2654721077096,1.0,3.501964705153534e-05,21.148464704761427,15.221209449362783,28.05449982366227,0.0038651693053619635,,2361.299650455927,0.08269188034188034
SMS,Préstamo Hipotecario,Retention,Basic,AR,443.0,411.0,411.0,199.0,34.0,4.0,12858.2,37.599500000000006,0.0,0.0,0.0,0.0,0.0,True,2823.579728132388,0.08487471783295712,0.009090937295773914,298.07668294914555,216.43282508062578,394.0787004097929,1.0,3.005926023172583e-05,25.459233031019654,18.36967495850788,33.447318501259616,0.003306508366931473,,2823.579728132388,0.08487471783295712
SMS,Préstamo Hipotecario,Retention,Basic,CO,670.0,632.0,632.0,327.0,64.0,7.0,20708.059999999998,57.30210000000001,0.0,0.0,0.0,0.0,0.0,True,2771.83979609929,0.08552552238805972,0.00934391922851513,298.2559940340826,222.37145103828996,392.57610563662035,1.0,3.08551462853e-05,25.791509131285192,19.018434514240592,33.575276511642066,0.0033021632069697676,,2771.83979609929,0.08552552238805972
SMS,Préstamo Hipotecario,Retention,Basic,MX,1091.0,1023.0,1023.0,530.0,92.0,8.0,22090.34,94.14420000000001,0.0,0.0,0.0,0.0,0.0,True,2664.9505810147302,0.0862916590284143,0.008632228308118333,261.5105415149719,194.5970012417851,343.9955643645209,1.0,3.2380209840723246e-05,22.776974243616095,16.792098079108037,29.68394794743018,0.0037510835771420344,,2664.9505810147302,0.0862916590284143
SMS,Préstamo Hipotecario,Retention,Plus,AR,196.0,185.0,185.0,96.0,10.0,0.0,0.0,16.9424,0.0,0.0,0.0,0.0,0.0,True,2510.8035106382977,0.08644081632653061,0.00854727888477544,246.2238302168234,176.6563338004673,329.80224842763573,1.0,3.442755116450972e-05,21.455189816085024,15.270317702964476,28.50837558041008,0.004027896085832962,,2510.8035106382977,0.08644081632653061
SMS,Préstamo Hipotecario,Retention,Plus,CO,273.0,251.0,251.0,142.0,28.0,1.0,504.11,21.7985,0.0,0.0,0.0,0.0,0.0,True,2176.3545921985815,0.07984798534798535,0.00865073846361049,234.43111776374593,167.09519790490359,313.90055853736436,1.0,3.668886753758352e-05,18.917813452139402,13.342214914029453,25.064327198815885,0.004241125505286744,,2176.3545921985815,0.07984798534798535
SMS,Préstamo Hipotecario,Retention,Plus,MX,457.0,428.0,428.0,229.0,39.0,6.0,9888.9,37.9266,0.0,0.0,0.0,0.0,0.0,True,2040.2652321083172,0.08299037199124727,0.009627799678869309,232.7330305601763,173.32068102723974,305.009926477235,1.0,4.067626634282681e-05,19.53365884776759,14.38394779222694,25.31288725936871,0.004224876679985498,,2040.2652321083172,0.08299037199124727
SMS,Préstamo Hipotecario,Retention,Premium,AR,67.0,63.0,63.0,31.0,6.0,0.0,0.0,5.318200000000001,0.0,0.0,0.0,0.0,0.0,True,2510.8035106382977,0.07937611940298508,0.008903153306122064,275.7587043643141,196.47238039854247,367.37062965056157,1.0,3.161383161472721e-05,22.068445468471694,15.595215125903414,29.160454964292786,0.00355085782842677,,2510.8035106382977,0.07937611940298508
SMS,Préstamo Hipotecario,Retention,Premium,CO,103.0,100.0,100.0,49.0,10.0,0.0,0.0,8.5622,0.0,0.0,0.0,0.0,0.0,True,2510.8035106382977,0.08312815533980583,0.00880089268755541,262.6121827636809,188.08284352227602,351.5864582143077,1.0,3.310818827024539e-05,22.022144374798994,15.634979833072155,29.22673371381112,0.0037619125065643452,,2510.8035106382977,0.08312815533980583
SMS,Préstamo Hipotecario,Retention,Premium,MX,190.0,178.0,178.0,86.0,23.0,3.0,11473.39,15.439699999999998,0.0,0.0,0.0,0.0,0.0,True,3003.4259441489357,0.0812615789473684,0.009494505663548834,344.3253541095071,249.5333606016938,460.70200321614175,1.0,2.7056295197048734e-05,28.44147153634957,20.27747488253669,37.43737220555928,0.0028496791887673376,,3003.4259441489357,0.0812615789473684
SMS,Préstamo Hipotecario,Retention,Student,AR,36.0,33.0,33.0,16.0,4.0,2.0,4010.42,3.406,0.0,0.0,0.0,0.0,0.0,True,2366.3482218844983,0.09461111111111112,0.00964517782711217,239.13571945120776,172.4769296881258,317.24679196865276,1.0,3.998190555224594e-05,22.785808559431985,16.31823395882657,30.015071484589765,0.0041452740705162075,,2366.3482218844983,0.09461111111111112
SMS,Préstamo Hipotecario,Retention,Student,CO,59.0,55.0,55.0,26.0,4.0,1.0,1236.78,4.5999,0.0,0.0,0.0,0.0,0.0,True,2298.466258865248,0.07796440677966102,0.009249796607759188,269.04557070156153,191.57570284423244,360.3201504970033,1.0,3.3920187637712816e-05,21.18234451566254,14.936086025647201,28.092146784257043,0.00366712794627926,,2298.466258865248,0.07796440677966102
SMS,Préstamo Hipotecario,Retention,Student,MX,87.0,77.0,77.0,42.0,12.0,0.0,0.0,7.4183,0.0,0.0,0.0,0.0,0.0,True,2510.8035106382977,0.08526781609195402,0.008846050349967867,255.94001842759633,182.1214083107867,349.45430184597814,1.0,3.396036994956933e-05,22.120249720675215,15.52909475025183,29.79720514234505,0.0038390432572761347,,2510.8035106382977,0.08526781609195402
SMS,Préstamo Personal,Acquisition,Basic,AR,1497.0,1413.0,1413.0,705.0,140.0,17.0,47497.28,127.77410000000002,0.0,0.0,0.0,0.0,0.0,True,2740.610176159182,0.08535344021376087,0.009845782688955078,314.13318844557017,243.43911864165304,399.9861534551456,1.0,3.1143955078419485e-05,27.00429491427716,20.77836625867097,34.14019423526595,0.0031631771756811702,,2740.610176159182,0.08535344021376087
SMS,Préstamo Personal,Acquisition,Basic,CO,2263.0,2133.0,2133.0,1090.0,233.0,19.0,49697.53,191.1069,0.0,0.0,0.0,0.0,0.0,True,2603.903078145917,0.08444847547503315,0.00879901741780219,268.1261408535495,207.1505981905893,336.2940089347835,1.0,3.243149723343921e-05,22.78998122577031,17.49355221093643,28.399516365929642,0.0036858089595121993,,2603.903078145917,0.08444847547503315
SMS,Préstamo Personal,Acquisition,Basic,MX,3801.0,3560.0,3560.0,1763.0,368.0,38.0,95885.74,321.19510000000014,0.0,0.0,0.0,0.0,0.0,True,2527.4856715233027,0.08450278873980535,0.009599205696173733,284.39446940565165,230.91611366872414,345.43306396728576,1.0,3.343353819643059e-05,24.15955975922165,19.513055569965076,29.19005722817122,0.0034829484078830898,,2527.4856715233027,0.08450278873980535
SMS,Préstamo Personal,Acquisition,Plus,AR,592.0,555.0,555.0,263.0,53.0,7.0,14558.01,49.8909,0.0,0.0,0.0,0.0,0.0,True,2279.5128229585007,0.08427516891891892,0.009545069978235662,255.79661648191583,189.18358860584593,332.9392534969077,1.0,3.6970693066574244e-05,21.769672579027997,15.94347888644493,28.058511828190667,0.003873276272554684,,2279.5128229585007,0.08427516891891892
SMS,Préstamo Personal,Acquisition,Plus,CO,972.0,922.0,922.0,444.0,85.0,6.0,12164.58,82.4408,0.0,0.0,0.0,0.0,0.0,True,2269.156715954728,0.0848156378600823,0.008389236417471435,221.03387336394627,164.16239979368626,290.41242377137314,1.0,3.737760255328899e-05,18.95317042992647,13.923538651143343,24.63151496466154,0.004455423675442778,,2269.156715954728,0.0848156378600823
SMS,Préstamo Personal,Acquisition,Plus,MX,1565.0,1492.0,1492.0,775.0,178.0,19.0,41575.96,132.48829999999998,0.0,0.0,0.0,0.0,0.0,True,2265.504328145917,0.08465706070287539,0.01013525297208944,268.5801538328483,213.2076823862004,337.4711726524155,1.0,3.736786535833216e-05,22.953723498511486,18.04953571008794,28.569317548706078,0.0036869198490887363,,2265.504328145917,0.08465706070287539
SMS,Préstamo Personal,Acquisition,Premium,AR,241.0,225.0,225.0,101.0,25.0,1.0,3503.51,20.3675,0.0,0.0,0.0,0.0,0.0,True,2716.6089792503344,0.08451244813278008,0.008735334996284443,277.2138639929103,197.24822232054,374.8479864184366,1.0,3.11095372128608e-05,23.72601937738155,16.669930158147714,31.67932100986518,0.003561344496357974,,2716.6089792503344,0.08451244813278008
SMS,Préstamo Personal,Acquisition,Premium,CO,363.0,345.0,345.0,163.0,37.0,9.0,29501.689999999995,30.6981,0.0,0.0,0.0,0.0,0.0,True,3021.273848250143,0.08456776859504132,0.01077826810246968,378.95015359420154,286.81495645652217,491.16262716655814,1.0,2.7990765763924762e-05,32.36132961080515,24.25530086721202,41.536527396754046,0.002596963213181819,,3021.273848250143,0.08456776859504132
SMS,Préstamo Personal,Acquisition,Premium,MX,616.0,590.0,590.0,272.0,59.0,3.0,7218.0,51.190000000000005,0.0,0.0,0.0,0.0,0.0,True,2501.767984437751,0.08310064935064936,0.008385553719266128,247.8074070632594,179.63900382965713,327.9309234204559,1.0,3.321676904796008e-05,20.8176460327924,14.928117866948293,27.251272678397953,0.003961189703149035,,2501.767984437751,0.08310064935064936
SMS,Préstamo Personal,Acquisition,Student,AR,113.0,105.0,105.0,59.0,19.0,0.0,0.0,10.1051,0.0,0.0,0.0,0.0,0.0,True,2559.2287751004014,0.08942566371681417,0.008772902528453025,246.5089267376118,174.93711047861385,329.34360631304395,1.0,3.494242663526862e-05,22.28798412511204,15.643867213251692,29.451770585433103,0.003982994969104053,,2559.2287751004014,0.08942566371681417
SMS,Préstamo Personal,Acquisition,Student,CO,186.0,173.0,173.0,70.0,8.0,1.0,4320.37,16.6746,0.0,0.0,0.0,0.0,0.0,True,2852.7523125836674,0.0896483870967742,0.008884667124004701,277.5161944750795,204.31052513268966,373.490239461448,1.0,3.1425226333646145e-05,25.381978083501235,18.316109045040577,33.48279756410678,0.00353701786403917,,2852.7523125836674,0.0896483870967742
SMS,Préstamo Personal,Acquisition,Student,MX,277.0,260.0,260.0,123.0,22.0,2.0,4282.98,23.8462,0.0,0.0,0.0,0.0,0.0,True,2439.874839357429,0.08608736462093863,0.008942550746578752,249.8636900896709,181.1650574926049,334.3397356096303,1.0,3.5283516692032774e-05,21.82354182553629,15.596022360939186,28.78242672669446,0.003945576345264976,,2439.874839357429,0.08608736462093863
SMS,Préstamo Personal,Reactivation,Basic,AR,1802.0,1672.0,1672.0,788.0,165.0,14.0,38253.21,151.4566,0.0,0.0,0.0,0.0,0.0,True,2686.808098710632,0.08404916759156493,0.008603776760272113,270.818000225517,208.36199196879122,350.8024788415882,1.0,3.1282162515402255e-05,23.046908931495636,17.51265198269724,29.484656335693057,0.0036358640382032517,,2686.808098710632,0.08404916759156493
SMS,Préstamo Personal,Reactivation,Basic,CO,2783.0,2596.0,2596.0,1299.0,240.0,28.0,80071.13,235.95129999999997,0.0,0.0,0.0,0.0,0.0,True,2814.1598144091517,0.08478307581746317,0.009559990426168459,312.4116823489969,251.10343487880425,388.0522133332557,1.0,3.0127313801922027e-05,26.791736444192814,21.289321557355088,32.90026022416781,0.0031513958130601105,,2814.1598144091517,0.08478307581746317
SMS,Préstamo Personal,Reactivation,Basic,MX,4616.0,4362.0,4362.0,2125.0,415.0,44.0,115534.19,392.62250000000006,0.0,0.0,0.0,0.0,0.0,True,2618.98640562249,0.08505686741767765,0.009360774202645469,286.9560112196466,234.1118458100462,345.07133780086446,1.0,3.247701753436976e-05,24.48214407632823,19.91282022997289,29.350687028968785,0.0034694798561844768,,2618.98640562249,0.08505686741767765
SMS,Préstamo Personal,Reactivation,Plus,AR,747.0,697.0,697.0,373.0,71.0,8.0,14772.48,66.2545,0.0,0.0,0.0,0.0,0.0,True,2120.663375038616,0.08869410977242302,0.009418164160437848,222.99451195306392,166.36626225698552,290.02124481162025,1.0,4.1823757045272664e-05,19.920407423256954,14.755707527048791,25.72317612365662,0.004440754730200868,,2120.663375038616,0.08869410977242302
SMS,Préstamo Personal,Reactivation,Plus,CO,1192.0,1128.0,1128.0,551.0,109.0,12.0,22452.0,100.21140000000003,0.0,0.0,0.0,0.0,0.0,True,2073.420227970706,0.08406996644295305,0.009372918994630816,227.35149729640523,174.04145489994062,292.75812632675604,1.0,4.054651599749938e-05,19.31076730448925,14.631659273120732,24.61216585619219,0.004325921948192025,,2073.420227970706,0.08406996644295305
SMS,Préstamo Personal,Reactivation,Plus,MX,1936.0,1809.0,1809.0,893.0,175.0,19.0,54918.73,164.4471,0.0,0.0,0.0,0.0,0.0,True,2821.4530781459166,0.08494168388429753,0.00937826362235028,307.1276959390268,238.07052501846027,388.0010068318763,1.0,3.0105651780009725e-05,26.247403379986295,20.222111278286796,32.957458869102396,0.0032101520059920185,,2821.4530781459166,0.08494168388429753
SMS,Préstamo Personal,Reactivation,Premium,AR,314.0,289.0,289.0,146.0,28.0,3.0,5992.28,27.1766,0.0,0.0,0.0,0.0,0.0,True,2348.5529844377506,0.08654968152866242,0.009142571495869476,243.5782219238995,179.782982914851,325.61143364940983,1.0,3.68523435929135e-05,21.32120596183438,15.56015991555331,28.181565884447615,0.004030851014899148,,2348.5529844377506,0.08654968152866242
SMS,Préstamo Personal,Reactivation,Premium,CO,475.0,438.0,438.0,230.0,38.0,4.0,10484.71,39.9279,0.0,0.0,0.0,0.0,0.0,True,2586.761541722445,0.08405873684210527,0.00900796904843525,272.7239446922616,200.14663372298463,366.438438667602,1.0,3.249574245105451e-05,23.257822162693333,16.824073213953596,30.80235228479189,0.0036074438395965907,,2586.761541722445,0.08405873684210527
SMS,Préstamo Personal,Reactivation,Premium,MX,765.0,715.0,715.0,343.0,78.0,9.0,28544.81,64.9056,0.0,0.0,0.0,0.0,0.0,True,2952.9252768215715,0.08484392156862745,0.009636923792296215,331.17551484039006,252.75232319352116,431.12229700948507,1.0,2.8732160015898056e-05,28.43965884573256,21.444498285319487,36.578106353959264,0.00298146593613894,,2952.9252768215715,0.08484392156862745
SMS,Préstamo Personal,Reactivation,Student,AR,140.0,133.0,133.0,71.0,16.0,3.0,7516.13,12.244599999999998,0.0,0.0,0.0,0.0,0.0,True,2539.034234437751,0.08746142857142856,0.009644200779045476,275.6329326698776,202.03852235631715,364.5350382375665,1.0,3.4446730723501336e-05,24.401083391579153,17.670577791744005,31.882755208597903,0.0035717558678730306,,2539.034234437751,0.08746142857142856
SMS,Préstamo Personal,Reactivation,Student,CO,243.0,232.0,232.0,118.0,32.0,5.0,17056.22,20.3302,0.0,0.0,0.0,0.0,0.0,True,2985.2363875502006,0.08366337448559671,0.009951641497825807,351.4446210610613,260.7571162376289,461.74593495734075,1.0,2.802571174413899e-05,29.696795365688185,21.81582026557302,38.63122307353798,0.0028161898466963395,,2985.2363875502006,0.08366337448559671
SMS,Préstamo Personal,Reactivation,Student,MX,401.0,370.0,370.0,192.0,39.0,4.0,10105.01,34.8886,0.0,0.0,0.0,0.0,0.0,True,2544.5726528335563,0.08700399002493765,0.009202180915036775,263.83154151912515,197.93657475598104,346.6266348542468,1.0,3.419198501880178e-05,23.253834269690806,17.221271775639703,30.157900281236596,0.0037156392962162427,,2544.5726528335563,0.08700399002493765
SMS,Préstamo Personal,Retention,Basic,AR,2717.0,2551.0,2551.0,1303.0,245.0,25.0,55766.469999999994,232.01219999999998,0.0,0.0,0.0,0.0,0.0,True,2285.420462516733,0.08539278616120721,0.009147860154366997,242.1277924246795,191.06372669870885,301.98990911774115,1.0,3.736414701878167e-05,20.80491336745759,16.315463957146182,25.78775973213367,0.0040844685410877,,2285.420462516733,0.08539278616120721
SMS,Préstamo Personal,Retention,Basic,CO,4232.0,3992.0,3992.0,1954.0,351.0,31.0,79181.45999999999,356.6484999999999,0.0,0.0,0.0,0.0,0.0,True,2554.9334409861667,0.08427422022684308,0.008065841149614355,241.0460181657621,191.88538651239702,299.39523584336064,1.0,3.298489850064919e-05,20.455150394137366,16.17099132125865,25.231300040330996,0.00408945550610382,,2554.9334409861667,0.08427422022684308
SMS,Préstamo Personal,Retention,Basic,MX,6635.0,6251.0,6251.0,3194.0,640.0,76.0,186884.92,567.5603000000001,0.0,0.0,0.0,0.0,0.0,True,2465.1983194506424,0.08554036171816128,0.010716062427347317,307.525006514751,260.21257524440057,361.0481876816421,1.0,3.469918060678523e-05,26.37345974179564,22.258677810020284,30.884192571974243,0.0032380532347621605,,2465.1983194506424,0.08554036171816128
SMS,Préstamo Personal,Retention,Plus,AR,1135.0,1071.0,1071.0,531.0,95.0,10.0,16506.02,97.3783,0.0,0.0,0.0,0.0,0.0,True,1953.4775917001339,0.085795859030837,0.009021107967141114,203.00194537505655,152.5025444026629,262.4105163127587,1.0,4.391955116115147e-05,17.54473050860875,13.084086801414825,22.5137356657786,0.004868531816837356,,1953.4775917001339,0.085795859030837
SMS,Préstamo Personal,Retention,Plus,CO,1715.0,1626.0,1626.0,838.0,151.0,15.0,36702.81,146.6847,0.0,0.0,0.0,0.0,0.0,True,2474.9476937751,0.08553043731778426,0.008972176473524473,258.10816479088834,199.93044396364778,327.9257285203122,1.0,3.455848280466992e-05,22.2182393275026,17.100138305349557,28.047630968095298,0.003851739085454542,,2474.9476937751,0.08553043731778426
SMS,Préstamo Personal,Retention,Plus,MX,2852.0,2688.0,2688.0,1328.0,252.0,28.0,75221.56,241.70659999999998,0.0,0.0,0.0,0.0,0.0,True,2667.203147742485,0.08474985974754558,0.009447869428768255,295.41851465402567,234.26012954835997,366.13034963292137,1.0,3.177480493725335e-05,25.172950885062285,19.853513123665365,31.02949578070991,0.0033631714723428305,,2667.203147742485,0.08474985974754558
SMS,Préstamo Personal,Retention,Premium,AR,447.0,424.0,424.0,212.0,49.0,6.0,15092.7,37.8889,0.0,0.0,0.0,0.0,0.0,True,2535.349443227455,0.08476263982102908,0.009655479442344865,286.11081171665,211.19285518531845,378.13998126442715,1.0,3.343233022471559e-05,24.555839176295827,17.901263916847903,32.05214303384732,0.0034625240957062648,,2535.349443227455,0.08476263982102908
SMS,Préstamo Personal,Retention,Premium,CO,703.0,659.0,659.0,333.0,77.0,6.0,12548.720000000001,60.40749999999999,0.0,0.0,0.0,0.0,0.0,True,2304.0785341365463,0.08592816500711237,0.0089935574542594,238.84005069903768,177.08868416766958,309.5955605228017,1.0,3.729393930546467e-05,20.68461975036098,15.216905674051919,26.602978410072748,0.004146739429323604,,2304.0785341365463,0.08592816500711237
SMS,Préstamo Personal,Retention,Premium,MX,1102.0,1043.0,1043.0,526.0,125.0,15.0,38026.91,95.40109999999999,0.0,0.0,0.0,0.0,0.0,True,2541.1526937751005,0.08657087114337567,0.01030282496091828,299.99948797720936,234.58811336674688,381.0952751457588,1.0,3.406755971628262e-05,26.138649198392642,20.308497334040247,32.99174995799278,0.0033066231684524524,,2541.1526937751005,0.08657087114337567
SMS,Préstamo Personal,Retention,Student,AR,235.0,215.0,215.0,107.0,24.0,1.0,1967.94,20.5873,0.0,0.0,0.0,0.0,0.0,True,2460.680645917001,0.08760553191489362,0.008751381383341143,242.65545119909513,176.3527673959635,323.10619991570525,1.0,3.560215424958016e-05,21.48315509440415,15.44947799238689,28.305890508615313,0.004068175375987078,,2460.680645917001,0.08760553191489362
SMS,Préstamo Personal,Retention,Student,CO,320.0,297.0,297.0,141.0,34.0,2.0,4181.45,26.6409,0.0,0.0,0.0,0.0,0.0,True,2425.370553643144,0.0832528125,0.008827809644215291,253.17105861693102,184.08420133989594,337.78841801749115,1.0,3.4325811523911724e-05,21.297590627444333,15.325527498362604,28.12183582988181,0.0038883724170927078,,2425.370553643144,0.0832528125
SMS,Préstamo Personal,Retention,Student,MX,541.0,514.0,514.0,269.0,59.0,5.0,14349.38,45.8749,0.0,0.0,0.0,0.0,0.0,True,2714.5523875502004,0.08479648798521257,0.00912147468727859,286.4283456221702,212.7780998799639,381.5064396181446,1.0,3.123774231586622e-05,24.62233325965458,18.042835589987718,32.35040622336122,0.003424637285836295,,2714.5523875502004,0.08479648798521257
SMS,Préstamo Personal,Up-sell,Basic,AR,263.0,248.0,248.0,128.0,28.0,5.0,12371.26,23.237799999999996,1448.0,669.0,13.0,34422.67,123.6114,True,2516.740387550201,0.08835665399239542,0.00989122381430548,279.3363864167497,204.29684591621444,366.4166902044107,1.0,3.5107575826842407e-05,24.818153282038242,18.050985726356682,32.37535271342986,0.0035493662347491337,0.008977900552486187,2647.897692307692,0.08536698895027625
SMS,Préstamo Personal,Up-sell,Basic,CO,383.0,363.0,363.0,187.0,41.0,3.0,7391.35,33.22779999999999,2277.0,1068.0,19.0,42423.61,191.44449999999998,True,2523.4367344377506,0.08675665796344645,0.008957807141728143,255.9356798863059,183.86027551347524,341.4079535887794,1.0,3.438035785857607e-05,22.506927519916566,15.951103035787598,29.61941305550193,0.003838032825960506,0.00834431269213878,2232.8215789473684,0.08407751427316644
SMS,Préstamo Personal,Up-sell,Basic,MX,618.0,581.0,581.0,301.0,57.0,4.0,9491.279999999999,54.2356,3893.0,1775.0,39.0,104231.01,333.8378,True,2476.380430611334,0.08775987055016181,0.008654984568483893,239.5552880616441,176.1434822393184,312.3906476492042,1.0,3.543876759214128e-05,21.223758524111837,15.45832919957731,27.41536279877537,0.0040946078310973985,0.010017980991523246,2672.5899999999997,0.08575335217056256
SMS,Préstamo Personal,Up-sell,Plus,AR,103.0,96.0,96.0,46.0,4.0,2.0,5675.4400000000005,8.6899,577.0,271.0,3.0,5544.12,50.163999999999994,True,2638.7976965002867,0.08436796116504854,0.009438997556761551,293.5467662425741,215.7502148279612,387.04805691884826,1.0,3.197212172685378e-05,25.064633913971452,18.20240574595631,32.65445543513689,0.0033872369957285145,0.005199306759098787,1848.04,0.08693934142114383
SMS,Préstamo Personal,Up-sell,Plus,CO,146.0,137.0,137.0,79.0,16.0,1.0,1626.92,12.901399999999999,962.0,456.0,10.0,27173.36,83.023,True,2403.8439792503345,0.08836575342465752,0.008996519578752606,242.80734912660836,174.22338665083183,325.1203380323484,1.0,3.676018667909361e-05,21.666297223598836,15.395380825596174,28.729503623907803,0.004086045315336325,0.010395010395010396,2717.3360000000002,0.0863024948024948
SMS,Préstamo Personal,Up-sell,Plus,MX,215.0,202.0,202.0,117.0,23.0,3.0,3983.92,17.8088,1608.0,777.0,16.0,40969.55,134.5071,True,2097.5079844377506,0.08283162790697675,0.009421387335877397,233.1789317389639,169.1164291802854,307.81692749194514,1.0,3.949049468299414e-05,19.57702875892431,14.008189134817986,25.496977201481638,0.0041915795705173035,0.009950248756218905,2560.596875,0.08364869402985076
SMS,Préstamo Personal,Up-sell,Premium,AR,49.0,46.0,46.0,29.0,5.0,0.0,0.0,3.9164,245.0,137.0,2.0,6522.27,21.2031,True,2559.2287751004014,0.07992653061224489,0.008955179974099852,283.7506463395155,206.65435593425153,383.5664586179023,1.0,3.123070957543031e-05,22.9919396566714,16.517165705732708,30.65713629655413,0.0034874463344964244,0.00816326530612245,3261.135,0.08654326530612244
SMS,Préstamo Personal,Up-sell,Premium,CO,64.0,60.0,60.0,34.0,4.0,0.0,0.0,4.8704,387.0,181.0,6.0,10084.79,33.5302,True,2559.2287751004014,0.0761,0.00891178239649534,297.13581015523346,213.23918128753525,393.060880727159,1.0,2.9735520614804948e-05,22.829044534971498,16.227501695981434,29.9119330233368,0.0033366524553493115,0.015503875968992248,1680.7983333333334,0.08664134366925065
SMS,Préstamo Personal,Up-sell,Premium,MX,91.0,83.0,83.0,53.0,9.0,0.0,0.0,7.6564,602.0,277.0,6.0,14683.87,52.153,True,2559.2287751004014,0.08413626373626373,0.008834717545257548,264.625997031084,189.15668074303326,359.8111420803264,1.0,3.287563212591769e-05,22.544824152494236,15.914936378472087,30.273165145316607,0.0037211865526550125,0.009966777408637873,2447.311666666667,0.08663289036544851
SMS,Préstamo Personal,Up-sell,Student,AR,17.0,17.0,17.0,11.0,2.0,0.0,0.0,1.6988,123.0,52.0,1.0,426.44,10.4617,True,2559.2287751004014,0.09992941176470589,0.009049188943217858,226.39829927932584,161.59631357357327,307.5752044752916,1.0,3.9046689665633953e-05,22.94444441873235,16.148224558752133,30.73580925662503,0.004314938047005691,0.008130081300813009,426.44,0.08505447154471545
SMS,Préstamo Personal,Up-sell,Student,CO,34.0,29.0,29.0,16.0,5.0,1.0,624.39,2.7022000000000004,203.0,78.0,3.0,7700.380000000001,16.7424,True,2236.755645917001,0.0794764705882353,0.00932523664453193,257.5490845441185,185.01208942750463,345.46361643777277,1.0,3.5532030838197526e-05,20.68341138162178,14.70410788385303,27.45622895112205,0.003810308755974848,0.014778325123152709,2566.7933333333335,0.08247487684729064
SMS,Préstamo Personal,Up-sell,Student,MX,49.0,46.0,46.0,23.0,2.0,0.0,0.0,4.121,328.0,157.0,6.0,14026.77,27.389,True,2559.2287751004014,0.08410204081632654,0.008955179974099852,267.6032897691874,193.73821342539057,361.56714925358676,1.0,3.286225976926472e-05,22.754420092464585,16.29377913318438,30.408535144367985,0.003669636999402453,0.018292682926829267,2337.795,0.08350304878048781
SMS,Seguro,Cross-sell,Basic,AR,0.0,0.0,0.0,0.0,0.0,0.0,0.0,0.0,131.0,57.0,1.0,3924.86,11.765400000000001,True,2610.4974193548387,0.08981221374045803,0.00909993851392896,259.472086138035,188.3382000965734,347.6788250973873,1.0,3.4404253026480415e-05,23.602878158614534,16.915070682566604,31.22580495267787,0.003780712690950496,0.007633587786259542,3924.86,0.08981221374045803
SMS,Seguro,Cross-sell,Basic,CO,0.0,0.0,0.0,0.0,0.0,0.0,0.0,0.0,154.0,77.0,2.0,4645.21,12.6279,True,2610.4974193548387,0.08199935064935066,0.00909993851392896,285.6735434064891,205.2274240929192,384.4311160171729,1.0,3.1411389278299335e-05,23.65443622261593,16.828515511058278,31.52310188281336,0.003451824342573195,0.012987012987012988,2322.605,0.08199935064935066
SMS,Seguro,Cross-sell,Basic,MX,0.0,0.0,0.0,0.0,0.0,0.0,0.0,0.0,314.0,147.0,1.0,1222.61,27.6968,True,2610.4974193548387,0.08820636942675159,0.00909993851392896,267.23445262990685,192.0771167888977,360.60668619387644,1.0,3.378910424226775e-05,23.745564183266595,16.94242512190682,31.807806580173747,0.003713113466706169,0.0031847133757961785,1222.61,0.08820636942675159
SMS,Seguro,Cross-sell,Plus,AR,0.0,0.0,0.0,0.0,0.0,0.0,0.0,0.0,45.0,17.0,0.0,0.0,3.5075000000000003,True,2610.4974193548387,0.07794444444444446,0.00909993851392896,300.2601460658807,216.71479129031124,409.667961054921,1.0,2.9858081401094715e-05,23.682098622749493,16.89171401001704,31.931341631114122,0.003281130015921754,0.0,2610.4974193548387,0.07794444444444446
SMS,Seguro,Cross-sell,Plus,CO,0.0,0.0,0.0,0.0,0.0,0.0,0.0,0.0,56.0,26.0,0.0,0.0,4.4018,True,2610.4974193548387,0.07860357142857143,0.00909993851392896,296.6438281212314,213.10287075019485,399.37071761796295,1.0,3.0110572355209453e-05,23.59014674361424,16.750646722646565,31.39196472876338,0.0033088764620904025,0.0,2610.4974193548387,0.07860357142857143
SMS,Seguro,Cross-sell,Plus,MX,0.0,0.0,0.0,0.0,0.0,0.0,0.0,0.0,126.0,52.0,1.0,223.79,11.237900000000002,True,2610.4974193548387,0.08918968253968255,0.00909993851392896,260.6989784976397,186.8443146405534,356.39533962515816,1.0,3.416578077358337e-05,23.65754559809034,16.66458510713552,31.7867871997902,0.003754506771808072,0.007936507936507936,223.79,0.08918968253968255
SMS,Seguro,Cross-sell,Premium,AR,0.0,0.0,0.0,0.0,0.0,0.0,0.0,0.0,24.0,10.0,0.0,0.0,2.2659,True,2610.4974193548387,0.0944125,0.00909993851392896,245.96549752771296,177.1786693133944,336.7373707410074,1.0,3.616647896297603e-05,23.66416820541156,16.727881116550847,31.79221701508536,0.003974365201217267,0.0,2610.4974193548387,0.0944125
SMS,Seguro,Cross-sell,Premium,CO,0.0,0.0,0.0,0.0,0.0,0.0,0.0,0.0,39.0,21.0,0.0,0.0,3.1245,True,2610.4974193548387,0.08011538461538462,0.00909993851392896,292.21229250096593,212.8370928957909,395.7935178625782,1.0,3.068970075258087e-05,23.75906666771282,17.051525557766634,31.70914991183656,0.0033725173753212955,0.0,2610.4974193548387,0.08011538461538462
SMS,Seguro,Cross-sell,Premium,MX,0.0,0.0,0.0,0.0,0.0,0.0,0.0,0.0,44.0,26.0,0.0,0.0,3.5606999999999998,True,2610.4974193548387,0.080925,0.00909993851392896,286.9390041591537,210.20795092992148,394.7207222548727,1.0,3.0999839111122314e-05,23.724717380884154,17.011078429003895,31.942774448475575,0.003406598743900515,0.0,2610.4974193548387,0.080925
SMS,Seguro,Cross-sell,Student,AR,0.0,0.0,0.0,0.0,0.0,0.0,0.0,0.0,9.0,3.0,0.0,0.0,1.0596,True,2610.4974193548387,0.11773333333333334,0.00909993851392896,197.40871175788564,141.70672795320772,265.01362173070095,1.0,4.5099961586029874e-05,23.525972088669317,16.68360543769099,31.200937065094525,0.004956073221483522,0.0,2610.4974193548387,0.11773333333333334
SMS,Seguro,Cross-sell,Student,CO,0.0,0.0,0.0,0.0,0.0,0.0,0.0,0.0,10.0,5.0,0.0,0.0,0.7936,True,2610.4974193548387,0.07936,0.00909993851392896,295.75969396241453,213.07655936802084,399.8216922905196,1.0,3.0400336507366907e-05,23.833995909525438,16.909755751446134,31.729849500175636,0.0033407188917632977,0.0,2610.4974193548387,0.07936
SMS,Seguro,Cross-sell,Student,MX,0.0,0.0,0.0,0.0,0.0,0.0,0.0,0.0,32.0,12.0,0.0,0.0,2.5525,True,2610.4974193548387,0.079765625,0.00909993851392896,295.1148983358915,209.92664098232237,395.57910385249926,1.0,3.0555718771678916e-05,23.73239726221208,16.74492972210556,31.553614455734515,0.003357793981234965,0.0,2610.4974193548387,0.079765625
SMS,Tarjeta Crédito,Acquisition,Basic,AR,961.0,885.0,885.0,439.0,82.0,10.0,27071.15,78.7471,1302.0,618.0,18.0,55120.93,112.6583,True,2655.806275839793,0.08194287200832466,0.009414284891885238,301.23296443613737,226.90897935452682,387.8320538881822,1.0,3.085423539878242e-05,24.845277608262787,18.593573452787574,31.78007235248499,0.0032773849265362283,0.013824884792626729,3062.273888888889,0.08652711213517665
SMS,Tarjeta Crédito,Acquisition,Basic,CO,1516.0,1428.0,1428.0,715.0,154.0,18.0,41067.340000000004,127.82840000000002,1922.0,909.0,18.0,54382.51000000001,164.8841,True,2340.5775711998654,0.08431952506596307,0.01002455548083257,274.68821932813603,213.04451710140745,346.4917344205207,1.0,3.6025093166528896e-05,23.320557178261822,17.963812499898125,29.216018485620115,0.0035936848507059096,0.009365244536940686,3021.2505555555563,0.08578777315296565
SMS,Tarjeta Crédito,Acquisition,Basic,MX,2461.0,2313.0,2313.0,1123.0,225.0,28.0,64007.39,213.57550000000003,3181.0,1486.0,30.0,70729.23,269.2058,True,2326.4646708362698,0.0867840308817554,0.010120471014968043,270.18223245898366,213.39737126104023,331.6356244406737,1.0,3.730296529736687e-05,23.462996438420568,18.519484057603538,28.780676272949663,0.003685892212150628,0.009430996541967935,2357.641,0.08462929896259039
SMS,Tarjeta Crédito,Acquisition,Plus,AR,422.0,396.0,396.0,197.0,32.0,3.0,4806.66,35.12010000000001,548.0,281.0,10.0,22166.979999999996,45.1828,True,2196.5755171996125,0.08322298578199054,0.008856641185820018,228.32718435344174,168.55292563086596,302.0037209154791,1.0,3.788760510637509e-05,19.313977265333254,14.027477733290466,25.13365137185715,0.004277875134767261,0.01824817518248175,2216.6979999999994,0.08245036496350365
SMS,Tarjeta Crédito,Acquisition,Plus,CO,647.0,607.0,607.0,310.0,69.0,10.0,28544.92,53.633100000000006,820.0,391.0,7.0,12898.87,68.4547,True,2754.057609173127,0.0828950540958269,0.010217944377170855,336.54337523240133,252.33752606459757,435.28667781827363,1.0,3.0099244772412426e-05,28.101607900939932,20.917532873531943,36.083112704938564,0.002945724077306663,0.00853658536585366,1842.6957142857143,0.08348134146341464
SMS,Tarjeta Crédito,Acquisition,Plus,MX,1112.0,1056.0,1056.0,570.0,116.0,11.0,27788.42,92.81890000000001,1320.0,627.0,12.0,39959.01,112.58430000000001,True,2534.6477585998064,0.08347023381294966,0.009312540160233628,278.5531892723109,211.3045688549594,359.89946868588345,1.0,3.2931689829383e-05,23.431950133003486,17.63764176806798,30.040892800367047,0.0035362735905298715,0.00909090909090909,3329.9175,0.08529113636363637
SMS,Tarjeta Crédito,Acquisition,Premium,AR,168.0,158.0,158.0,82.0,11.0,2.0,6946.93,14.931000000000001,246.0,113.0,4.0,6797.51,20.624,True,2816.124876799557,0.08887500000000001,0.009247224833002606,287.8205692889378,211.75056509290175,385.7387932802446,1.0,3.155932491921446e-05,25.94756305459689,18.819331472631646,34.28253525278174,0.003412842824647428,0.016260162601626018,1699.3775,0.08383739837398374
SMS,Tarjeta Crédito,Acquisition,Premium,CO,264.0,250.0,250.0,119.0,16.0,2.0,6429.13,23.4626,328.0,149.0,2.0,1614.12,27.8767,True,2742.1534482281286,0.08887348484848484,0.008977829424758867,273.30547304322045,198.68758145309044,365.0470704548584,1.0,3.24101063366499e-05,24.567712425845272,17.65805775985333,32.44300528505364,0.003610015829357372,0.006097560975609756,807.06,0.08498993902439024
SMS,Tarjeta Crédito,Acquisition,Premium,MX,425.0,402.0,402.0,205.0,37.0,5.0,13579.43,35.10339999999999,581.0,278.0,10.0,31541.96,48.9967,True,2634.53741375969,0.08259623529411764,0.00942761040024901,297.9162557161854,219.4346471641169,389.36641483723764,1.0,3.1351323713503985e-05,24.788214837061897,18.124475748849083,32.1602000155235,0.0033254793508093955,0.01721170395869191,3154.196,0.08433166953528398
SMS,Tarjeta Crédito,Acquisition,Student,AR,80.0,75.0,75.0,34.0,6.0,1.0,4896.7,7.0971,94.0,34.0,0.0,0.0,8.046000000000001,True,2943.774022932817,0.08871375000000001,0.00918736389094929,298.43626189289824,219.3009342517784,406.95442332311507,1.0,3.013605980244926e-05,26.96774965132003,19.455008255978704,36.102452972081004,0.0032801639469333603,0.0,2943.774022932817,0.08559574468085107
SMS,Tarjeta Crédito,Acquisition,Student,CO,115.0,110.0,110.0,50.0,11.0,1.0,3164.37,9.6461,166.0,83.0,2.0,7726.6,14.162500000000001,True,2655.0523562661497,0.08387913043478261,0.009085161407767559,281.99052250757904,203.34128952545905,376.8155135751492,1.0,3.1592269823538775e-05,23.93519974397704,17.056090546882874,31.606957613019542,0.0034773482171189902,0.012048192771084338,3863.3,0.08531626506024097
SMS,Tarjeta Crédito,Acquisition,Student,MX,218.0,203.0,203.0,104.0,27.0,6.0,19165.09,19.2024,281.0,122.0,3.0,3265.77,24.9681,True,2902.8212852360816,0.08808440366972478,0.010335969913222111,338.8305877619905,248.42023658301952,444.12424560432726,1.0,3.0344411527408592e-05,29.99735284417728,21.881948398907223,39.12041932932355,0.0029358068746495702,0.010676156583629894,1088.59,0.08885444839857651
SMS,Tarjeta Crédito,Cross-sell,Basic,AR,2018.0,1896.0,1896.0,973.0,195.0,18.0,40350.8,173.09969999999998,305.0,144.0,1.0,3728.08,25.179000000000002,True,2309.4236581563873,0.08577784935579781,0.009027913226081631,242.46792681056473,185.45656296260475,305.5156525981641,1.0,3.71425351311566e-05,20.822818728305617,15.908065119850342,26.206475624403577,0.004114188318054704,0.003278688524590164,3728.08,0.08255409836065575
SMS,Tarjeta Crédito,Cross-sell,Basic,CO,3153.0,2946.0,2946.0,1405.0,267.0,24.0,48951.96,267.789,485.0,236.0,2.0,4026.15,42.5802,True,2128.203590951617,0.08493149381541389,0.00834122362114728,206.76931160084737,163.5674337808089,258.3243726382369,1.0,3.990759820935982e-05,17.65844470081611,13.892026490557893,21.93987485709509,0.004784381767224554,0.004123711340206186,2013.075,0.0877942268041237
SMS,Tarjeta Crédito,Cross-sell,Basic,MX,5097.0,4812.0,4812.0,2473.0,478.0,42.0,121434.79000000001,430.7595,707.0,314.0,8.0,25486.86,59.0381,True,2855.334768885041,0.08451236021188935,0.008560785576415274,288.179728192894,235.16093498916118,348.9987976345662,1.0,2.9598056638693183e-05,24.485813726105036,19.87400564556868,29.49471209920873,0.0034573996012976895,0.011315417256011316,3185.8575,0.0835050919377652
SMS,Tarjeta Crédito,Cross-sell,Plus,AR,851.0,804.0,804.0,408.0,90.0,8.0,14334.369999999999,72.1637,127.0,64.0,2.0,8660.34,11.2224,True,2084.6395490459154,0.08479870740305523,0.009165866848661768,222.91275116257304,167.50349980237655,287.47812554428197,1.0,4.067787519519399e-05,19.02029895818547,14.204080268729449,24.377773452808345,0.0044379736108792625,0.015748031496062992,4330.17,0.08836535433070866
SMS,Tarjeta Crédito,Cross-sell,Plus,CO,1257.0,1181.0,1181.0,583.0,115.0,12.0,26811.810000000005,104.58479999999999,196.0,96.0,2.0,2041.3600000000001,15.867199999999997,True,2328.1031845645234,0.08320190930787588,0.009230848144463007,255.89708247898824,192.72703028425397,327.7743649369048,1.0,3.57380677366493e-05,21.481174957774815,16.035256894886746,27.271452984926967,0.0038715909066369234,0.01020408163265306,1020.6800000000001,0.08095510204081631
SMS,Tarjeta Crédito,Cross-sell,Plus,MX,2253.0,2105.0,2105.0,1038.0,205.0,11.0,35046.89,188.34870000000006,334.0,164.0,2.0,2093.77,29.0394,True,2988.3021335998064,0.0835990679094541,0.007301744704692447,260.4952487837225,197.36354471121464,331.5487448553186,1.0,2.7975440290820905e-05,21.895469026671226,16.499408377163412,27.71716603645405,0.003831336402769952,0.005988023952095809,1046.885,0.08694431137724551
SMS,Tarjeta Crédito,Cross-sell,Premium,AR,366.0,350.0,350.0,165.0,34.0,6.0,15129.32,31.3552,40.0,10.0,0.0,0.0,3.0218,True,2535.9331034179,0.08566994535519126,0.009885691139030105,288.0967743366307,213.53949679139774,378.9225018464929,1.0,3.378241533253632e-05,24.92388133359583,18.293917021294085,32.462270027041406,0.003417304350037659,0.0,2535.9331034179,0.075545
SMS,Tarjeta Crédito,Cross-sell,Premium,CO,547.0,517.0,517.0,241.0,52.0,4.0,9630.88,48.0601,70.0,37.0,0.0,0.0,5.794899999999999,True,2488.5360152885446,0.08786124314442413,0.008826716161288354,244.4132608801017,178.09556242301866,325.65036694376266,1.0,3.53063980608039e-05,21.71382716893153,15.647697512991808,28.612046070116868,0.003999947139531736,0.0,2488.5360152885446,0.0827842857142857
SMS,Tarjeta Crédito,Cross-sell,Premium,MX,837.0,793.0,793.0,390.0,67.0,6.0,13742.560000000001,70.5884,129.0,55.0,1.0,3847.32,10.488,True,2409.864012508809,0.08433500597371564,0.00868201424345526,244.12529942080653,182.43014436841617,321.5502126502688,1.0,3.499575309476404e-05,20.899873029641682,15.385247315096185,27.117939104709954,0.0040308334118600185,0.007751937984496124,3847.32,0.08130232558139534
SMS,Tarjeta Crédito,Cross-sell,Student,AR,157.0,146.0,146.0,67.0,14.0,1.0,4151.8,12.8735,20.0,13.0,0.0,0.0,1.7948,True,2819.6240229328164,0.0819968152866242,0.008965480371798036,301.14028529109186,221.56347452657985,410.7595402609977,1.0,2.9080762051862385e-05,25.137846965590267,18.167499295018633,33.680974149999706,0.0032436367986861375,0.0,2819.6240229328164,0.08974
SMS,Tarjeta Crédito,Cross-sell,Student,CO,264.0,249.0,249.0,130.0,39.0,2.0,6651.84,23.1022,28.0,9.0,0.0,0.0,2.5168999999999997,True,2773.969162513843,0.08750833333333333,0.008977829424758867,279.9963238595433,203.6578956475422,372.9860289296012,1.0,3.154625311480788e-05,24.798525598028366,17.821763018290337,32.63938574824785,0.0035137951081817497,0.0,2773.969162513843,0.0898892857142857
SMS,Tarjeta Crédito,Cross-sell,Student,MX,458.0,428.0,428.0,200.0,47.0,5.0,14380.099999999999,39.2261,70.0,27.0,0.0,0.0,5.521700000000001,True,2714.60441375969,0.08564650655021834,0.009338448438608364,291.18048151996607,214.4588890219503,380.27023918513345,1.0,3.155027160351482e-05,25.15069536506593,18.367654643371015,32.56881753122263,0.0033785346474768897,0.0,2714.60441375969,0.07888142857142859
SMS,Tarjeta Crédito,Reactivation,Basic,AR,2911.0,2722.0,2722.0,1385.0,275.0,30.0,78031.93,248.0455,1654.0,776.0,18.0,48011.42999999999,138.76489999999995,True,2594.2249753599112,0.08520972174510477,0.009690634066011278,292.2316124364564,234.0578682818733,362.1799037343757,1.0,3.284592606825981e-05,25.08088063629413,19.944005828550807,30.861248818874987,0.0033894506638593347,0.010882708585247884,2667.3016666666663,0.08389655380894798
SMS,Tarjeta Crédito,Reactivation,Basic,CO,4524.0,4255.0,4255.0,2096.0,443.0,41.0,116877.18,388.1496,2362.0,1128.0,19.0,40171.11,201.91150000000002,True,2818.3287855999324,0.08579787798408489,0.00907768628586711,295.45241081927094,241.4983229335196,360.06324512202787,1.0,3.0442820732081924e-05,25.539489229000633,20.720043644411245,30.892662371533397,0.0033535881031136554,0.008044030482641828,2114.268947368421,0.08548327688399662
SMS,Tarjeta Crédito,Reactivation,Basic,MX,7427.0,6989.0,6989.0,3497.0,726.0,76.0,168538.85,632.7183,4054.0,1818.0,38.0,98479.61000000002,344.22450000000015,True,2238.330791822184,0.08519163861586104,0.009904540782327139,257.79247596790356,218.22440500584722,303.80977494581884,1.0,3.806034341622406e-05,22.056713667813447,18.590894648419432,25.882052555150278,0.00384271661379151,0.009373458312777503,2591.5686842105265,0.08490984213122846
SMS,Tarjeta Crédito,Reactivation,Plus,AR,1218.0,1143.0,1143.0,553.0,111.0,9.0,26014.629999999997,103.48179999999999,638.0,305.0,8.0,24357.510000000002,52.67289999999999,True,2770.0410098283496,0.08496042692939244,0.008609567299354968,275.8986331815911,209.10725109766824,359.9083449021561,1.0,3.067118018395589e-05,23.696044759756752,17.76584132728956,30.577966638338207,0.003562453154440617,0.012539184952978056,3044.6887500000003,0.08255940438871472
SMS,Tarjeta Crédito,Reactivation,Plus,CO,1849.0,1735.0,1735.0,868.0,161.0,15.0,33585.92,154.4005,1005.0,492.0,9.0,19231.05,86.3194,True,2317.593206879845,0.08350486749594375,0.008725823520707146,238.20863990670478,185.12835629934497,306.75252286605894,1.0,3.603085616926087e-05,20.128029632777608,15.459118862518666,25.61532877597671,0.004129221280232918,0.008955223880597015,2136.7833333333333,0.08588995024875622
SMS,Tarjeta Crédito,Reactivation,Plus,MX,3168.0,2979.0,2979.0,1513.0,300.0,27.0,67968.26,269.8801,1590.0,772.0,21.0,56654.78999999999,135.4996,True,2522.943879299903,0.08518942550505051,0.008804967984744793,258.25777468250857,201.46349165781805,317.7561969755181,1.0,3.3765882072925815e-05,22.021408675373493,17.162559114571057,27.069467871014055,0.0038348671035973677,0.013207547169811321,2697.8471428571424,0.08521987421383646
SMS,Tarjeta Crédito,Reactivation,Premium,AR,518.0,485.0,485.0,245.0,43.0,2.0,4925.74,42.6813,289.0,153.0,5.0,16506.85,24.092100000000002,True,2527.3834482281286,0.08239633204633205,0.008335341934693626,250.9881933493395,185.00928141996624,335.848169027077,1.0,3.260143691456775e-05,20.9468748235911,15.244086183532831,27.67265725230769,0.00391122969759321,0.01730103806228374,3301.37,0.08336366782006921
SMS,Tarjeta Crédito,Reactivation,Premium,CO,763.0,725.0,725.0,344.0,78.0,12.0,28500.88,65.825,422.0,194.0,2.0,5607.610000000001,36.5792,True,2427.460243388053,0.08627129750982962,0.010432667124730193,292.91195971408376,223.0476073906902,371.7767435479566,1.0,3.553973653937957e-05,25.358836331706502,19.242606496057903,32.07366204986139,0.0034065820479534078,0.004739336492890996,2803.8050000000003,0.08668056872037914
SMS,Tarjeta Crédito,Reactivation,Premium,MX,1295.0,1221.0,1221.0,596.0,115.0,10.0,32344.51,109.5951,697.0,337.0,6.0,14409.570000000003,60.354200000000006,True,3007.3636091731264,0.08462942084942085,0.008687477937611909,306.20505475018143,230.64892685554116,396.9255905780757,1.0,2.8140734492923413e-05,26.146989291945083,19.519685099324878,33.59158285093688,0.0032392294627983814,0.00860832137733142,2401.5950000000007,0.08659139167862268
SMS,Tarjeta Crédito,Reactivation,Student,AR,238.0,223.0,223.0,102.0,16.0,2.0,9170.92,19.4044,152.0,66.0,3.0,11704.630000000001,12.6188,True,3133.8377339424146,0.08153109243697479,0.00904922847593066,343.1954726624298,250.70270965245703,461.3467795444562,1.0,2.6016373328432502e-05,28.33827647739993,20.440065794874528,37.61410692853969,0.0028749824802889474,0.019736842105263157,3901.5433333333335,0.08301842105263157
SMS,Tarjeta Crédito,Reactivation,Student,CO,377.0,359.0,359.0,187.0,43.0,4.0,14351.5,31.6932,195.0,105.0,1.0,969.16,16.5532,True,3013.049348621878,0.08406684350132626,0.009266979662166682,326.408674629597,237.5541448935561,434.5957293872554,1.0,2.790091823082059e-05,27.772530307622826,19.970427121857963,36.535091168743136,0.0030107887626783856,0.005128205128205128,969.16,0.08488820512820514
SMS,Tarjeta Crédito,Reactivation,Student,MX,575.0,541.0,541.0,283.0,59.0,5.0,11791.96,47.4015,335.0,150.0,6.0,15300.849999999999,28.8596,True,2455.7904137596897,0.08243739130434782,0.009035477468815696,267.68025601336444,198.66671573065403,354.50703302114084,1.0,3.356857769394921e-05,22.325643615675606,16.37756578383756,29.224635001307146,0.0037151968791693676,0.01791044776119403,2550.1416666666664,0.08614805970149254
SMS,Tarjeta Crédito,Retention,Basic,AR,6624.0,6259.0,6259.0,3196.0,664.0,74.0,170157.61,564.2230999999999,0.0,0.0,0.0,0.0,0.0,True,2315.4880270581884,0.08517860809178743,0.010521130420356604,284.3944808776753,241.48359881160857,332.2113363792235,1.0,3.678646017444809e-05,24.292726747487517,20.56923682376843,28.297299225094843,0.003496436096189106,,2315.4880270581884,0.08517860809178743
SMS,Tarjeta Crédito,Retention,Basic,CO,9912.0,9348.0,9348.0,4692.0,928.0,93.0,226802.47,843.9091999999998,0.0,0.0,0.0,0.0,0.0,True,2444.5756544652745,0.08514015334947536,0.009316375863850744,265.48200720204164,228.08923270032722,306.41119651578117,1.0,3.4828193266981906e-05,22.657897624166587,19.41955224947003,26.08789625934984,0.003738384300500554,,2444.5756544652745,0.08514015334947536
SMS,Tarjeta Crédito,Retention,Basic,MX,15904.0,14955.0,14955.0,7437.0,1481.0,155.0,409297.73,1359.4874,0.0,0.0,0.0,0.0,0.0,True,2637.89796335998,0.08548084758551308,0.009642554060373112,296.18016243843783,261.71036444824915,332.9791263238555,1.0,3.240491056622722e-05,25.36281773272255,22.371223774949872,28.463337946446796,0.0033606148706386754,,2637.89796335998,0.08548084758551308
SMS,Tarjeta Crédito,Retention,Plus,AR,2639.0,2469.0,2469.0,1313.0,290.0,18.0,48080.869999999995,223.415,0.0,0.0,0.0,0.0,0.0,True,2645.513658156387,0.08465896172792724,0.008039190786553073,247.12316911561564,191.8958460764847,312.3746672284506,1.0,3.200095432012421e-05,21.089761204827976,16.245703088737333,26.445314997667406,0.003980618842091831,,2645.513658156387,0.08465896172792724
SMS,Tarjeta Crédito,Retention,Plus,CO,4046.0,3800.0,3800.0,1914.0,365.0,29.0,83190.13,345.97669999999994,0.0,0.0,0.0,0.0,0.0,True,2822.2374746352034,0.08551080079090458,0.00799522737257457,262.0298508111397,207.30793129115608,323.33602904103617,1.0,3.0298938894912636e-05,22.490885435971126,17.72706721501258,27.648722767850177,0.003789628172282481,,2822.2374746352034,0.08551080079090458
SMS,Tarjeta Crédito,Retention,Plus,MX,6777.0,6344.0,6344.0,3168.0,648.0,69.0,193850.84,578.1974,0.0,0.0,0.0,0.0,0.0,True,2792.1187045621205,0.08531760365943633,0.009847237317165997,320.9977611046713,268.97437405857426,376.24041076287335,1.0,3.055658182441654e-05,27.419128117497134,22.94824904047441,32.09993024613035,0.0031030613805914267,,2792.1187045621205,0.08531760365943633
SMS,Tarjeta Crédito,Retention,Premium,AR,1097.0,1024.0,1024.0,469.0,111.0,10.0,32428.05,92.1579,0.0,0.0,0.0,0.0,0.0,True,3012.9329425064598,0.08400902461257977,0.009104145458661178,322.11052788036307,243.70977890553544,415.50110955610864,1.0,2.788280596205126e-05,27.250656875393698,20.4738208144015,34.90584293925333,0.00306264943685902,,3012.9329425064598,0.08400902461257977
SMS,Tarjeta Crédito,Retention,Premium,CO,1690.0,1592.0,1592.0,785.0,146.0,21.0,48548.82,140.53,0.0,0.0,0.0,0.0,0.0,True,2358.2601591383423,0.08315384615384615,0.010290527222996143,285.9673419500814,226.96349839422155,360.5142652084942,1.0,3.5260675473663085e-05,24.04645798026491,18.872887828011805,29.978147745414017,0.0034265178750867483,,2358.2601591383423,0.08315384615384615
SMS,Tarjeta Crédito,Retention,Premium,MX,2804.0,2607.0,2607.0,1307.0,265.0,20.0,45137.22,235.7632,0.0,0.0,0.0,0.0,0.0,True,2316.126565503876,0.08408102710413695,0.00815461513618608,222.0179722821091,171.84081542626214,280.94888213151256,1.0,3.6302431981235456e-05,18.823880748628618,14.448552259452542,23.622470573376685,0.0044517652120875115,,2316.126565503876,0.08408102710413695
SMS,Tarjeta Crédito,Retention,Student,AR,539.0,509.0,509.0,252.0,55.0,4.0,5971.4,45.4312,0.0,0.0,0.0,0.0,0.0,True,2081.927126399655,0.08428794063079777,0.008846494360339026,214.17119059541847,155.95430663609991,285.2620957483339,1.0,4.048553840429548e-05,18.310973044507076,13.14506733886082,24.044154590652518,0.004576449919620357,,2081.927126399655,0.08428794063079777
SMS,Tarjeta Crédito,Retention,Student,CO,792.0,735.0,735.0,370.0,72.0,10.0,26453.91,66.0866,0.0,0.0,0.0,0.0,0.0,True,2614.65694250646,0.08344267676767678,0.009830423314766825,306.05086881929896,229.84636969883317,393.3287944476406,1.0,3.1913432087839044e-05,25.670730604251077,19.178996333003674,32.82040745851445,0.00324639449044886,,2614.65694250646,0.08344267676767678
SMS,Tarjeta Crédito,Retention,Student,MX,1378.0,1295.0,1295.0,649.0,125.0,11.0,25639.399999999998,117.84459999999999,0.0,0.0,0.0,0.0,0.0,True,2400.334008599806,0.08551857764876632,0.008750739800024882,242.46363995981324,182.5539186955356,315.31590070396624,1.0,3.562778235961091e-05,20.924938885803684,15.611751471050733,26.965367338242828,0.0040714023241223115,,2400.334008599806,0.08551857764876632
SMS,Tarjeta Crédito,Up-sell,Basic,AR,455.0,426.0,426.0,198.0,44.0,4.0,2902.7799999999997,38.2564,1680.0,784.0,17.0,46460.47,143.1506,True,1740.9693486218775,0.08408,0.009059645714298268,184.57386947734653,134.0434814605315,240.19091162944105,1.0,4.829493412193404e-05,15.571338415002133,11.270375921201488,20.195251849803405,0.005330775136792954,0.01011904761904762,2732.968823529412,0.08520869047619048
SMS,Tarjeta Crédito,Up-sell,Basic,CO,645.0,601.0,601.0,296.0,58.0,4.0,12521.22,56.1363,2667.0,1231.0,22.0,59865.54,225.39660000000003,True,2809.684904177433,0.08703302325581395,0.008591419084747054,270.54354999705384,198.79521172789472,356.5825489467764,1.0,3.097607960466081e-05,23.78337288212496,17.30174828545832,31.034457275102213,0.0036054671875633223,0.008248968878890138,2721.160909090909,0.08451316085489315
SMS,Tarjeta Crédito,Up-sell,Basic,MX,1050.0,982.0,982.0,502.0,110.0,6.0,14085.3,90.0477,4372.0,2072.0,37.0,81727.2,373.1464000000001,True,2441.0221943269908,0.08575971428571429,0.008228904298116783,231.3910550399549,173.74145446917836,304.0063301041982,1.0,3.513270566938e-05,20.10831620340218,14.900017494861174,26.07149601078458,0.004269426936636055,0.008462946020128087,2208.8432432432433,0.08534913083257092
SMS,Tarjeta Crédito,Up-sell,Plus,AR,161.0,147.0,147.0,83.0,15.0,0.0,0.0,12.03,766.0,350.0,9.0,29901.91,65.6695,True,2553.18882751938,0.07472049689440993,0.008640990796791662,289.7554274916736,210.92086882209114,388.0091524409184,1.0,2.9265558461262208e-05,21.9739555418811,15.760112123787307,28.992236669964274,0.0033868290280008517,0.01174934725848564,3322.4344444444446,0.08573041775456919
SMS,Tarjeta Crédito,Up-sell,Plus,CO,260.0,240.0,240.0,128.0,28.0,2.0,8535.72,22.1704,1063.0,495.0,10.0,29490.920000000002,88.01230000000001,True,3043.094876799557,0.08527076923076923,0.008988740470380417,315.2293990832233,230.2416970653402,427.90575621905435,1.0,2.8021068248929875e-05,27.241684364893356,19.6328866177593,36.48785299107278,0.0031173520184796235,0.00940733772342427,2949.092,0.0827961429915334
SMS,Tarjeta Crédito,Up-sell,Plus,MX,451.0,426.0,426.0,197.0,41.0,2.0,5756.26,38.8063,1817.0,817.0,17.0,43975.75,152.78159999999997,True,2646.0291625138425,0.0860450110864745,0.008495716097913492,254.0773571722545,184.08351655569086,344.0867900622239,1.0,3.251854223886482e-05,22.22499383428556,15.839468222871632,29.606951665613476,0.0038276399380684605,0.009356081452944413,2586.8088235294117,0.08408453494771599
SMS,Tarjeta Crédito,Up-sell,Premium,AR,62.0,61.0,61.0,34.0,6.0,2.0,6470.92,5.7475,301.0,144.0,4.0,8146.789999999999,25.235999999999997,True,2748.123448228129,0.0927016129032258,0.009564107074282577,278.0950584091006,203.37242717396447,376.72249207888575,1.0,3.373269601953136e-05,26.219226370625428,18.852952019070333,34.92278263263542,0.003527009448716541,0.013289036544850499,2036.6974999999998,0.08384053156146179
SMS,Tarjeta Crédito,Up-sell,Premium,CO,108.0,103.0,103.0,48.0,6.0,2.0,5915.13,8.635299999999999,431.0,209.0,5.0,13992.99,36.143299999999996,True,2668.7248767995575,0.07995648148148148,0.009423963863689943,311.1767797703192,226.69454270220186,409.27705551144874,1.0,2.996055613547115e-05,25.02989707429112,18.125698005521514,32.72435330979642,0.003179188350976988,0.01160092807424594,2798.598,0.08385916473317864
SMS,Tarjeta Crédito,Up-sell,Premium,MX,169.0,159.0,159.0,87.0,15.0,1.0,2972.98,13.752,720.0,325.0,4.0,13237.99,60.793,True,2623.1540229328166,0.08137278106508876,0.008931862772983265,283.98080335571615,207.27125177981256,380.6540373534671,1.0,3.1020969547990915e-05,23.339575344140936,16.866238192165575,30.9748776431058,0.0034730683102098116,0.005555555555555556,3309.4975,0.08443472222222222
SMS,Tarjeta Crédito,Up-sell,Student,AR,33.0,32.0,32.0,16.0,5.0,0.0,0.0,3.1464000000000003,140.0,69.0,3.0,4374.93,11.0115,True,2553.18882751938,0.09534545454545455,0.009001939026944052,236.83259794076133,171.60947272450835,321.0296395376278,1.0,3.734367529646839e-05,22.91633542018332,16.362183181224033,30.608716904278552,0.0041484034922580106,0.02142857142857143,1458.3100000000002,0.07865357142857143
SMS,Tarjeta Crédito,Up-sell,Student,CO,57.0,53.0,53.0,29.0,7.0,0.0,0.0,4.0036,210.0,92.0,1.0,3056.49,18.1681,True,2553.18882751938,0.07023859649122806,0.008931982137305377,318.72503308381727,228.94505626904927,420.93357579550525,1.0,2.751014563990172e-05,22.570658268675345,16.080779425943255,29.565783579910253,0.0030799597689523646,0.004761904761904762,3056.49,0.0865147619047619
SMS,Tarjeta Crédito,Up-sell,Student,MX,94.0,88.0,88.0,46.0,10.0,2.0,5937.5,7.7833000000000006,378.0,169.0,3.0,11831.279999999999,32.247,True,2671.9205910852716,0.08280106382978723,0.00946617942508923,302.01677909727096,221.4118575810825,403.0851436687162,1.0,3.0989343061335285e-05,25.37133990959265,18.333137352242975,33.37587870975233,0.003273690648541999,0.007936507936507936,3943.7599999999998,0.08530952380952381
Voice,(unknown),Retention,Basic,AR,278.0,260.0,0.0,0.0,0.0,0.0,0.0,48.4456,0.0,0.0,0.0,0.0,0.0,False,2605.190066934404,0.17426474820143883,,,,,,6.689137595496084e-05,,,,,,2605.190066934404,0.17426474820143883
Voice,(unknown),Retention,Basic,CO,408.0,383.0,0.0,0.0,0.0,0.0,0.0,70.6358,0.0,0.0,0.0,0.0,0.0,False,2605.190066934404,0.17312696078431372,,,,,,6.645463721886395e-05,,,,,,2605.190066934404,0.17312696078431372
Voice,(unknown),Retention,Basic,MX,653.0,616.0,0.0,0.0,0.0,0.0,0.0,110.60649999999995,0.0,0.0,0.0,0.0,0.0,False,2605.190066934404,0.16938208269525262,,,,,,6.501716893714745e-05,,,,,,2605.190066934404,0.16938208269525262
Voice,(unknown),Retention,Plus,AR,122.0,117.0,0.0,0.0,0.0,0.0,0.0,20.952700000000004,0.0,0.0,0.0,0.0,0.0,False,2605.190066934404,0.17174344262295085,,,,,,6.592357494478163e-05,,,,,,2605.190066934404,0.17174344262295085
Voice,(unknown),Retention,Plus,CO,158.0,149.0,0.0,0.0,0.0,0.0,0.0,28.108,0.0,0.0,0.0,0.0,0.0,False,2605.190066934404,0.1778987341772152,,,,,,6.828627839294402e-05,,,,,,2605.190066934404,0.1778987341772152
Voice,(unknown),Retention,Plus,MX,298.0,281.0,0.0,0.0,0.0,0.0,0.0,49.898799999999994,0.0,0.0,0.0,0.0,0.0,False,2605.190066934404,0.1674456375838926,,,,,,6.42738661217645e-05,,,,,,2605.190066934404,0.1674456375838926
Voice,(unknown),Retention,Premium,AR,53.0,51.0,0.0,0.0,0.0,0.0,0.0,10.482800000000001,0.0,0.0,0.0,0.0,0.0,False,2605.190066934404,0.19778867924528304,,,,,,7.59210169559821e-05,,,,,,2605.190066934404,0.19778867924528304
Voice,(unknown),Retention,Premium,CO,69.0,64.0,0.0,0.0,0.0,0.0,0.0,12.3591,0.0,0.0,0.0,0.0,0.0,False,2605.190066934404,0.1791173913043478,,,,,,6.875405889871213e-05,,,,,,2605.190066934404,0.1791173913043478
Voice,(unknown),Retention,Premium,MX,117.0,112.0,0.0,0.0,0.0,0.0,0.0,20.148400000000002,0.0,0.0,0.0,0.0,0.0,False,2605.190066934404,0.17220854700854704,,,,,,6.610210486914277e-05,,,,,,2605.190066934404,0.17220854700854704
Voice,(unknown),Retention,Student,AR,17.0,16.0,0.0,0.0,0.0,0.0,0.0,2.7526,0.0,0.0,0.0,0.0,0.0,False,2605.190066934404,0.16191764705882353,,,,,,6.215195164219104e-05,,,,,,2605.190066934404,0.16191764705882353
Voice,(unknown),Retention,Student,CO,39.0,37.0,0.0,0.0,0.0,0.0,0.0,6.543000000000001,0.0,0.0,0.0,0.0,0.0,False,2605.190066934404,0.1677692307692308,,,,,,6.439807709179902e-05,,,,,,2605.190066934404,0.1677692307692308
Voice,(unknown),Retention,Student,MX,58.0,54.0,0.0,0.0,0.0,0.0,0.0,9.4872,0.0,0.0,0.0,0.0,0.0,False,2605.190066934404,0.16357241379310344,,,,,,6.27871324511779e-05,,,,,,2605.190066934404,0.16357241379310344
Voice,Cuenta Ahorro,Acquisition,Basic,AR,1239.0,1167.0,0.0,0.0,0.0,0.0,0.0,210.1999,0.0,0.0,0.0,0.0,0.0,False,2529.0895193434935,0.16965286521388218,,,,,,6.708060901613361e-05,,,,,,2529.0895193434935,0.16965286521388218
Voice,Cuenta Ahorro,Acquisition,Basic,CO,1912.0,1807.0,0.0,0.0,0.0,0.0,0.0,324.63739999999996,0.0,0.0,0.0,0.0,0.0,False,2529.0895193434935,0.16978943514644348,,,,,,6.713460865968785e-05,,,,,,2529.0895193434935,0.16978943514644348
Voice,Cuenta Ahorro,Acquisition,Basic,MX,3245.0,3036.0,0.0,0.0,0.0,0.0,0.0,560.6931,0.0,0.0,0.0,0.0,0.0,False,2529.0895193434935,0.17278677966101694,,,,,,6.83197563152566e-05,,,,,,2529.0895193434935,0.17278677966101694
Voice,Cuenta Ahorro,Acquisition,Plus,AR,523.0,488.0,0.0,0.0,0.0,0.0,0.0,89.3963,0.0,0.0,0.0,0.0,0.0,False,2529.0895193434935,0.17092982791586997,,,,,,6.758551906072519e-05,,,,,,2529.0895193434935,0.17092982791586997
Voice,Cuenta Ahorro,Acquisition,Plus,CO,820.0,769.0,0.0,0.0,0.0,0.0,0.0,136.6167,0.0,0.0,0.0,0.0,0.0,False,2529.0895193434935,0.16660573170731707,,,,,,6.587577483242465e-05,,,,,,2529.0895193434935,0.16660573170731707
Voice,Cuenta Ahorro,Acquisition,Plus,MX,1367.0,1289.0,0.0,0.0,0.0,0.0,0.0,240.08320000000003,0.0,0.0,0.0,0.0,0.0,False,2529.0895193434935,0.1756277980980249,,,,,,6.944309276312795e-05,,,,,,2529.0895193434935,0.1756277980980249
Voice,Cuenta Ahorro,Acquisition,Premium,AR,228.0,206.0,0.0,0.0,0.0,0.0,0.0,39.2142,0.0,0.0,0.0,0.0,0.0,False,2529.0895193434935,0.1719921052631579,,,,,,6.800554268549734e-05,,,,,,2529.0895193434935,0.1719921052631579
Voice,Cuenta Ahorro,Acquisition,Premium,CO,315.0,293.0,0.0,0.0,0.0,0.0,0.0,54.4401,0.0,0.0,0.0,0.0,0.0,False,2529.0895193434935,0.17282571428571428,,,,,,6.833515103513487e-05,,,,,,2529.0895193434935,0.17282571428571428
Voice,Cuenta Ahorro,Acquisition,Premium,MX,553.0,516.0,0.0,0.0,0.0,0.0,0.0,93.62899999999999,0.0,0.0,0.0,0.0,0.0,False,2529.0895193434935,0.16931103074141046,,,,,,6.694544793549285e-05,,,,,,2529.0895193434935,0.16931103074141046
Voice,Cuenta Ahorro,Acquisition,Student,AR,117.0,109.0,0.0,0.0,0.0,0.0,0.0,19.7468,0.0,0.0,0.0,0.0,0.0,False,2529.0895193434935,0.16877606837606837,,,,,,6.673392423842696e-05,,,,,,2529.0895193434935,0.16877606837606837
Voice,Cuenta Ahorro,Acquisition,Student,CO,144.0,136.0,0.0,0.0,0.0,0.0,0.0,24.259700000000002,0.0,0.0,0.0,0.0,0.0,False,2529.0895193434935,0.1684701388888889,,,,,,6.661295996063466e-05,,,,,,2529.0895193434935,0.1684701388888889
Voice,Cuenta Ahorro,Acquisition,Student,MX,249.0,237.0,0.0,0.0,0.0,0.0,0.0,44.2049,0.0,0.0,0.0,0.0,0.0,False,2529.0895193434935,0.177529718875502,,,,,,7.019511073755331e-05,,,,,,2529.0895193434935,0.177529718875502
Voice,Cuenta Ahorro,Reactivation,Basic,AR,0.0,0.0,0.0,0.0,0.0,0.0,0.0,0.0,436.0,0.0,0.0,0.0,71.91839999999999,False,2529.0895193434935,0.1649504587155963,,,,,,6.52212811978338e-05,,,,,0.0,2529.0895193434935,0.1649504587155963
Voice,Cuenta Ahorro,Reactivation,Basic,CO,0.0,0.0,0.0,0.0,0.0,0.0,0.0,0.0,658.0,0.0,0.0,0.0,109.63740000000001,False,2529.0895193434935,0.16662218844984805,,,,,,6.58822818154338e-05,,,,,0.0,2529.0895193434935,0.16662218844984805
Voice,Cuenta Ahorro,Reactivation,Basic,MX,0.0,0.0,0.0,0.0,0.0,0.0,0.0,0.0,1106.0,0.0,0.0,0.0,185.89790000000002,False,2529.0895193434935,0.16808128390596747,,,,,,6.645920700727049e-05,,,,,0.0,2529.0895193434935,0.16808128390596747
Voice,Cuenta Ahorro,Reactivation,Plus,AR,0.0,0.0,0.0,0.0,0.0,0.0,0.0,0.0,160.0,0.0,0.0,0.0,28.115899999999996,False,2529.0895193434935,0.175724375,,,,,,6.948127919395075e-05,,,,,0.0,2529.0895193434935,0.175724375
Voice,Cuenta Ahorro,Reactivation,Plus,CO,0.0,0.0,0.0,0.0,0.0,0.0,0.0,0.0,308.0,0.0,0.0,0.0,51.2712,False,2529.0895193434935,0.16646493506493507,,,,,,6.582010395114301e-05,,,,,0.0,2529.0895193434935,0.16646493506493507
Voice,Cuenta Ahorro,Reactivation,Plus,MX,0.0,0.0,0.0,0.0,0.0,0.0,0.0,0.0,490.0,0.0,0.0,0.0,81.80120000000001,False,2529.0895193434935,0.16694122448979593,,,,,,6.600842841384709e-05,,,,,0.0,2529.0895193434935,0.16694122448979593
Voice,Cuenta Ahorro,Reactivation,Premium,AR,0.0,0.0,0.0,0.0,0.0,0.0,0.0,0.0,74.0,0.0,0.0,0.0,13.4231,False,2529.0895193434935,0.18139324324324324,,,,,,7.172274522347856e-05,,,,,0.0,2529.0895193434935,0.18139324324324324
Voice,Cuenta Ahorro,Reactivation,Premium,CO,0.0,0.0,0.0,0.0,0.0,0.0,0.0,0.0,109.0,0.0,0.0,0.0,19.4924,False,2529.0895193434935,0.17882935779816514,,,,,,7.070898694190392e-05,,,,,0.0,2529.0895193434935,0.17882935779816514
Voice,Cuenta Ahorro,Reactivation,Premium,MX,0.0,0.0,0.0,0.0,0.0,0.0,0.0,0.0,230.0,0.0,0.0,0.0,40.4234,False,2529.0895193434935,0.17575391304347826,,,,,,6.949295851303074e-05,,,,,0.0,2529.0895193434935,0.17575391304347826
Voice,Cuenta Ahorro,Reactivation,Student,AR,0.0,0.0,0.0,0.0,0.0,0.0,0.0,0.0,30.0,0.0,0.0,0.0,4.9577,False,2529.0895193434935,0.16525666666666666,,,,,,6.53423555800288e-05,,,,,0.0,2529.0895193434935,0.16525666666666666
Voice,Cuenta Ahorro,Reactivation,Student,CO,0.0,0.0,0.0,0.0,0.0,0.0,0.0,0.0,56.0,0.0,0.0,0.0,10.2611,False,2529.0895193434935,0.1832339285714286,,,,,,7.245055074958076e-05,,,,,0.0,2529.0895193434935,0.1832339285714286
Voice,Cuenta Ahorro,Reactivation,Student,MX,0.0,0.0,0.0,0.0,0.0,0.0,0.0,0.0,89.0,0.0,0.0,0.0,16.3048,False,2529.0895193434935,0.1832,,,,,,7.243713541921421e-05,,,,,0.0,2529.0895193434935,0.1832
Voice,Cuenta Ahorro,Up-sell,Basic,AR,0.0,0.0,0.0,0.0,0.0,0.0,0.0,0.0,225.0,0.0,0.0,0.0,40.9906,False,2529.0895193434935,0.18218044444444445,,,,,,7.203400395717714e-05,,,,,0.0,2529.0895193434935,0.18218044444444445
Voice,Cuenta Ahorro,Up-sell,Basic,CO,0.0,0.0,0.0,0.0,0.0,0.0,0.0,0.0,368.0,0.0,0.0,0.0,62.99489999999999,False,2529.0895193434935,0.17118179347826085,,,,,,6.768514604524422e-05,,,,,0.0,2529.0895193434935,0.17118179347826085
Voice,Cuenta Ahorro,Up-sell,Basic,MX,0.0,0.0,0.0,0.0,0.0,0.0,0.0,0.0,578.0,0.0,0.0,0.0,98.93039999999999,False,2529.0895193434935,0.1711598615916955,,,,,,6.767647419460484e-05,,,,,0.0,2529.0895193434935,0.1711598615916955
Voice,Cuenta Ahorro,Up-sell,Plus,AR,0.0,0.0,0.0,0.0,0.0,0.0,0.0,0.0,97.0,0.0,0.0,0.0,17.2103,False,2529.0895193434935,0.1774257731958763,,,,,,7.015401069786286e-05,,,,,0.0,2529.0895193434935,0.1774257731958763
Voice,Cuenta Ahorro,Up-sell,Plus,CO,0.0,0.0,0.0,0.0,0.0,0.0,0.0,0.0,139.0,0.0,0.0,0.0,23.431999999999995,False,2529.0895193434935,0.16857553956834528,,,,,,6.665463530610987e-05,,,,,0.0,2529.0895193434935,0.16857553956834528
Voice,Cuenta Ahorro,Up-sell,Plus,MX,0.0,0.0,0.0,0.0,0.0,0.0,0.0,0.0,221.0,0.0,0.0,0.0,37.9668,False,2529.0895193434935,0.17179547511312218,,,,,,6.792779527935303e-05,,,,,0.0,2529.0895193434935,0.17179547511312218
Voice,Cuenta Ahorro,Up-sell,Premium,AR,0.0,0.0,0.0,0.0,0.0,0.0,0.0,0.0,35.0,0.0,0.0,0.0,5.5011,False,2529.0895193434935,0.1571742857142857,,,,,,6.214658853004354e-05,,,,,0.0,2529.0895193434935,0.1571742857142857
Voice,Cuenta Ahorro,Up-sell,Premium,CO,0.0,0.0,0.0,0.0,0.0,0.0,0.0,0.0,51.0,0.0,0.0,0.0,9.0146,False,2529.0895193434935,0.17675686274509803,,,,,,6.988952403352688e-05,,,,,0.0,2529.0895193434935,0.17675686274509803
Voice,Cuenta Ahorro,Up-sell,Premium,MX,0.0,0.0,0.0,0.0,0.0,0.0,0.0,0.0,89.0,0.0,0.0,0.0,14.840599999999998,False,2529.0895193434935,0.16674831460674155,,,,,,6.593215199833118e-05,,,,,0.0,2529.0895193434935,0.16674831460674155
Voice,Cuenta Ahorro,Up-sell,Student,AR,0.0,0.0,0.0,0.0,0.0,0.0,0.0,0.0,14.0,0.0,0.0,0.0,1.8862,False,2529.0895193434935,0.13472857142857145,,,,,,5.327157081554969e-05,,,,,0.0,2529.0895193434935,0.13472857142857145
Voice,Cuenta Ahorro,Up-sell,Student,CO,0.0,0.0,0.0,0.0,0.0,0.0,0.0,0.0,21.0,0.0,0.0,0.0,4.0884,False,2529.0895193434935,0.1946857142857143,,,,,,7.697857778330093e-05,,,,,0.0,2529.0895193434935,0.1946857142857143
Voice,Cuenta Ahorro,Up-sell,Student,MX,0.0,0.0,0.0,0.0,0.0,0.0,0.0,0.0,56.0,0.0,0.0,0.0,9.886,False,2529.0895193434935,0.17653571428571427,,,,,,6.980208210721611e-05,,,,,0.0,2529.0895193434935,0.17653571428571427
Voice,Cuenta Corriente,Retention,Basic,AR,1611.0,1496.0,0.0,0.0,0.0,0.0,0.0,276.0034,0.0,0.0,0.0,0.0,0.0,False,2534.317981651376,0.17132427063935443,,,,,,6.760172633416686e-05,,,,,,2534.317981651376,0.17132427063935443
Voice,Cuenta Corriente,Retention,Basic,CO,2360.0,2216.0,0.0,0.0,0.0,0.0,0.0,399.41279999999995,0.0,0.0,0.0,0.0,0.0,False,2534.317981651376,0.16924271186440676,,,,,,6.67803776360089e-05,,,,,,2534.317981651376,0.16924271186440676
Voice,Cuenta Corriente,Retention,Basic,MX,3899.0,3652.0,0.0,0.0,0.0,0.0,0.0,667.2012000000001,0.0,0.0,0.0,0.0,0.0,False,2534.317981651376,0.17112110797640423,,,,,,6.752156170430544e-05,,,,,,2534.317981651376,0.17112110797640423
Voice,Cuenta Corriente,Retention,Plus,AR,621.0,584.0,0.0,0.0,0.0,0.0,0.0,100.58930000000001,0.0,0.0,0.0,0.0,0.0,False,2534.317981651376,0.16197954911433174,,,,,,6.391445362700103e-05,,,,,,2534.317981651376,0.16197954911433174
Voice,Cuenta Corriente,Retention,Plus,CO,959.0,904.0,0.0,0.0,0.0,0.0,0.0,170.1424,0.0,0.0,0.0,0.0,0.0,False,2534.317981651376,0.17741647549530762,,,,,,7.000560970636448e-05,,,,,,2534.317981651376,0.17741647549530762
Voice,Cuenta Corriente,Retention,Plus,MX,1608.0,1488.0,0.0,0.0,0.0,0.0,0.0,271.94550000000004,0.0,0.0,0.0,0.0,0.0,False,2534.317981651376,0.16912033582089556,,,,,,6.673209007130817e-05,,,,,,2534.317981651376,0.16912033582089556
Voice,Cuenta Corriente,Retention,Premium,AR,251.0,233.0,0.0,0.0,0.0,0.0,0.0,43.5498,0.0,0.0,0.0,0.0,0.0,False,2534.317981651376,0.17350517928286852,,,,,,6.846227684886311e-05,,,,,,2534.317981651376,0.17350517928286852
Voice,Cuenta Corriente,Retention,Premium,CO,415.0,387.0,0.0,0.0,0.0,0.0,0.0,69.0134,0.0,0.0,0.0,0.0,0.0,False,2534.317981651376,0.16629734939759036,,,,,,6.561818627401682e-05,,,,,,2534.317981651376,0.16629734939759036
Voice,Cuenta Corriente,Retention,Premium,MX,641.0,608.0,0.0,0.0,0.0,0.0,0.0,109.48129999999999,0.0,0.0,0.0,0.0,0.0,False,2534.317981651376,0.17079765990639625,,,,,,6.73939344403434e-05,,,,,,2534.317981651376,0.17079765990639625
Voice,Cuenta Corriente,Retention,Student,AR,121.0,111.0,0.0,0.0,0.0,0.0,0.0,20.8786,0.0,0.0,0.0,0.0,0.0,False,2534.317981651376,0.1725504132231405,,,,,,6.808554193767968e-05,,,,,,2534.317981651376,0.1725504132231405
Voice,Cuenta Corriente,Retention,Student,CO,204.0,195.0,0.0,0.0,0.0,0.0,0.0,33.3971,0.0,0.0,0.0,0.0,0.0,False,2534.317981651376,0.16371127450980394,,,,,,6.45977638540562e-05,,,,,,2534.317981651376,0.16371127450980394
Voice,Cuenta Corriente,Retention,Student,MX,318.0,302.0,0.0,0.0,0.0,0.0,0.0,54.169700000000006,0.0,0.0,0.0,0.0,0.0,False,2534.317981651376,0.17034496855345913,,,,,,6.721530991247647e-05,,,,,,2534.317981651376,0.17034496855345913
Voice,Seguro,Cross-sell,Basic,AR,790.0,747.0,0.0,0.0,0.0,0.0,0.0,130.70690000000002,0.0,0.0,0.0,0.0,0.0,False,2610.4974193548387,0.16545177215189877,,,,,,6.337940460128427e-05,,,,,,2610.4974193548387,0.16545177215189877
Voice,Seguro,Cross-sell,Basic,CO,1200.0,1142.0,0.0,0.0,0.0,0.0,0.0,208.29229999999998,0.0,0.0,0.0,0.0,0.0,False,2610.4974193548387,0.17357691666666666,,,,,,6.649189360607169e-05,,,,,,2610.4974193548387,0.17357691666666666
Voice,Seguro,Cross-sell,Basic,MX,1921.0,1804.0,0.0,0.0,0.0,0.0,0.0,316.79299999999995,0.0,0.0,0.0,0.0,0.0,False,2610.4974193548387,0.16491046330036438,,,,,,6.317204609270234e-05,,,,,,2610.4974193548387,0.16491046330036438
Voice,Seguro,Cross-sell,Plus,AR,335.0,314.0,0.0,0.0,0.0,0.0,0.0,58.648,0.0,0.0,0.0,0.0,0.0,False,2610.4974193548387,0.17506865671641791,,,,,,6.706333261179189e-05,,,,,,2610.4974193548387,0.17506865671641791
Voice,Seguro,Cross-sell,Plus,CO,458.0,423.0,0.0,0.0,0.0,0.0,0.0,79.93199999999999,0.0,0.0,0.0,0.0,0.0,False,2610.4974193548387,0.17452401746724888,,,,,,6.685469833192977e-05,,,,,,2610.4974193548387,0.17452401746724888
Voice,Seguro,Cross-sell,Plus,MX,755.0,713.0,0.0,0.0,0.0,0.0,0.0,127.0949,0.0,0.0,0.0,0.0,0.0,False,2610.4974193548387,0.16833761589403973,,,,,,6.44848811747314e-05,,,,,,2610.4974193548387,0.16833761589403973
Voice,Seguro,Cross-sell,Premium,AR,136.0,126.0,0.0,0.0,0.0,0.0,0.0,25.1621,0.0,0.0,0.0,0.0,0.0,False,2610.4974193548387,0.1850154411764706,,,,,,7.08736349650158e-05,,,,,,2610.4974193548387,0.1850154411764706
Voice,Seguro,Cross-sell,Premium,CO,175.0,168.0,0.0,0.0,0.0,0.0,0.0,27.9961,0.0,0.0,0.0,0.0,0.0,False,2610.4974193548387,0.15997771428571428,,,,,,6.128246406206039e-05,,,,,,2610.4974193548387,0.15997771428571428
Voice,Seguro,Cross-sell,Premium,MX,307.0,285.0,0.0,0.0,0.0,0.0,0.0,52.66380000000001,0.0,0.0,0.0,0.0,0.0,False,2610.4974193548387,0.17154332247557005,,,,,,6.571288720827982e-05,,,,,,2610.4974193548387,0.17154332247557005
Voice,Seguro,Cross-sell,Student,AR,60.0,55.0,0.0,0.0,0.0,0.0,0.0,10.943,0.0,0.0,0.0,0.0,0.0,False,2610.4974193548387,0.18238333333333331,,,,,,6.986535668685232e-05,,,,,,2610.4974193548387,0.18238333333333331
Voice,Seguro,Cross-sell,Student,CO,109.0,102.0,0.0,0.0,0.0,0.0,0.0,19.521800000000002,0.0,0.0,0.0,0.0,0.0,False,2610.4974193548387,0.17909908256880736,,,,,,6.860726283080184e-05,,,,,,2610.4974193548387,0.17909908256880736
Voice,Seguro,Cross-sell,Student,MX,163.0,153.0,0.0,0.0,0.0,0.0,0.0,25.551299999999998,0.0,0.0,0.0,0.0,0.0,False,2610.4974193548387,0.1567564417177914,,,,,,6.004849518546254e-05,,,,,,2610.4974193548387,0.1567564417177914
Voice,Tarjeta Crédito,Retention,Basic,AR,2025.0,1900.0,0.0,0.0,0.0,0.0,0.0,336.9606,0.0,0.0,0.0,0.0,0.0,False,2553.18882751938,0.1664002962962963,,,,,,6.51735173296865e-05,,,,,,2553.18882751938,0.1664002962962963
Voice,Tarjeta Crédito,Retention,Basic,CO,2902.0,2721.0,0.0,0.0,0.0,0.0,0.0,492.34180000000003,0.0,0.0,0.0,0.0,0.0,False,2553.18882751938,0.16965603032391455,,,,,,6.64486811532653e-05,,,,,,2553.18882751938,0.16965603032391455
Voice,Tarjeta Crédito,Retention,Basic,MX,4943.0,4643.0,0.0,0.0,0.0,0.0,0.0,832.4503000000002,0.0,0.0,0.0,0.0,0.0,False,2553.18882751938,0.16840993323892378,,,,,,6.596062595281956e-05,,,,,,2553.18882751938,0.16840993323892378
Voice,Tarjeta Crédito,Retention,Plus,AR,801.0,754.0,0.0,0.0,0.0,0.0,0.0,132.73600000000002,0.0,0.0,0.0,0.0,0.0,False,2553.18882751938,0.1657128589263421,,,,,,6.49042707457501e-05,,,,,,2553.18882751938,0.1657128589263421
Voice,Tarjeta Crédito,Retention,Plus,CO,1208.0,1122.0,0.0,0.0,0.0,0.0,0.0,209.46710000000002,0.0,0.0,0.0,0.0,0.0,False,2553.18882751938,0.17339991721854306,,,,,,6.791503838241938e-05,,,,,,2553.18882751938,0.17339991721854306
Voice,Tarjeta Crédito,Retention,Plus,MX,2060.0,1946.0,0.0,0.0,0.0,0.0,0.0,350.46139999999997,0.0,0.0,0.0,0.0,0.0,False,2553.18882751938,0.17012689320388347,,,,,,6.663310264018931e-05,,,,,,2553.18882751938,0.17012689320388347
Voice,Tarjeta Crédito,Retention,Premium,AR,330.0,307.0,0.0,0.0,0.0,0.0,0.0,55.8825,0.0,0.0,0.0,0.0,0.0,False,2553.18882751938,0.1693409090909091,,,,,,6.632525854166331e-05,,,,,,2553.18882751938,0.1693409090909091
Voice,Tarjeta Crédito,Retention,Premium,CO,512.0,470.0,0.0,0.0,0.0,0.0,0.0,86.4415,0.0,0.0,0.0,0.0,0.0,False,2553.18882751938,0.1688310546875,,,,,,6.612556535880364e-05,,,,,,2553.18882751938,0.1688310546875
Voice,Tarjeta Crédito,Retention,Premium,MX,877.0,824.0,0.0,0.0,0.0,0.0,0.0,148.8665,0.0,0.0,0.0,0.0,0.0,False,2553.18882751938,0.16974515393386544,,,,,,6.64835879368883e-05,,,,,,2553.18882751938,0.16974515393386544
Voice,Tarjeta Crédito,Retention,Student,AR,149.0,141.0,0.0,0.0,0.0,0.0,0.0,26.6617,0.0,0.0,0.0,0.0,0.0,False,2553.18882751938,0.17893758389261744,,,,,,7.008396009098516e-05,,,,,,2553.18882751938,0.17893758389261744
Voice,Tarjeta Crédito,Retention,Student,CO,251.0,234.0,0.0,0.0,0.0,0.0,0.0,46.3281,0.0,0.0,0.0,0.0,0.0,False,2553.18882751938,0.18457410358565737,,,,,,7.229159927234421e-05,,,,,,2553.18882751938,0.18457410358565737
Voice,Tarjeta Crédito,Retention,Student,MX,432.0,395.0,0.0,0.0,0.0,0.0,0.0,71.9058,0.0,0.0,0.0,0.0,0.0,False,2553.18882751938,0.16644861111111112,,,,,,6.519244065188425e-05,,,,,,2553.18882751938,0.16644861111111112
WhatsApp,(unknown),Cross-sell,Basic,AR,636.0,595.0,0.0,0.0,0.0,0.0,0.0,26.305500000000002,0.0,0.0,0.0,0.0,0.0,False,2605.190066934404,0.041360849056603775,,,,,,1.5876326868263466e-05,,,,,,2605.190066934404,0.041360849056603775
WhatsApp,(unknown),Cross-sell,Basic,CO,1017.0,956.0,0.0,0.0,0.0,0.0,0.0,42.84610000000001,0.0,0.0,0.0,0.0,0.0,False,2605.190066934404,0.042129891838741405,,,,,,1.6171523288631588e-05,,,,,,2605.190066934404,0.042129891838741405
WhatsApp,(unknown),Cross-sell,Basic,MX,1604.0,1501.0,0.0,0.0,0.0,0.0,0.0,68.7206,0.0,0.0,0.0,0.0,0.0,False,2605.190066934404,0.04284326683291771,,,,,,1.644535167575413e-05,,,,,,2605.190066934404,0.04284326683291771
WhatsApp,(unknown),Cross-sell,Plus,AR,286.0,273.0,0.0,0.0,0.0,0.0,0.0,11.4084,0.0,0.0,0.0,0.0,0.0,False,2605.190066934404,0.03988951048951049,,,,,,1.531155480584552e-05,,,,,,2605.190066934404,0.03988951048951049
WhatsApp,(unknown),Cross-sell,Plus,CO,408.0,363.0,0.0,0.0,0.0,0.0,0.0,17.5247,0.0,0.0,0.0,0.0,0.0,False,2605.190066934404,0.04295269607843137,,,,,,1.6487355998932908e-05,,,,,,2605.190066934404,0.04295269607843137
WhatsApp,(unknown),Cross-sell,Plus,MX,661.0,612.0,0.0,0.0,0.0,0.0,0.0,28.348800000000004,0.0,0.0,0.0,0.0,0.0,False,2605.190066934404,0.04288774583963692,,,,,,1.646242490479939e-05,,,,,,2605.190066934404,0.04288774583963692
WhatsApp,(unknown),Cross-sell,Premium,AR,133.0,119.0,0.0,0.0,0.0,0.0,0.0,5.8223,0.0,0.0,0.0,0.0,0.0,False,2605.190066934404,0.04377669172932331,,,,,,1.6803646031414706e-05,,,,,,2605.190066934404,0.04377669172932331
WhatsApp,(unknown),Cross-sell,Premium,CO,182.0,168.0,0.0,0.0,0.0,0.0,0.0,7.980700000000001,0.0,0.0,0.0,0.0,0.0,False,2605.190066934404,0.04385,,,,,,1.6831785349005055e-05,,,,,,2605.190066934404,0.04385
WhatsApp,(unknown),Cross-sell,Premium,MX,249.0,232.0,0.0,0.0,0.0,0.0,0.0,10.1479,0.0,0.0,0.0,0.0,0.0,False,2605.190066934404,0.04075461847389558,,,,,,1.5643625772707103e-05,,,,,,2605.190066934404,0.04075461847389558
WhatsApp,(unknown),Cross-sell,Student,AR,50.0,45.0,0.0,0.0,0.0,0.0,0.0,1.875,0.0,0.0,0.0,0.0,0.0,False,2605.190066934404,0.0375,,,,,,1.4394343228909681e-05,,,,,,2605.190066934404,0.0375
WhatsApp,(unknown),Cross-sell,Student,CO,109.0,100.0,0.0,0.0,0.0,0.0,0.0,4.7667,0.0,0.0,0.0,0.0,0.0,False,2605.190066934404,0.043731192660550464,,,,,,1.6786181252414382e-05,,,,,,2605.190066934404,0.043731192660550464
WhatsApp,(unknown),Cross-sell,Student,MX,135.0,127.0,0.0,0.0,0.0,0.0,0.0,6.1431000000000004,0.0,0.0,0.0,0.0,0.0,False,2605.190066934404,0.045504444444444445,,,,,,1.746684244731162e-05,,,,,,2605.190066934404,0.045504444444444445
WhatsApp,(unknown),Retention,Basic,AR,0.0,0.0,0.0,0.0,0.0,0.0,0.0,0.0,629.0,0.0,0.0,0.0,26.7992,False,2605.190066934404,0.0426060413354531,,,,,,1.6354292869536676e-05,,,,,0.0,2605.190066934404,0.0426060413354531
WhatsApp,(unknown),Retention,Basic,CO,0.0,0.0,0.0,0.0,0.0,0.0,0.0,0.0,961.0,0.0,0.0,0.0,40.04079999999999,False,2605.190066934404,0.04166576482830384,,,,,,1.599336852889703e-05,,,,,0.0,2605.190066934404,0.04166576482830384
WhatsApp,(unknown),Retention,Basic,MX,0.0,0.0,0.0,0.0,0.0,0.0,0.0,0.0,1577.0,0.0,0.0,0.0,66.74959999999999,False,2605.190066934404,0.04232694990488268,,,,,,1.6247163860366596e-05,,,,,0.0,2605.190066934404,0.04232694990488268
WhatsApp,(unknown),Retention,Plus,AR,0.0,0.0,0.0,0.0,0.0,0.0,0.0,0.0,232.0,0.0,0.0,0.0,10.6048,False,2605.190066934404,0.0457103448275862,,,,,,1.754587713493579e-05,,,,,0.0,2605.190066934404,0.0457103448275862
WhatsApp,(unknown),Retention,Plus,CO,0.0,0.0,0.0,0.0,0.0,0.0,0.0,0.0,385.0,0.0,0.0,0.0,16.1864,False,2605.190066934404,0.0420425974025974,,,,,,1.6138015393276098e-05,,,,,0.0,2605.190066934404,0.0420425974025974
WhatsApp,(unknown),Retention,Plus,MX,0.0,0.0,0.0,0.0,0.0,0.0,0.0,0.0,657.0,0.0,0.0,0.0,27.6095,False,2605.190066934404,0.04202359208523592,,,,,,1.6130720218308752e-05,,,,,0.0,2605.190066934404,0.04202359208523592
WhatsApp,(unknown),Retention,Premium,AR,0.0,0.0,0.0,0.0,0.0,0.0,0.0,0.0,127.0,0.0,0.0,0.0,5.661300000000001,False,2605.190066934404,0.04457716535433071,,,,,,1.7110907154189268e-05,,,,,0.0,2605.190066934404,0.04457716535433071
WhatsApp,(unknown),Retention,Premium,CO,0.0,0.0,0.0,0.0,0.0,0.0,0.0,0.0,152.0,0.0,0.0,0.0,6.6738,False,2605.190066934404,0.04390657894736842,,,,,,1.6853503130017093e-05,,,,,0.0,2605.190066934404,0.04390657894736842
WhatsApp,(unknown),Retention,Premium,MX,0.0,0.0,0.0,0.0,0.0,0.0,0.0,0.0,242.0,0.0,0.0,0.0,9.7945,False,2605.190066934404,0.04047314049586777,,,,,,1.553558068931745e-05,,,,,0.0,2605.190066934404,0.04047314049586777
WhatsApp,(unknown),Retention,Student,AR,0.0,0.0,0.0,0.0,0.0,0.0,0.0,0.0,66.0,0.0,0.0,0.0,2.8203,False,2605.190066934404,0.04273181818181818,,,,,,1.640257220545211e-05,,,,,0.0,2605.190066934404,0.04273181818181818
WhatsApp,(unknown),Retention,Student,CO,0.0,0.0,0.0,0.0,0.0,0.0,0.0,0.0,75.0,0.0,0.0,0.0,3.4215999999999998,False,2605.190066934404,0.04562133333333333,,,,,,1.7511710148279952e-05,,,,,0.0,2605.190066934404,0.04562133333333333
WhatsApp,(unknown),Retention,Student,MX,0.0,0.0,0.0,0.0,0.0,0.0,0.0,0.0,134.0,0.0,0.0,0.0,5.9596,False,2605.190066934404,0.04447462686567164,,,,,,1.7071547842191072e-05,,,,,0.0,2605.190066934404,0.04447462686567164
WhatsApp,Cuenta Ahorro,Acquisition,Basic,AR,1542.0,1447.0,0.0,0.0,0.0,0.0,0.0,65.0347,127.0,0.0,0.0,0.0,5.5496,False,2529.0895193434935,0.04217555123216602,,,,,,1.667617967240402e-05,,,,,0.0,2529.0895193434935,0.04369763779527559
WhatsApp,Cuenta Ahorro,Acquisition,Basic,CO,2317.0,2169.0,0.0,0.0,0.0,0.0,0.0,97.72439999999997,201.0,0.0,0.0,0.0,8.964500000000001,False,2529.0895193434935,0.04217712559343978,,,,,,1.6676802173609186e-05,,,,,0.0,2529.0895193434935,0.04459950248756219
WhatsApp,Cuenta Ahorro,Acquisition,Basic,MX,3823.0,3604.0,0.0,0.0,0.0,0.0,0.0,162.18550000000002,345.0,0.0,0.0,0.0,15.364699999999997,False,2529.0895193434935,0.04242362019356527,,,,,,1.6774265943966145e-05,,,,,0.0,2529.0895193434935,0.044535362318840574
WhatsApp,Cuenta Ahorro,Acquisition,Plus,AR,688.0,656.0,0.0,0.0,0.0,0.0,0.0,28.7205,58.0,0.0,0.0,0.0,2.1996,False,2529.0895193434935,0.041744912790697676,,,,,,1.650590557250576e-05,,,,,0.0,2529.0895193434935,0.03792413793103449
WhatsApp,Cuenta Ahorro,Acquisition,Plus,CO,972.0,919.0,0.0,0.0,0.0,0.0,0.0,41.3926,72.0,0.0,0.0,0.0,3.2157,False,2529.0895193434935,0.04258497942386832,,,,,,1.6838067256283842e-05,,,,,0.0,2529.0895193434935,0.0446625
WhatsApp,Cuenta Ahorro,Acquisition,Plus,MX,1614.0,1527.0,0.0,0.0,0.0,0.0,0.0,67.70410000000001,139.0,0.0,0.0,0.0,6.6621,False,2529.0895193434935,0.04194801734820323,,,,,,1.658621295425406e-05,,,,,0.0,2529.0895193434935,0.04792877697841726
WhatsApp,Cuenta Ahorro,Acquisition,Premium,AR,240.0,223.0,0.0,0.0,0.0,0.0,0.0,10.100999999999999,28.0,0.0,0.0,0.0,1.1877000000000002,False,2529.0895193434935,0.04208749999999999,,,,,,1.664136428469529e-05,,,,,0.0,2529.0895193434935,0.04241785714285715
WhatsApp,Cuenta Ahorro,Acquisition,Premium,CO,375.0,353.0,0.0,0.0,0.0,0.0,0.0,15.5565,40.0,0.0,0.0,0.0,1.6104,False,2529.0895193434935,0.041484,,,,,,1.6402740860975337e-05,,,,,0.0,2529.0895193434935,0.040260000000000004
WhatsApp,Cuenta Ahorro,Acquisition,Premium,MX,619.0,579.0,0.0,0.0,0.0,0.0,0.0,26.5113,46.0,0.0,0.0,0.0,1.7906,False,2529.0895193434935,0.042829240710823904,,,,,,1.6934647976375946e-05,,,,,0.0,2529.0895193434935,0.038926086956521735
WhatsApp,Cuenta Ahorro,Acquisition,Student,AR,146.0,143.0,0.0,0.0,0.0,0.0,0.0,6.3427,15.0,0.0,0.0,0.0,0.5014,False,2529.0895193434935,0.04344315068493151,,,,,,1.7177387495642532e-05,,,,,0.0,2529.0895193434935,0.03342666666666667
WhatsApp,Cuenta Ahorro,Acquisition,Student,CO,212.0,198.0,0.0,0.0,0.0,0.0,0.0,9.4541,18.0,0.0,0.0,0.0,0.8441000000000001,False,2529.0895193434935,0.04459481132075472,,,,,,1.763275320216057e-05,,,,,0.0,2529.0895193434935,0.04689444444444445
WhatsApp,Cuenta Ahorro,Acquisition,Student,MX,291.0,268.0,0.0,0.0,0.0,0.0,0.0,12.0932,25.0,0.0,0.0,0.0,1.0654000000000001,False,2529.0895193434935,0.0415573883161512,,,,,,1.6431758543263726e-05,,,,,0.0,2529.0895193434935,0.04261600000000001
WhatsApp,Cuenta Ahorro,Cross-sell,Basic,AR,3186.0,3000.0,0.0,0.0,0.0,0.0,0.0,136.2192,0.0,0.0,0.0,0.0,0.0,False,2529.0895193434935,0.042755555555555554,,,,,,1.69055129241349e-05,,,,,,2529.0895193434935,0.042755555555555554
WhatsApp,Cuenta Ahorro,Cross-sell,Basic,CO,4739.0,4481.0,0.0,0.0,0.0,0.0,0.0,199.82999999999998,0.0,0.0,0.0,0.0,0.0,False,2529.0895193434935,0.042167123865794465,,,,,,1.6672847498391553e-05,,,,,,2529.0895193434935,0.042167123865794465
WhatsApp,Cuenta Ahorro,Cross-sell,Basic,MX,7992.0,7518.0,0.0,0.0,0.0,0.0,0.0,340.08480000000003,0.0,0.0,0.0,0.0,0.0,False,2529.0895193434935,0.04255315315315316,,,,,,1.682548317396025e-05,,,,,,2529.0895193434935,0.04255315315315316
WhatsApp,Cuenta Ahorro,Cross-sell,Plus,AR,1361.0,1282.0,0.0,0.0,0.0,0.0,0.0,57.6579,0.0,0.0,0.0,0.0,0.0,False,2529.0895193434935,0.0423643644379133,,,,,,1.6750836264945784e-05,,,,,,2529.0895193434935,0.0423643644379133
WhatsApp,Cuenta Ahorro,Cross-sell,Plus,CO,1949.0,1819.0,0.0,0.0,0.0,0.0,0.0,82.44520000000001,0.0,0.0,0.0,0.0,0.0,False,2529.0895193434935,0.04230128270908159,,,,,,1.67258937991496e-05,,,,,,2529.0895193434935,0.04230128270908159
WhatsApp,Cuenta Ahorro,Cross-sell,Plus,MX,3329.0,3139.0,0.0,0.0,0.0,0.0,0.0,143.249,0.0,0.0,0.0,0.0,0.0,False,2529.0895193434935,0.04303063983178131,,,,,,1.701428102985904e-05,,,,,,2529.0895193434935,0.04303063983178131
WhatsApp,Cuenta Ahorro,Cross-sell,Premium,AR,520.0,491.0,0.0,0.0,0.0,0.0,0.0,21.9959,0.0,0.0,0.0,0.0,0.0,False,2529.0895193434935,0.04229980769230769,,,,,,1.6725310578681283e-05,,,,,,2529.0895193434935,0.04229980769230769
WhatsApp,Cuenta Ahorro,Cross-sell,Premium,CO,836.0,782.0,0.0,0.0,0.0,0.0,0.0,35.427,0.0,0.0,0.0,0.0,0.0,False,2529.0895193434935,0.04237679425837321,,,,,,1.6755751006146063e-05,,,,,,2529.0895193434935,0.04237679425837321
WhatsApp,Cuenta Ahorro,Cross-sell,Premium,MX,1323.0,1248.0,0.0,0.0,0.0,0.0,0.0,57.015600000000006,0.0,0.0,0.0,0.0,0.0,False,2529.0895193434935,0.04309569160997733,,,,,,1.704000245161911e-05,,,,,,2529.0895193434935,0.04309569160997733
WhatsApp,Cuenta Ahorro,Cross-sell,Student,AR,271.0,255.0,0.0,0.0,0.0,0.0,0.0,11.589500000000001,0.0,0.0,0.0,0.0,0.0,False,2529.0895193434935,0.04276568265682657,,,,,,1.690951717198519e-05,,,,,,2529.0895193434935,0.04276568265682657
WhatsApp,Cuenta Ahorro,Cross-sell,Student,CO,400.0,370.0,0.0,0.0,0.0,0.0,0.0,17.1097,0.0,0.0,0.0,0.0,0.0,False,2529.0895193434935,0.04277425,,,,,,1.6912904692714647e-05,,,,,,2529.0895193434935,0.04277425
WhatsApp,Cuenta Ahorro,Cross-sell,Student,MX,694.0,659.0,0.0,0.0,0.0,0.0,0.0,29.7817,0.0,0.0,0.0,0.0,0.0,False,2529.0895193434935,0.04291311239193084,,,,,,1.6967810772894394e-05,,,,,,2529.0895193434935,0.04291311239193084
WhatsApp,Cuenta Ahorro,Reactivation,Basic,AR,0.0,0.0,0.0,0.0,0.0,0.0,0.0,0.0,723.0,0.0,0.0,0.0,31.161999999999992,False,2529.0895193434935,0.043100968188105104,,,,,,1.7042088806446575e-05,,,,,0.0,2529.0895193434935,0.043100968188105104
WhatsApp,Cuenta Ahorro,Reactivation,Basic,CO,0.0,0.0,0.0,0.0,0.0,0.0,0.0,0.0,1166.0,0.0,0.0,0.0,49.66990000000001,False,2529.0895193434935,0.04259854202401373,,,,,,1.6843429897677784e-05,,,,,0.0,2529.0895193434935,0.04259854202401373
WhatsApp,Cuenta Ahorro,Reactivation,Basic,MX,0.0,0.0,0.0,0.0,0.0,0.0,0.0,0.0,1842.0,0.0,0.0,0.0,79.1254,False,2529.0895193434935,0.04295624321389794,,,,,,1.6984864665861496e-05,,,,,0.0,2529.0895193434935,0.04295624321389794
WhatsApp,Cuenta Ahorro,Reactivation,Plus,AR,0.0,0.0,0.0,0.0,0.0,0.0,0.0,0.0,325.0,0.0,0.0,0.0,14.251700000000003,False,2529.0895193434935,0.043851384615384625,,,,,,1.7338802869566934e-05,,,,,0.0,2529.0895193434935,0.043851384615384625
WhatsApp,Cuenta Ahorro,Reactivation,Plus,CO,0.0,0.0,0.0,0.0,0.0,0.0,0.0,0.0,443.0,0.0,0.0,0.0,18.775200000000005,False,2529.0895193434935,0.04238194130925509,,,,,,1.6757786146002726e-05,,,,,0.0,2529.0895193434935,0.04238194130925509
WhatsApp,Cuenta Ahorro,Reactivation,Plus,MX,0.0,0.0,0.0,0.0,0.0,0.0,0.0,0.0,780.0,0.0,0.0,0.0,33.531499999999994,False,2529.0895193434935,0.04298910256410256,,,,,,1.699785722699992e-05,,,,,0.0,2529.0895193434935,0.04298910256410256
WhatsApp,Cuenta Ahorro,Reactivation,Premium,AR,0.0,0.0,0.0,0.0,0.0,0.0,0.0,0.0,129.0,0.0,0.0,0.0,4.712899999999999,False,2529.0895193434935,0.03653410852713178,,,,,,1.4445557679039919e-05,,,,,0.0,2529.0895193434935,0.03653410852713178
WhatsApp,Cuenta Ahorro,Reactivation,Premium,CO,0.0,0.0,0.0,0.0,0.0,0.0,0.0,0.0,219.0,0.0,0.0,0.0,9.4234,False,2529.0895193434935,0.043029223744292244,,,,,,1.701372110998343e-05,,,,,0.0,2529.0895193434935,0.043029223744292244
WhatsApp,Cuenta Ahorro,Reactivation,Premium,MX,0.0,0.0,0.0,0.0,0.0,0.0,0.0,0.0,317.0,0.0,0.0,0.0,13.567400000000003,False,2529.0895193434935,0.04279936908517351,,,,,,1.692283675916836e-05,,,,,0.0,2529.0895193434935,0.04279936908517351
WhatsApp,Cuenta Ahorro,Reactivation,Student,AR,0.0,0.0,0.0,0.0,0.0,0.0,0.0,0.0,63.0,0.0,0.0,0.0,2.6643999999999997,False,2529.0895193434935,0.042292063492063485,,,,,,1.6722248528016418e-05,,,,,0.0,2529.0895193434935,0.042292063492063485
WhatsApp,Cuenta Ahorro,Reactivation,Student,CO,0.0,0.0,0.0,0.0,0.0,0.0,0.0,0.0,112.0,0.0,0.0,0.0,4.42,False,2529.0895193434935,0.039464285714285716,,,,,,1.5604147426355214e-05,,,,,0.0,2529.0895193434935,0.039464285714285716
WhatsApp,Cuenta Ahorro,Reactivation,Student,MX,0.0,0.0,0.0,0.0,0.0,0.0,0.0,0.0,168.0,0.0,0.0,0.0,7.1243,False,2529.0895193434935,0.04240654761904762,,,,,,1.6767515461475482e-05,,,,,0.0,2529.0895193434935,0.04240654761904762
WhatsApp,Cuenta Ahorro,Retention,Basic,AR,5360.0,5018.0,0.0,0.0,0.0,0.0,0.0,227.65860000000004,1246.0,0.0,0.0,0.0,55.03530000000001,False,2529.0895193434935,0.04247361940298508,,,,,,1.679403559191154e-05,,,,,0.0,2529.0895193434935,0.04416958266452649
WhatsApp,Cuenta Ahorro,Retention,Basic,CO,7914.0,7453.0,0.0,0.0,0.0,0.0,0.0,337.3936,1850.0,0.0,0.0,0.0,78.7316,False,2529.0895193434935,0.04263249936820824,,,,,,1.6856856604773275e-05,,,,,0.0,2529.0895193434935,0.04255762162162162
WhatsApp,Cuenta Ahorro,Retention,Basic,MX,13300.0,12548.0,0.0,0.0,0.0,0.0,0.0,561.8421000000001,3054.0,0.0,0.0,0.0,130.23319999999995,False,2529.0895193434935,0.042243766917293236,,,,,,1.6703152100467745e-05,,,,,0.0,2529.0895193434935,0.04264348395546822
WhatsApp,Cuenta Ahorro,Retention,Plus,AR,2136.0,1999.0,0.0,0.0,0.0,0.0,0.0,89.8536,503.0,0.0,0.0,0.0,22.2682,False,2529.0895193434935,0.042066292134831464,,,,,,1.6632978711544825e-05,,,,,0.0,2529.0895193434935,0.044270775347912524
WhatsApp,Cuenta Ahorro,Retention,Plus,CO,3377.0,3156.0,0.0,0.0,0.0,0.0,0.0,145.35930000000002,790.0,0.0,0.0,0.0,32.7983,False,2529.0895193434935,0.043043914717204625,,,,,,1.701952990907892e-05,,,,,0.0,2529.0895193434935,0.04151683544303797
WhatsApp,Cuenta Ahorro,Retention,Plus,MX,5551.0,5233.0,0.0,0.0,0.0,0.0,0.0,238.2673,1288.0,0.0,0.0,0.0,54.20779999999999,False,2529.0895193434935,0.042923311115114396,,,,,,1.6971843339992378e-05,,,,,0.0,2529.0895193434935,0.042086801242236016
WhatsApp,Cuenta Ahorro,Retention,Premium,AR,894.0,835.0,0.0,0.0,0.0,0.0,0.0,38.008700000000005,198.0,0.0,0.0,0.0,8.7502,False,2529.0895193434935,0.04251532438478748,,,,,,1.6810525708802787e-05,,,,,0.0,2529.0895193434935,0.04419292929292929
WhatsApp,Cuenta Ahorro,Retention,Premium,CO,1366.0,1292.0,0.0,0.0,0.0,0.0,0.0,59.458600000000004,316.0,0.0,0.0,0.0,13.3093,False,2529.0895193434935,0.04352752562225476,,,,,,1.7210749279271745e-05,,,,,0.0,2529.0895193434935,0.042118037974683546
WhatsApp,Cuenta Ahorro,Retention,Premium,MX,2276.0,2162.0,0.0,0.0,0.0,0.0,0.0,97.0601,535.0,0.0,0.0,0.0,22.874,False,2529.0895193434935,0.04264503514938489,,,,,,1.686181324275733e-05,,,,,0.0,2529.0895193434935,0.04275514018691588
WhatsApp,Cuenta Ahorro,Retention,Student,AR,459.0,430.0,0.0,0.0,0.0,0.0,0.0,18.458,94.0,0.0,0.0,0.0,4.1164,False,2529.0895193434935,0.04021350762527233,,,,,,1.590038917867606e-05,,,,,0.0,2529.0895193434935,0.04379148936170212
WhatsApp,Cuenta Ahorro,Retention,Student,CO,715.0,672.0,0.0,0.0,0.0,0.0,0.0,30.0584,158.0,0.0,0.0,0.0,6.3420000000000005,False,2529.0895193434935,0.04203972027972028,,,,,,1.6622472221004275e-05,,,,,0.0,2529.0895193434935,0.04013924050632912
WhatsApp,Cuenta Ahorro,Retention,Student,MX,1092.0,1010.0,0.0,0.0,0.0,0.0,0.0,45.721000000000004,280.0,0.0,0.0,0.0,12.0964,False,2529.0895193434935,0.041869047619047625,,,,,,1.6554988385668565e-05,,,,,0.0,2529.0895193434935,0.04320142857142857
WhatsApp,Cuenta Ahorro,Up-sell,Basic,AR,505.0,474.0,0.0,0.0,0.0,0.0,0.0,20.6002,286.0,0.0,0.0,0.0,11.953899999999997,False,2529.0895193434935,0.04079247524752475,,,,,,1.612931251959549e-05,,,,,0.0,2529.0895193434935,0.041796853146853136
WhatsApp,Cuenta Ahorro,Up-sell,Basic,CO,748.0,695.0,0.0,0.0,0.0,0.0,0.0,30.8925,438.0,0.0,0.0,0.0,18.5003,False,2529.0895193434935,0.04130013368983957,,,,,,1.633004026704454e-05,,,,,0.0,2529.0895193434935,0.04223812785388128
WhatsApp,Cuenta Ahorro,Up-sell,Basic,MX,1211.0,1129.0,0.0,0.0,0.0,0.0,0.0,51.939099999999996,785.0,0.0,0.0,0.0,33.270599999999995,False,2529.0895193434935,0.04288943022295623,,,,,,1.6958446861971718e-05,,,,,0.0,2529.0895193434935,0.04238292993630573
WhatsApp,Cuenta Ahorro,Up-sell,Plus,AR,220.0,205.0,0.0,0.0,0.0,0.0,0.0,8.2975,129.0,0.0,0.0,0.0,5.2360999999999995,False,2529.0895193434935,0.03771590909090909,,,,,,1.4912840689284684e-05,,,,,0.0,2529.0895193434935,0.04058992248062015
WhatsApp,Cuenta Ahorro,Up-sell,Plus,CO,313.0,288.0,0.0,0.0,0.0,0.0,0.0,12.785799999999998,206.0,0.0,0.0,0.0,8.357099999999999,False,2529.0895193434935,0.040849201277955265,,,,,,1.6151741947259736e-05,,,,,0.0,2529.0895193434935,0.04056844660194174
WhatsApp,Cuenta Ahorro,Up-sell,Plus,MX,506.0,486.0,0.0,0.0,0.0,0.0,0.0,21.991699999999998,332.0,0.0,0.0,0.0,14.040600000000001,False,2529.0895193434935,0.04346185770750988,,,,,,1.7184784237606502e-05,,,,,0.0,2529.0895193434935,0.04229096385542169
WhatsApp,Cuenta Ahorro,Up-sell,Premium,AR,72.0,66.0,0.0,0.0,0.0,0.0,0.0,2.9650000000000003,51.0,0.0,0.0,0.0,2.2948,False,2529.0895193434935,0.04118055555555556,,,,,,1.628275916711928e-05,,,,,0.0,2529.0895193434935,0.04499607843137255
WhatsApp,Cuenta Ahorro,Up-sell,Premium,CO,125.0,113.0,0.0,0.0,0.0,0.0,0.0,5.3911999999999995,62.0,0.0,0.0,0.0,2.7371,False,2529.0895193434935,0.0431296,,,,,,1.7053409802273693e-05,,,,,0.0,2529.0895193434935,0.044146774193548385
WhatsApp,Cuenta Ahorro,Up-sell,Premium,MX,223.0,212.0,0.0,0.0,0.0,0.0,0.0,9.1248,121.0,0.0,0.0,0.0,4.509,False,2529.0895193434935,0.040918385650224216,,,,,,1.6179097393454818e-05,,,,,0.0,2529.0895193434935,0.03726446280991736
WhatsApp,Cuenta Ahorro,Up-sell,Student,AR,49.0,46.0,0.0,0.0,0.0,0.0,0.0,2.0261,31.0,0.0,0.0,0.0,1.4009999999999998,False,2529.0895193434935,0.04134897959183673,,,,,,1.6349353898145207e-05,,,,,0.0,2529.0895193434935,0.045193548387096764
WhatsApp,Cuenta Ahorro,Up-sell,Student,CO,54.0,51.0,0.0,0.0,0.0,0.0,0.0,2.2939999999999996,44.0,0.0,0.0,0.0,1.9286999999999999,False,2529.0895193434935,0.042481481481481474,,,,,,1.6797144251544292e-05,,,,,0.0,2529.0895193434935,0.043834090909090906
WhatsApp,Cuenta Ahorro,Up-sell,Student,MX,120.0,115.0,0.0,0.0,0.0,0.0,0.0,5.154299999999999,70.0,0.0,0.0,0.0,3.1929000000000003,False,2529.0895193434935,0.04295249999999999,,,,,,1.698338460204038e-05,,,,,0.0,2529.0895193434935,0.04561285714285715
WhatsApp,Inversión,Acquisition,Basic,AR,0.0,0.0,0.0,0.0,0.0,0.0,0.0,0.0,2298.0,0.0,0.0,0.0,97.14690000000002,False,2503.176189781022,0.042274543080939954,,,,,,1.6888360976555205e-05,,,,,0.0,2503.176189781022,0.042274543080939954
WhatsApp,Inversión,Acquisition,Basic,CO,0.0,0.0,0.0,0.0,0.0,0.0,0.0,0.0,3398.0,0.0,0.0,0.0,146.2319,False,2503.176189781022,0.04303469688051795,,,,,,1.719203668371527e-05,,,,,0.0,2503.176189781022,0.04303469688051795
WhatsApp,Inversión,Acquisition,Basic,MX,0.0,0.0,0.0,0.0,0.0,0.0,0.0,0.0,5780.0,0.0,0.0,0.0,244.97189999999992,False,2503.176189781022,0.04238268166089964,,,,,,1.6931561523285055e-05,,,,,0.0,2503.176189781022,0.04238268166089964
WhatsApp,Inversión,Acquisition,Plus,AR,0.0,0.0,0.0,0.0,0.0,0.0,0.0,0.0,884.0,0.0,0.0,0.0,37.2093,False,2503.176189781022,0.04209196832579185,,,,,,1.681542373949876e-05,,,,,0.0,2503.176189781022,0.04209196832579185
WhatsApp,Inversión,Acquisition,Plus,CO,0.0,0.0,0.0,0.0,0.0,0.0,0.0,0.0,1462.0,0.0,0.0,0.0,60.33679999999998,False,2503.176189781022,0.04127004103967167,,,,,,1.648706999057944e-05,,,,,0.0,2503.176189781022,0.04127004103967167
WhatsApp,Inversión,Acquisition,Plus,MX,0.0,0.0,0.0,0.0,0.0,0.0,0.0,0.0,2398.0,0.0,0.0,0.0,100.8727,False,2503.176189781022,0.04206534612176814,,,,,,1.6804788369870207e-05,,,,,0.0,2503.176189781022,0.04206534612176814
WhatsApp,Inversión,Acquisition,Premium,AR,0.0,0.0,0.0,0.0,0.0,0.0,0.0,0.0,336.0,0.0,0.0,0.0,13.9615,False,2503.176189781022,0.04155208333333333,,,,,,1.65997437587357e-05,,,,,0.0,2503.176189781022,0.04155208333333333
WhatsApp,Inversión,Acquisition,Premium,CO,0.0,0.0,0.0,0.0,0.0,0.0,0.0,0.0,598.0,0.0,0.0,0.0,25.4287,False,2503.176189781022,0.04252290969899666,,,,,,1.698758156640846e-05,,,,,0.0,2503.176189781022,0.04252290969899666
WhatsApp,Inversión,Acquisition,Premium,MX,0.0,0.0,0.0,0.0,0.0,0.0,0.0,0.0,960.0,0.0,0.0,0.0,41.2405,False,2503.176189781022,0.042958854166666664,,,,,,1.7161738091805957e-05,,,,,0.0,2503.176189781022,0.042958854166666664
WhatsApp,Inversión,Acquisition,Student,AR,0.0,0.0,0.0,0.0,0.0,0.0,0.0,0.0,202.0,0.0,0.0,0.0,9.0701,False,2503.176189781022,0.04490148514851485,,,,,,1.7937804510853404e-05,,,,,0.0,2503.176189781022,0.04490148514851485
WhatsApp,Inversión,Acquisition,Student,CO,0.0,0.0,0.0,0.0,0.0,0.0,0.0,0.0,288.0,0.0,0.0,0.0,12.3762,False,2503.176189781022,0.042972916666666666,,,,,,1.7167355954446792e-05,,,,,0.0,2503.176189781022,0.042972916666666666
WhatsApp,Inversión,Acquisition,Student,MX,0.0,0.0,0.0,0.0,0.0,0.0,0.0,0.0,449.0,0.0,0.0,0.0,19.57,False,2503.176189781022,0.04358574610244989,,,,,,1.7412176689912815e-05,,,,,0.0,2503.176189781022,0.04358574610244989
WhatsApp,Inversión,Cross-sell,Basic,AR,365.0,343.0,0.0,0.0,0.0,0.0,0.0,15.070999999999998,0.0,0.0,0.0,0.0,0.0,False,2503.176189781022,0.0412904109589041,,,,,,1.6495207619610744e-05,,,,,,2503.176189781022,0.0412904109589041
WhatsApp,Inversión,Cross-sell,Basic,CO,543.0,514.0,0.0,0.0,0.0,0.0,0.0,22.311700000000002,0.0,0.0,0.0,0.0,0.0,False,2503.176189781022,0.04108968692449356,,,,,,1.641501988243508e-05,,,,,,2503.176189781022,0.04108968692449356
WhatsApp,Inversión,Cross-sell,Basic,MX,932.0,880.0,0.0,0.0,0.0,0.0,0.0,39.029700000000005,0.0,0.0,0.0,0.0,0.0,False,2503.176189781022,0.041877360515021465,,,,,,1.6729689538427935e-05,,,,,,2503.176189781022,0.041877360515021465
WhatsApp,Inversión,Cross-sell,Plus,AR,158.0,149.0,0.0,0.0,0.0,0.0,0.0,6.4618,0.0,0.0,0.0,0.0,0.0,False,2503.176189781022,0.04089746835443038,,,,,,1.633823001408786e-05,,,,,,2503.176189781022,0.04089746835443038
WhatsApp,Inversión,Cross-sell,Plus,CO,241.0,228.0,0.0,0.0,0.0,0.0,0.0,9.5089,0.0,0.0,0.0,0.0,0.0,False,2503.176189781022,0.03945601659751038,,,,,,1.5762380913731044e-05,,,,,,2503.176189781022,0.03945601659751038
WhatsApp,Inversión,Cross-sell,Plus,MX,399.0,379.0,0.0,0.0,0.0,0.0,0.0,16.0675,0.0,0.0,0.0,0.0,0.0,False,2503.176189781022,0.04026942355889724,,,,,,1.608733085720986e-05,,,,,,2503.176189781022,0.04026942355889724
WhatsApp,Inversión,Cross-sell,Premium,AR,60.0,58.0,0.0,0.0,0.0,0.0,0.0,2.6512,0.0,0.0,0.0,0.0,0.0,False,2503.176189781022,0.044186666666666666,,,,,,1.7652239921046917e-05,,,,,,2503.176189781022,0.044186666666666666
WhatsApp,Inversión,Cross-sell,Premium,CO,99.0,94.0,0.0,0.0,0.0,0.0,0.0,4.2356,0.0,0.0,0.0,0.0,0.0,False,2503.176189781022,0.04278383838383838,,,,,,1.709182060715475e-05,,,,,,2503.176189781022,0.04278383838383838
WhatsApp,Inversión,Cross-sell,Premium,MX,124.0,111.0,0.0,0.0,0.0,0.0,0.0,5.3416999999999994,0.0,0.0,0.0,0.0,0.0,False,2503.176189781022,0.04307822580645161,,,,,,1.720942616117649e-05,,,,,,2503.176189781022,0.04307822580645161
WhatsApp,Inversión,Cross-sell,Student,AR,25.0,24.0,0.0,0.0,0.0,0.0,0.0,1.1397,0.0,0.0,0.0,0.0,0.0,False,2503.176189781022,0.045588,,,,,,1.8212062013896047e-05,,,,,,2503.176189781022,0.045588
WhatsApp,Inversión,Cross-sell,Student,CO,47.0,46.0,0.0,0.0,0.0,0.0,0.0,1.7677999999999998,0.0,0.0,0.0,0.0,0.0,False,2503.176189781022,0.0376127659574468,,,,,,1.5026016191348148e-05,,,,,,2503.176189781022,0.0376127659574468
WhatsApp,Inversión,Cross-sell,Student,MX,75.0,70.0,0.0,0.0,0.0,0.0,0.0,3.2458,0.0,0.0,0.0,0.0,0.0,False,2503.176189781022,0.043277333333333334,,,,,,1.7288968115791815e-05,,,,,,2503.176189781022,0.043277333333333334
WhatsApp,Inversión,Reactivation,Basic,AR,2094.0,1962.0,0.0,0.0,0.0,0.0,0.0,89.40770000000002,0.0,0.0,0.0,0.0,0.0,False,2503.176189781022,0.042697086914995235,,,,,,1.705716404993864e-05,,,,,,2503.176189781022,0.042697086914995235
WhatsApp,Inversión,Reactivation,Basic,CO,3079.0,2896.0,0.0,0.0,0.0,0.0,0.0,131.16840000000002,0.0,0.0,0.0,0.0,0.0,False,2503.176189781022,0.042600974342318944,,,,,,1.701876780237578e-05,,,,,,2503.176189781022,0.042600974342318944
WhatsApp,Inversión,Reactivation,Basic,MX,5206.0,4889.0,0.0,0.0,0.0,0.0,0.0,218.3827,0.0,0.0,0.0,0.0,0.0,False,2503.176189781022,0.04194827122550903,,,,,,1.6758017832208076e-05,,,,,,2503.176189781022,0.04194827122550903
WhatsApp,Inversión,Reactivation,Plus,AR,872.0,813.0,0.0,0.0,0.0,0.0,0.0,36.5587,0.0,0.0,0.0,0.0,0.0,False,2503.176189781022,0.04192511467889908,,,,,,1.6748766966566062e-05,,,,,,2503.176189781022,0.04192511467889908
WhatsApp,Inversión,Reactivation,Plus,CO,1275.0,1202.0,0.0,0.0,0.0,0.0,0.0,53.46499999999999,0.0,0.0,0.0,0.0,0.0,False,2503.176189781022,0.04193333333333332,,,,,,1.675205025699835e-05,,,,,,2503.176189781022,0.04193333333333332
WhatsApp,Inversión,Reactivation,Plus,MX,2206.0,2071.0,0.0,0.0,0.0,0.0,0.0,94.12650000000001,0.0,0.0,0.0,0.0,0.0,False,2503.176189781022,0.042668404351767907,,,,,,1.7045705582354767e-05,,,,,,2503.176189781022,0.042668404351767907
WhatsApp,Inversión,Reactivation,Premium,AR,348.0,322.0,0.0,0.0,0.0,0.0,0.0,13.9926,0.0,0.0,0.0,0.0,0.0,False,2503.176189781022,0.040208620689655174,,,,,,1.6063040569738173e-05,,,,,,2503.176189781022,0.040208620689655174
WhatsApp,Inversión,Reactivation,Premium,CO,492.0,457.0,0.0,0.0,0.0,0.0,0.0,20.5615,0.0,0.0,0.0,0.0,0.0,False,2503.176189781022,0.041791666666666664,,,,,,1.6695455492616605e-05,,,,,,2503.176189781022,0.041791666666666664
WhatsApp,Inversión,Reactivation,Premium,MX,885.0,828.0,0.0,0.0,0.0,0.0,0.0,37.04090000000001,0.0,0.0,0.0,0.0,0.0,False,2503.176189781022,0.04185412429378532,,,,,,1.6720406843373948e-05,,,,,,2503.176189781022,0.04185412429378532
WhatsApp,Inversión,Reactivation,Student,AR,167.0,158.0,0.0,0.0,0.0,0.0,0.0,7.3542999999999985,0.0,0.0,0.0,0.0,0.0,False,2503.176189781022,0.044037724550898195,,,,,,1.759273866964619e-05,,,,,,2503.176189781022,0.044037724550898195
WhatsApp,Inversión,Reactivation,Student,CO,279.0,274.0,0.0,0.0,0.0,0.0,0.0,11.706800000000001,0.0,0.0,0.0,0.0,0.0,False,2503.176189781022,0.041959856630824376,,,,,,1.6762646114213408e-05,,,,,,2503.176189781022,0.041959856630824376
WhatsApp,Inversión,Reactivation,Student,MX,437.0,415.0,0.0,0.0,0.0,0.0,0.0,19.6846,0.0,0.0,0.0,0.0,0.0,False,2503.176189781022,0.04504485125858124,,,,,,1.7995078190050124e-05,,,,,,2503.176189781022,0.04504485125858124
WhatsApp,Inversión,Retention,Basic,AR,57.0,55.0,0.0,0.0,0.0,0.0,0.0,2.3186,494.0,0.0,0.0,0.0,21.3135,False,2503.176189781022,0.04067719298245614,,,,,,1.6250231665080906e-05,,,,,0.0,2503.176189781022,0.043144736842105263
WhatsApp,Inversión,Retention,Basic,CO,83.0,75.0,0.0,0.0,0.0,0.0,0.0,3.2402999999999995,695.0,0.0,0.0,0.0,28.81300000000001,False,2503.176189781022,0.039039759036144574,,,,,,1.5596089158853726e-05,,,,,0.0,2503.176189781022,0.04145755395683454
WhatsApp,Inversión,Retention,Basic,MX,136.0,126.0,0.0,0.0,0.0,0.0,0.0,5.3818,1100.0,0.0,0.0,0.0,46.545200000000015,False,2503.176189781022,0.03957205882352941,,,,,,1.5808738907424323e-05,,,,,0.0,2503.176189781022,0.042313818181818195
WhatsApp,Inversión,Retention,Plus,AR,18.0,13.0,0.0,0.0,0.0,0.0,0.0,0.6419,160.0,0.0,0.0,0.0,6.9171,False,2503.176189781022,0.035661111111111116,,,,,,1.4246344806527882e-05,,,,,0.0,2503.176189781022,0.043231874999999996
WhatsApp,Inversión,Retention,Plus,CO,31.0,30.0,0.0,0.0,0.0,0.0,0.0,1.0320999999999998,265.0,0.0,0.0,0.0,11.397699999999999,False,2503.176189781022,0.03329354838709677,,,,,,1.330052136282476e-05,,,,,0.0,2503.176189781022,0.043010188679245276
WhatsApp,Inversión,Retention,Plus,MX,45.0,42.0,0.0,0.0,0.0,0.0,0.0,1.9228999999999998,433.0,0.0,0.0,0.0,18.1076,False,2503.176189781022,0.04273111111111111,,,,,,1.707075645955598e-05,,,,,0.0,2503.176189781022,0.0418189376443418
WhatsApp,Inversión,Retention,Premium,AR,13.0,12.0,0.0,0.0,0.0,0.0,0.0,0.49429999999999996,82.0,0.0,0.0,0.0,3.2236000000000002,False,2503.176189781022,0.03802307692307692,,,,,,1.518993232609934e-05,,,,,0.0,2503.176189781022,0.03931219512195122
WhatsApp,Inversión,Retention,Premium,CO,9.0,9.0,0.0,0.0,0.0,0.0,0.0,0.3194,100.0,0.0,0.0,0.0,3.9421,False,2503.176189781022,0.03548888888888889,,,,,,1.4177543328259869e-05,,,,,0.0,2503.176189781022,0.039421
WhatsApp,Inversión,Retention,Premium,MX,19.0,16.0,0.0,0.0,0.0,0.0,0.0,0.5935999999999999,204.0,0.0,0.0,0.0,9.379199999999999,False,2503.176189781022,0.03124210526315789,,,,,,1.2480985314058518e-05,,,,,0.0,2503.176189781022,0.04597647058823529
WhatsApp,Inversión,Retention,Student,AR,2.0,2.0,0.0,0.0,0.0,0.0,0.0,0.1328,37.0,0.0,0.0,0.0,1.4856999999999998,False,2503.176189781022,0.0664,,,,,,2.6526298976105503e-05,,,,,0.0,2503.176189781022,0.04015405405405405
WhatsApp,Inversión,Retention,Student,CO,8.0,7.0,0.0,0.0,0.0,0.0,0.0,0.3616,68.0,0.0,0.0,0.0,2.6822000000000004,False,2503.176189781022,0.0452,,,,,,1.8057058941565794e-05,,,,,0.0,2503.176189781022,0.03944411764705883
WhatsApp,Inversión,Retention,Student,MX,11.0,11.0,0.0,0.0,0.0,0.0,0.0,0.43989999999999996,104.0,0.0,0.0,0.0,4.3873,False,2503.176189781022,0.039990909090909084,,,,,,1.597606642879081e-05,,,,,0.0,2503.176189781022,0.04218557692307692
WhatsApp,Préstamo Hipotecario,Acquisition,Basic,AR,270.0,254.0,0.0,0.0,0.0,0.0,0.0,11.805700000000002,0.0,0.0,0.0,0.0,0.0,False,2510.8035106382977,0.04372481481481482,,,,,,1.741467009646608e-05,,,,,,2510.8035106382977,0.04372481481481482
WhatsApp,Préstamo Hipotecario,Acquisition,Basic,CO,398.0,373.0,0.0,0.0,0.0,0.0,0.0,16.888100000000005,0.0,0.0,0.0,0.0,0.0,False,2510.8035106382977,0.04243241206030152,,,,,,1.6899933380097247e-05,,,,,,2510.8035106382977,0.04243241206030152
WhatsApp,Préstamo Hipotecario,Acquisition,Basic,MX,681.0,647.0,0.0,0.0,0.0,0.0,0.0,29.038299999999996,0.0,0.0,0.0,0.0,0.0,False,2510.8035106382977,0.04264067547723935,,,,,,1.6982880299701038e-05,,,,,,2510.8035106382977,0.04264067547723935
WhatsApp,Préstamo Hipotecario,Acquisition,Plus,AR,97.0,91.0,0.0,0.0,0.0,0.0,0.0,3.8957999999999995,0.0,0.0,0.0,0.0,0.0,False,2510.8035106382977,0.04016288659793814,,,,,,1.5996029329960556e-05,,,,,,2510.8035106382977,0.04016288659793814
WhatsApp,Préstamo Hipotecario,Acquisition,Plus,CO,166.0,160.0,0.0,0.0,0.0,0.0,0.0,7.3508000000000004,0.0,0.0,0.0,0.0,0.0,False,2510.8035106382977,0.044281927710843376,,,,,,1.763655639448505e-05,,,,,,2510.8035106382977,0.044281927710843376
WhatsApp,Préstamo Hipotecario,Acquisition,Plus,MX,272.0,252.0,0.0,0.0,0.0,0.0,0.0,10.6891,0.0,0.0,0.0,0.0,0.0,False,2510.8035106382977,0.03929816176470588,,,,,,1.5651627695356968e-05,,,,,,2510.8035106382977,0.03929816176470588
WhatsApp,Préstamo Hipotecario,Acquisition,Premium,AR,45.0,42.0,0.0,0.0,0.0,0.0,0.0,2.1271,0.0,0.0,0.0,0.0,0.0,False,2510.8035106382977,0.04726888888888889,,,,,,1.8826199935044766e-05,,,,,,2510.8035106382977,0.04726888888888889
WhatsApp,Préstamo Hipotecario,Acquisition,Premium,CO,72.0,70.0,0.0,0.0,0.0,0.0,0.0,3.0252,0.0,0.0,0.0,0.0,0.0,False,2510.8035106382977,0.04201666666666667,,,,,,1.6734350772030413e-05,,,,,,2510.8035106382977,0.04201666666666667
WhatsApp,Préstamo Hipotecario,Acquisition,Premium,MX,120.0,114.0,0.0,0.0,0.0,0.0,0.0,4.941800000000001,0.0,0.0,0.0,0.0,0.0,False,2510.8035106382977,0.04118166666666667,,,,,,1.640178791059498e-05,,,,,,2510.8035106382977,0.04118166666666667
WhatsApp,Préstamo Hipotecario,Acquisition,Student,AR,18.0,18.0,0.0,0.0,0.0,0.0,0.0,0.8434,0.0,0.0,0.0,0.0,0.0,False,2510.8035106382977,0.04685555555555556,,,,,,1.8661577999643596e-05,,,,,,2510.8035106382977,0.04685555555555556
WhatsApp,Préstamo Hipotecario,Acquisition,Student,CO,30.0,30.0,0.0,0.0,0.0,0.0,0.0,1.5013999999999998,0.0,0.0,0.0,0.0,0.0,False,2510.8035106382977,0.05004666666666666,,,,,,1.9932530146074143e-05,,,,,,2510.8035106382977,0.05004666666666666
WhatsApp,Préstamo Hipotecario,Acquisition,Student,MX,54.0,52.0,0.0,0.0,0.0,0.0,0.0,2.2507,0.0,0.0,0.0,0.0,0.0,False,2510.8035106382977,0.04167962962962963,,,,,,1.6600116039758847e-05,,,,,,2510.8035106382977,0.04167962962962963
WhatsApp,Préstamo Hipotecario,Cross-sell,Basic,AR,1369.0,1281.0,0.0,0.0,0.0,0.0,0.0,59.0107,0.0,0.0,0.0,0.0,0.0,False,2510.8035106382977,0.043104967129291454,,,,,,1.716779785700287e-05,,,,,,2510.8035106382977,0.043104967129291454
WhatsApp,Préstamo Hipotecario,Cross-sell,Basic,CO,2059.0,1918.0,0.0,0.0,0.0,0.0,0.0,88.43950000000001,0.0,0.0,0.0,0.0,0.0,False,2510.8035106382977,0.04295264691597864,,,,,,1.7107131933657044e-05,,,,,,2510.8035106382977,0.04295264691597864
WhatsApp,Préstamo Hipotecario,Cross-sell,Basic,MX,3399.0,3193.0,0.0,0.0,0.0,0.0,0.0,145.2666,0.0,0.0,0.0,0.0,0.0,False,2510.8035106382977,0.042738040600176525,,,,,,1.7021658771423193e-05,,,,,,2510.8035106382977,0.042738040600176525
WhatsApp,Préstamo Hipotecario,Cross-sell,Plus,AR,585.0,553.0,0.0,0.0,0.0,0.0,0.0,24.3399,0.0,0.0,0.0,0.0,0.0,False,2510.8035106382977,0.04160666666666667,,,,,,1.6571056432882477e-05,,,,,,2510.8035106382977,0.04160666666666667
WhatsApp,Préstamo Hipotecario,Cross-sell,Plus,CO,927.0,880.0,0.0,0.0,0.0,0.0,0.0,39.5759,0.0,0.0,0.0,0.0,0.0,False,2510.8035106382977,0.04269244875943905,,,,,,1.700350050434084e-05,,,,,,2510.8035106382977,0.04269244875943905
WhatsApp,Préstamo Hipotecario,Cross-sell,Plus,MX,1427.0,1345.0,0.0,0.0,0.0,0.0,0.0,59.34739999999999,0.0,0.0,0.0,0.0,0.0,False,2510.8035106382977,0.04158892782060266,,,,,,1.656399142521109e-05,,,,,,2510.8035106382977,0.04158892782060266
WhatsApp,Préstamo Hipotecario,Cross-sell,Premium,AR,234.0,221.0,0.0,0.0,0.0,0.0,0.0,9.9247,0.0,0.0,0.0,0.0,0.0,False,2510.8035106382977,0.04241324786324786,,,,,,1.689230068523584e-05,,,,,,2510.8035106382977,0.04241324786324786
WhatsApp,Préstamo Hipotecario,Cross-sell,Premium,CO,292.0,279.0,0.0,0.0,0.0,0.0,0.0,12.206,0.0,0.0,0.0,0.0,0.0,False,2510.8035106382977,0.0418013698630137,,,,,,1.664860260307145e-05,,,,,,2510.8035106382977,0.0418013698630137
WhatsApp,Préstamo Hipotecario,Cross-sell,Premium,MX,599.0,568.0,0.0,0.0,0.0,0.0,0.0,25.190800000000003,0.0,0.0,0.0,0.0,0.0,False,2510.8035106382977,0.04205475792988314,,,,,,1.674952171752857e-05,,,,,,2510.8035106382977,0.04205475792988314
WhatsApp,Préstamo Hipotecario,Cross-sell,Student,AR,111.0,101.0,0.0,0.0,0.0,0.0,0.0,4.9677,0.0,0.0,0.0,0.0,0.0,False,2510.8035106382977,0.044754054054054054,,,,,,1.7824594343775097e-05,,,,,,2510.8035106382977,0.044754054054054054
WhatsApp,Préstamo Hipotecario,Cross-sell,Student,CO,173.0,160.0,0.0,0.0,0.0,0.0,0.0,7.4302,0.0,0.0,0.0,0.0,0.0,False,2510.8035106382977,0.04294913294797688,,,,,,1.710573239443111e-05,,,,,,2510.8035106382977,0.04294913294797688
WhatsApp,Préstamo Hipotecario,Cross-sell,Student,MX,252.0,238.0,0.0,0.0,0.0,0.0,0.0,11.076799999999999,0.0,0.0,0.0,0.0,0.0,False,2510.8035106382977,0.04395555555555555,,,,,,1.750656925932892e-05,,,,,,2510.8035106382977,0.04395555555555555
WhatsApp,Préstamo Hipotecario,Reactivation,Basic,AR,626.0,596.0,0.0,0.0,0.0,0.0,0.0,26.716699999999996,0.0,0.0,0.0,0.0,0.0,False,2510.8035106382977,0.04267843450479233,,,,,,1.6997918922752578e-05,,,,,,2510.8035106382977,0.04267843450479233
WhatsApp,Préstamo Hipotecario,Reactivation,Basic,CO,926.0,865.0,0.0,0.0,0.0,0.0,0.0,40.43140000000001,0.0,0.0,0.0,0.0,0.0,False,2510.8035106382977,0.04366241900647949,,,,,,1.738981916405701e-05,,,,,,2510.8035106382977,0.04366241900647949
WhatsApp,Préstamo Hipotecario,Reactivation,Basic,MX,1612.0,1518.0,0.0,0.0,0.0,0.0,0.0,69.55959999999999,0.0,0.0,0.0,0.0,0.0,False,2510.8035106382977,0.04315111662531017,,,,,,1.7186178226403814e-05,,,,,,2510.8035106382977,0.04315111662531017
WhatsApp,Préstamo Hipotecario,Reactivation,Plus,AR,280.0,264.0,0.0,0.0,0.0,0.0,0.0,11.834300000000002,0.0,0.0,0.0,0.0,0.0,False,2510.8035106382977,0.04226535714285715,,,,,,1.6833398935352146e-05,,,,,,2510.8035106382977,0.04226535714285715
WhatsApp,Préstamo Hipotecario,Reactivation,Plus,CO,401.0,367.0,0.0,0.0,0.0,0.0,0.0,16.9139,0.0,0.0,0.0,0.0,0.0,False,2510.8035106382977,0.042179301745635916,,,,,,1.6799124888475673e-05,,,,,,2510.8035106382977,0.042179301745635916
WhatsApp,Préstamo Hipotecario,Reactivation,Plus,MX,720.0,680.0,0.0,0.0,0.0,0.0,0.0,29.925400000000007,0.0,0.0,0.0,0.0,0.0,False,2510.8035106382977,0.04156305555555557,,,,,,1.655368704856932e-05,,,,,,2510.8035106382977,0.04156305555555557
WhatsApp,Préstamo Hipotecario,Reactivation,Premium,AR,103.0,95.0,0.0,0.0,0.0,0.0,0.0,4.608499999999999,0.0,0.0,0.0,0.0,0.0,False,2510.8035106382977,0.04474271844660194,,,,,,1.7820079610780623e-05,,,,,,2510.8035106382977,0.04474271844660194
WhatsApp,Préstamo Hipotecario,Reactivation,Premium,CO,178.0,165.0,0.0,0.0,0.0,0.0,0.0,7.112500000000001,0.0,0.0,0.0,0.0,0.0,False,2510.8035106382977,0.03995786516853933,,,,,,1.5914373625509716e-05,,,,,,2510.8035106382977,0.03995786516853933
WhatsApp,Préstamo Hipotecario,Reactivation,Premium,MX,269.0,259.0,0.0,0.0,0.0,0.0,0.0,11.7309,0.0,0.0,0.0,0.0,0.0,False,2510.8035106382977,0.043609293680297395,,,,,,1.7368660468859637e-05,,,,,,2510.8035106382977,0.043609293680297395
WhatsApp,Préstamo Hipotecario,Reactivation,Student,AR,53.0,50.0,0.0,0.0,0.0,0.0,0.0,1.9725,0.0,0.0,0.0,0.0,0.0,False,2510.8035106382977,0.03721698113207547,,,,,,1.4822737412301192e-05,,,,,,2510.8035106382977,0.03721698113207547
WhatsApp,Préstamo Hipotecario,Reactivation,Student,CO,91.0,89.0,0.0,0.0,0.0,0.0,0.0,3.6898,0.0,0.0,0.0,0.0,0.0,False,2510.8035106382977,0.040547252747252745,,,,,,1.6149114247870717e-05,,,,,,2510.8035106382977,0.040547252747252745
WhatsApp,Préstamo Hipotecario,Reactivation,Student,MX,136.0,126.0,0.0,0.0,0.0,0.0,0.0,5.853999999999999,0.0,0.0,0.0,0.0,0.0,False,2510.8035106382977,0.043044117647058816,,,,,,1.7143562793615864e-05,,,,,,2510.8035106382977,0.043044117647058816
WhatsApp,Préstamo Hipotecario,Retention,Basic,AR,415.0,394.0,0.0,0.0,0.0,0.0,0.0,16.9517,0.0,0.0,0.0,0.0,0.0,False,2510.8035106382977,0.04084746987951807,,,,,,1.6268684389856457e-05,,,,,,2510.8035106382977,0.04084746987951807
WhatsApp,Préstamo Hipotecario,Retention,Basic,CO,656.0,617.0,0.0,0.0,0.0,0.0,0.0,27.073700000000002,0.0,0.0,0.0,0.0,0.0,False,2510.8035106382977,0.04127088414634147,,,,,,1.643732134811679e-05,,,,,,2510.8035106382977,0.04127088414634147
WhatsApp,Préstamo Hipotecario,Retention,Basic,MX,1084.0,1017.0,0.0,0.0,0.0,0.0,0.0,45.14159999999999,0.0,0.0,0.0,0.0,0.0,False,2510.8035106382977,0.04164354243542435,,,,,,1.6585743272613838e-05,,,,,,2510.8035106382977,0.04164354243542435
WhatsApp,Préstamo Hipotecario,Retention,Plus,AR,167.0,153.0,0.0,0.0,0.0,0.0,0.0,6.995399999999999,0.0,0.0,0.0,0.0,0.0,False,2510.8035106382977,0.04188862275449101,,,,,,1.6683353586614218e-05,,,,,,2510.8035106382977,0.04188862275449101
WhatsApp,Préstamo Hipotecario,Retention,Plus,CO,258.0,244.0,0.0,0.0,0.0,0.0,0.0,11.413499999999999,0.0,0.0,0.0,0.0,0.0,False,2510.8035106382977,0.044238372093023254,,,,,,1.7619209111977444e-05,,,,,,2510.8035106382977,0.044238372093023254
WhatsApp,Préstamo Hipotecario,Retention,Plus,MX,431.0,407.0,0.0,0.0,0.0,0.0,0.0,19.0026,0.0,0.0,0.0,0.0,0.0,False,2510.8035106382977,0.04408955916473318,,,,,,1.7559940066168185e-05,,,,,,2510.8035106382977,0.04408955916473318
WhatsApp,Préstamo Hipotecario,Retention,Premium,AR,76.0,72.0,0.0,0.0,0.0,0.0,0.0,3.2035,0.0,0.0,0.0,0.0,0.0,False,2510.8035106382977,0.04215131578947368,,,,,,1.6787978673312415e-05,,,,,,2510.8035106382977,0.04215131578947368
WhatsApp,Préstamo Hipotecario,Retention,Premium,CO,115.0,113.0,0.0,0.0,0.0,0.0,0.0,4.9620999999999995,0.0,0.0,0.0,0.0,0.0,False,2510.8035106382977,0.043148695652173906,,,,,,1.718521400394435e-05,,,,,,2510.8035106382977,0.043148695652173906
WhatsApp,Préstamo Hipotecario,Retention,Premium,MX,185.0,173.0,0.0,0.0,0.0,0.0,0.0,7.505099999999999,0.0,0.0,0.0,0.0,0.0,False,2510.8035106382977,0.040568108108108104,,,,,,1.615742049755015e-05,,,,,,2510.8035106382977,0.040568108108108104
WhatsApp,Préstamo Hipotecario,Retention,Student,AR,35.0,33.0,0.0,0.0,0.0,0.0,0.0,1.2774,0.0,0.0,0.0,0.0,0.0,False,2510.8035106382977,0.03649714285714286,,,,,,1.4536041033280433e-05,,,,,,2510.8035106382977,0.03649714285714286
WhatsApp,Préstamo Hipotecario,Retention,Student,CO,51.0,46.0,0.0,0.0,0.0,0.0,0.0,1.9231,0.0,0.0,0.0,0.0,0.0,False,2510.8035106382977,0.0377078431372549,,,,,,1.5018237379980719e-05,,,,,,2510.8035106382977,0.0377078431372549
WhatsApp,Préstamo Hipotecario,Retention,Student,MX,90.0,88.0,0.0,0.0,0.0,0.0,0.0,4.0203999999999995,0.0,0.0,0.0,0.0,0.0,False,2510.8035106382977,0.044671111111111106,,,,,,1.7791559921690088e-05,,,,,,2510.8035106382977,0.044671111111111106
WhatsApp,Préstamo Personal,Reactivation,Basic,AR,0.0,0.0,0.0,0.0,0.0,0.0,0.0,0.0,1591.0,0.0,0.0,0.0,67.92540000000001,False,2559.2287751004014,0.04269352608422376,,,,,,1.6682184296927048e-05,,,,,0.0,2559.2287751004014,0.04269352608422376
WhatsApp,Préstamo Personal,Reactivation,Basic,CO,0.0,0.0,0.0,0.0,0.0,0.0,0.0,0.0,2424.0,0.0,0.0,0.0,102.6285,False,2559.2287751004014,0.042338490099009904,,,,,,1.6543456572126468e-05,,,,,0.0,2559.2287751004014,0.042338490099009904
WhatsApp,Préstamo Personal,Reactivation,Basic,MX,0.0,0.0,0.0,0.0,0.0,0.0,0.0,0.0,4103.0,0.0,0.0,0.0,175.8685,False,2559.2287751004014,0.04286339263953205,,,,,,1.6748558415943283e-05,,,,,0.0,2559.2287751004014,0.04286339263953205
WhatsApp,Préstamo Personal,Reactivation,Plus,AR,0.0,0.0,0.0,0.0,0.0,0.0,0.0,0.0,633.0,0.0,0.0,0.0,26.3662,False,2559.2287751004014,0.04165276461295418,,,,,,1.6275514333930578e-05,,,,,0.0,2559.2287751004014,0.04165276461295418
WhatsApp,Préstamo Personal,Reactivation,Plus,CO,0.0,0.0,0.0,0.0,0.0,0.0,0.0,0.0,1049.0,0.0,0.0,0.0,45.1901,False,2559.2287751004014,0.04307921830314585,,,,,,1.683289072171979e-05,,,,,0.0,2559.2287751004014,0.04307921830314585
WhatsApp,Préstamo Personal,Reactivation,Plus,MX,0.0,0.0,0.0,0.0,0.0,0.0,0.0,0.0,1684.0,0.0,0.0,0.0,73.2346,False,2559.2287751004014,0.04348847980997625,,,,,,1.6992806674061465e-05,,,,,0.0,2559.2287751004014,0.04348847980997625
WhatsApp,Préstamo Personal,Reactivation,Premium,AR,0.0,0.0,0.0,0.0,0.0,0.0,0.0,0.0,281.0,0.0,0.0,0.0,11.823400000000001,False,2559.2287751004014,0.0420761565836299,,,,,,1.6440951662079996e-05,,,,,0.0,2559.2287751004014,0.0420761565836299
WhatsApp,Préstamo Personal,Reactivation,Premium,CO,0.0,0.0,0.0,0.0,0.0,0.0,0.0,0.0,441.0,0.0,0.0,0.0,18.886200000000002,False,2559.2287751004014,0.04282585034013606,,,,,,1.673388903594832e-05,,,,,0.0,2559.2287751004014,0.04282585034013606
WhatsApp,Préstamo Personal,Reactivation,Premium,MX,0.0,0.0,0.0,0.0,0.0,0.0,0.0,0.0,731.0,0.0,0.0,0.0,31.524999999999995,False,2559.2287751004014,0.043125854993160045,,,,,,1.6851113668596574e-05,,,,,0.0,2559.2287751004014,0.043125854993160045
WhatsApp,Préstamo Personal,Reactivation,Student,AR,0.0,0.0,0.0,0.0,0.0,0.0,0.0,0.0,152.0,0.0,0.0,0.0,6.324199999999999,False,2559.2287751004014,0.04160657894736842,,,,,,1.625746762156351e-05,,,,,0.0,2559.2287751004014,0.04160657894736842
WhatsApp,Préstamo Personal,Reactivation,Student,CO,0.0,0.0,0.0,0.0,0.0,0.0,0.0,0.0,217.0,0.0,0.0,0.0,8.9464,False,2559.2287751004014,0.041227649769585255,,,,,,1.6109403805827342e-05,,,,,0.0,2559.2287751004014,0.041227649769585255
WhatsApp,Préstamo Personal,Reactivation,Student,MX,0.0,0.0,0.0,0.0,0.0,0.0,0.0,0.0,344.0,0.0,0.0,0.0,15.0498,False,2559.2287751004014,0.04374941860465116,,,,,,1.70947666071529e-05,,,,,0.0,2559.2287751004014,0.04374941860465116
WhatsApp,Préstamo Personal,Up-sell,Basic,AR,245.0,226.0,0.0,0.0,0.0,0.0,0.0,10.230799999999999,0.0,0.0,0.0,0.0,0.0,False,2559.2287751004014,0.04175836734693877,,,,,,1.6316777832923726e-05,,,,,,2559.2287751004014,0.04175836734693877
WhatsApp,Préstamo Personal,Up-sell,Basic,CO,435.0,411.0,0.0,0.0,0.0,0.0,0.0,18.119999999999997,0.0,0.0,0.0,0.0,0.0,False,2559.2287751004014,0.041655172413793094,,,,,,1.627645516456766e-05,,,,,,2559.2287751004014,0.041655172413793094
WhatsApp,Préstamo Personal,Up-sell,Basic,MX,640.0,608.0,0.0,0.0,0.0,0.0,0.0,27.4436,0.0,0.0,0.0,0.0,0.0,False,2559.2287751004014,0.042880625,,,,,,1.6755291835259136e-05,,,,,,2559.2287751004014,0.042880625
WhatsApp,Préstamo Personal,Up-sell,Plus,AR,104.0,99.0,0.0,0.0,0.0,0.0,0.0,4.6113,0.0,0.0,0.0,0.0,0.0,False,2559.2287751004014,0.044339423076923075,,,,,,1.7325306556536193e-05,,,,,,2559.2287751004014,0.044339423076923075
WhatsApp,Préstamo Personal,Up-sell,Plus,CO,152.0,145.0,0.0,0.0,0.0,0.0,0.0,6.0097000000000005,0.0,0.0,0.0,0.0,0.0,False,2559.2287751004014,0.0395375,,,,,,1.5448990096029575e-05,,,,,,2559.2287751004014,0.0395375
WhatsApp,Préstamo Personal,Up-sell,Plus,MX,265.0,253.0,0.0,0.0,0.0,0.0,0.0,11.2961,0.0,0.0,0.0,0.0,0.0,False,2559.2287751004014,0.04262679245283019,,,,,,1.6656108616611617e-05,,,,,,2559.2287751004014,0.04262679245283019
WhatsApp,Préstamo Personal,Up-sell,Premium,AR,41.0,39.0,0.0,0.0,0.0,0.0,0.0,1.8689999999999998,0.0,0.0,0.0,0.0,0.0,False,2559.2287751004014,0.04558536585365853,,,,,,1.7812149619906554e-05,,,,,,2559.2287751004014,0.04558536585365853
WhatsApp,Préstamo Personal,Up-sell,Premium,CO,52.0,49.0,0.0,0.0,0.0,0.0,0.0,2.3286000000000002,0.0,0.0,0.0,0.0,0.0,False,2559.2287751004014,0.044780769230769235,,,,,,1.7497759350964017e-05,,,,,,2559.2287751004014,0.044780769230769235
WhatsApp,Préstamo Personal,Up-sell,Premium,MX,109.0,101.0,0.0,0.0,0.0,0.0,0.0,4.508399999999999,0.0,0.0,0.0,0.0,0.0,False,2559.2287751004014,0.04136146788990825,,,,,,1.616169226148436e-05,,,,,,2559.2287751004014,0.04136146788990825
WhatsApp,Préstamo Personal,Up-sell,Student,AR,19.0,18.0,0.0,0.0,0.0,0.0,0.0,0.7568999999999999,0.0,0.0,0.0,0.0,0.0,False,2559.2287751004014,0.03983684210526315,,,,,,1.5565955842966915e-05,,,,,,2559.2287751004014,0.03983684210526315
WhatsApp,Préstamo Personal,Up-sell,Student,CO,23.0,22.0,0.0,0.0,0.0,0.0,0.0,0.9859,0.0,0.0,0.0,0.0,0.0,False,2559.2287751004014,0.04286521739130435,,,,,,1.6749271424405072e-05,,,,,,2559.2287751004014,0.04286521739130435
WhatsApp,Préstamo Personal,Up-sell,Student,MX,48.0,44.0,0.0,0.0,0.0,0.0,0.0,2.0987,0.0,0.0,0.0,0.0,0.0,False,2559.2287751004014,0.04372291666666667,,,,,,1.7084411167950925e-05,,,,,,2559.2287751004014,0.04372291666666667
WhatsApp,Seguro,Cross-sell,Basic,AR,0.0,0.0,0.0,0.0,0.0,0.0,0.0,0.0,115.0,0.0,0.0,0.0,4.8346,False,2610.4974193548387,0.04204,,,,,,1.6104210518771483e-05,,,,,0.0,2610.4974193548387,0.04204
WhatsApp,Seguro,Cross-sell,Basic,CO,0.0,0.0,0.0,0.0,0.0,0.0,0.0,0.0,149.0,0.0,0.0,0.0,6.413300000000001,False,2610.4974193548387,0.04304228187919464,,,,,,1.6488153391790045e-05,,,,,0.0,2610.4974193548387,0.04304228187919464
WhatsApp,Seguro,Cross-sell,Basic,MX,0.0,0.0,0.0,0.0,0.0,0.0,0.0,0.0,279.0,0.0,0.0,0.0,11.883700000000001,False,2610.4974193548387,0.042593906810035845,,,,,,1.6316394911649654e-05,,,,,0.0,2610.4974193548387,0.042593906810035845
WhatsApp,Seguro,Cross-sell,Plus,AR,0.0,0.0,0.0,0.0,0.0,0.0,0.0,0.0,55.0,0.0,0.0,0.0,2.2797,False,2610.4974193548387,0.04144909090909091,,,,,,1.587785170817548e-05,,,,,0.0,2610.4974193548387,0.04144909090909091
WhatsApp,Seguro,Cross-sell,Plus,CO,0.0,0.0,0.0,0.0,0.0,0.0,0.0,0.0,81.0,0.0,0.0,0.0,3.7051,False,2610.4974193548387,0.04574197530864197,,,,,,1.7522321596451413e-05,,,,,0.0,2610.4974193548387,0.04574197530864197
WhatsApp,Seguro,Cross-sell,Plus,MX,0.0,0.0,0.0,0.0,0.0,0.0,0.0,0.0,103.0,0.0,0.0,0.0,4.161899999999999,False,2610.4974193548387,0.04040679611650485,,,,,,1.5478581138184395e-05,,,,,0.0,2610.4974193548387,0.04040679611650485
WhatsApp,Seguro,Cross-sell,Premium,AR,0.0,0.0,0.0,0.0,0.0,0.0,0.0,0.0,19.0,0.0,0.0,0.0,0.8864000000000001,False,2610.4974193548387,0.04665263157894737,,,,,,1.7871165561419e-05,,,,,0.0,2610.4974193548387,0.04665263157894737
WhatsApp,Seguro,Cross-sell,Premium,CO,0.0,0.0,0.0,0.0,0.0,0.0,0.0,0.0,46.0,0.0,0.0,0.0,1.9660000000000002,False,2610.4974193548387,0.04273913043478261,,,,,,1.6372025544980317e-05,,,,,0.0,2610.4974193548387,0.04273913043478261
WhatsApp,Seguro,Cross-sell,Premium,MX,0.0,0.0,0.0,0.0,0.0,0.0,0.0,0.0,47.0,0.0,0.0,0.0,1.8915000000000002,False,2610.4974193548387,0.040244680851063835,,,,,,1.541647984505955e-05,,,,,0.0,2610.4974193548387,0.040244680851063835
WhatsApp,Seguro,Cross-sell,Student,AR,0.0,0.0,0.0,0.0,0.0,0.0,0.0,0.0,14.0,0.0,0.0,0.0,0.5922000000000001,False,2610.4974193548387,0.042300000000000004,,,,,,1.6203808395433724e-05,,,,,0.0,2610.4974193548387,0.042300000000000004
WhatsApp,Seguro,Cross-sell,Student,CO,0.0,0.0,0.0,0.0,0.0,0.0,0.0,0.0,11.0,0.0,0.0,0.0,0.4154,False,2610.4974193548387,0.03776363636363636,,,,,,1.446606921870442e-05,,,,,0.0,2610.4974193548387,0.03776363636363636
WhatsApp,Seguro,Cross-sell,Student,MX,0.0,0.0,0.0,0.0,0.0,0.0,0.0,0.0,24.0,0.0,0.0,0.0,1.0219,False,2610.4974193548387,0.04257916666666667,,,,,,1.6310748423260166e-05,,,,,0.0,2610.4974193548387,0.04257916666666667
WhatsApp,Seguro,Reactivation,Basic,AR,914.0,857.0,0.0,0.0,0.0,0.0,0.0,38.26010000000001,2939.0,0.0,0.0,0.0,124.7824,False,2610.4974193548387,0.041860065645514234,,,,,,1.60352832893662e-05,,,,,0.0,2610.4974193548387,0.04245743450153113
WhatsApp,Seguro,Reactivation,Basic,CO,1305.0,1222.0,0.0,0.0,0.0,0.0,0.0,57.5528,4508.0,0.0,0.0,0.0,190.96800000000002,False,2610.4974193548387,0.04410176245210728,,,,,,1.6894007297278478e-05,,,,,0.0,2610.4974193548387,0.04236202307009761
WhatsApp,Seguro,Reactivation,Basic,MX,2230.0,2090.0,0.0,0.0,0.0,0.0,0.0,94.28209999999996,7657.0,0.0,0.0,0.0,325.1325999999999,False,2610.4974193548387,0.04227896860986545,,,,,,1.619575192696966e-05,,,,,0.0,2610.4974193548387,0.04246213921901527
WhatsApp,Seguro,Reactivation,Plus,AR,411.0,381.0,0.0,0.0,0.0,0.0,0.0,17.6968,1241.0,0.0,0.0,0.0,53.2927,False,2610.4974193548387,0.04305790754257907,,,,,,1.6494139095230537e-05,,,,,0.0,2610.4974193548387,0.0429433521353747
WhatsApp,Seguro,Reactivation,Plus,CO,548.0,524.0,0.0,0.0,0.0,0.0,0.0,23.6154,1906.0,0.0,0.0,0.0,80.97580000000002,False,2610.4974193548387,0.043093795620437955,,,,,,1.6507886696585283e-05,,,,,0.0,2610.4974193548387,0.042484679958027294
WhatsApp,Seguro,Reactivation,Plus,MX,950.0,888.0,0.0,0.0,0.0,0.0,0.0,40.559,3127.0,0.0,0.0,0.0,131.5221,False,2610.4974193548387,0.042693684210526314,,,,,,1.635461651637169e-05,,,,,0.0,2610.4974193548387,0.04206015350175887
WhatsApp,Seguro,Reactivation,Premium,AR,147.0,139.0,0.0,0.0,0.0,0.0,0.0,6.1506,517.0,0.0,0.0,0.0,22.8208,False,2610.4974193548387,0.04184081632653061,,,,,,1.6027909476681727e-05,,,,,0.0,2610.4974193548387,0.04414081237911025
WhatsApp,Seguro,Reactivation,Premium,CO,225.0,211.0,0.0,0.0,0.0,0.0,0.0,9.398399999999999,784.0,0.0,0.0,0.0,32.909,False,2610.4974193548387,0.041770666666666664,,,,,,1.6001037333716235e-05,,,,,0.0,2610.4974193548387,0.041975765306122445
WhatsApp,Seguro,Reactivation,Premium,MX,366.0,345.0,0.0,0.0,0.0,0.0,0.0,15.6152,1351.0,0.0,0.0,0.0,57.12100000000001,False,2610.4974193548387,0.042664480874316936,,,,,,1.6343429630687427e-05,,,,,0.0,2610.4974193548387,0.042280532938564035
WhatsApp,Seguro,Reactivation,Student,AR,62.0,56.0,0.0,0.0,0.0,0.0,0.0,2.8285,272.0,0.0,0.0,0.0,11.4038,False,2610.4974193548387,0.045620967741935484,,,,,,1.747596737835899e-05,,,,,0.0,2610.4974193548387,0.041925735294117646
WhatsApp,Seguro,Reactivation,Student,CO,128.0,118.0,0.0,0.0,0.0,0.0,0.0,4.702900000000001,390.0,0.0,0.0,0.0,16.998800000000003,False,2610.4974193548387,0.03674140625000001,,,,,,1.4074484800326033e-05,,,,,0.0,2610.4974193548387,0.043586666666666676
WhatsApp,Seguro,Reactivation,Student,MX,206.0,188.0,0.0,0.0,0.0,0.0,0.0,8.1785,627.0,0.0,0.0,0.0,26.6578,False,2610.4974193548387,0.03970145631067961,,,,,,1.5208387495932277e-05,,,,,0.0,2610.4974193548387,0.04251642743221691
WhatsApp,Seguro,Retention,Basic,AR,0.0,0.0,0.0,0.0,0.0,0.0,0.0,0.0,1478.0,0.0,0.0,0.0,63.78630000000001,False,2610.4974193548387,0.04315717185385657,,,,,,1.6532164151505838e-05,,,,,0.0,2610.4974193548387,0.04315717185385657
WhatsApp,Seguro,Retention,Basic,CO,0.0,0.0,0.0,0.0,0.0,0.0,0.0,0.0,2321.0,0.0,0.0,0.0,99.65829999999997,False,2610.4974193548387,0.04293765618267987,,,,,,1.6448074556339356e-05,,,,,0.0,2610.4974193548387,0.04293765618267987
WhatsApp,Seguro,Retention,Basic,MX,0.0,0.0,0.0,0.0,0.0,0.0,0.0,0.0,3943.0,0.0,0.0,0.0,170.42309999999995,False,2610.4974193548387,0.04322168399695662,,,,,,1.6556876737935437e-05,,,,,0.0,2610.4974193548387,0.04322168399695662
WhatsApp,Seguro,Retention,Plus,AR,0.0,0.0,0.0,0.0,0.0,0.0,0.0,0.0,573.0,0.0,0.0,0.0,24.8885,False,2610.4974193548387,0.04343542757417103,,,,,,1.6638755224246e-05,,,,,0.0,2610.4974193548387,0.04343542757417103
WhatsApp,Seguro,Retention,Plus,CO,0.0,0.0,0.0,0.0,0.0,0.0,0.0,0.0,982.0,0.0,0.0,0.0,41.666399999999996,False,2610.4974193548387,0.042430142566191445,,,,,,1.62536619464185e-05,,,,,0.0,2610.4974193548387,0.042430142566191445
WhatsApp,Seguro,Retention,Plus,MX,0.0,0.0,0.0,0.0,0.0,0.0,0.0,0.0,1557.0,0.0,0.0,0.0,66.66409999999999,False,2610.4974193548387,0.042815735388567755,,,,,,1.6401370509360352e-05,,,,,0.0,2610.4974193548387,0.042815735388567755
WhatsApp,Seguro,Retention,Premium,AR,0.0,0.0,0.0,0.0,0.0,0.0,0.0,0.0,266.0,0.0,0.0,0.0,11.6116,False,2610.4974193548387,0.043652631578947367,,,,,,1.6721959292239304e-05,,,,,0.0,2610.4974193548387,0.043652631578947367
WhatsApp,Seguro,Retention,Premium,CO,0.0,0.0,0.0,0.0,0.0,0.0,0.0,0.0,372.0,0.0,0.0,0.0,15.970600000000001,False,2610.4974193548387,0.04293172043010753,,,,,,1.644580075498321e-05,,,,,0.0,2610.4974193548387,0.04293172043010753
WhatsApp,Seguro,Retention,Premium,MX,0.0,0.0,0.0,0.0,0.0,0.0,0.0,0.0,658.0,0.0,0.0,0.0,28.103299999999997,False,2610.4974193548387,0.042710182370820665,,,,,,1.6360936446118423e-05,,,,,0.0,2610.4974193548387,0.042710182370820665
WhatsApp,Seguro,Retention,Student,AR,0.0,0.0,0.0,0.0,0.0,0.0,0.0,0.0,131.0,0.0,0.0,0.0,5.2779,False,2610.4974193548387,0.040289312977099236,,,,,,1.5433577018075115e-05,,,,,0.0,2610.4974193548387,0.040289312977099236
WhatsApp,Seguro,Retention,Student,CO,0.0,0.0,0.0,0.0,0.0,0.0,0.0,0.0,201.0,0.0,0.0,0.0,8.7532,False,2610.4974193548387,0.04354825870646766,,,,,,1.6681977305777313e-05,,,,,0.0,2610.4974193548387,0.04354825870646766
WhatsApp,Seguro,Retention,Student,MX,0.0,0.0,0.0,0.0,0.0,0.0,0.0,0.0,302.0,0.0,0.0,0.0,12.856100000000001,False,2610.4974193548387,0.04256986754966888,,,,,,1.6307186222076267e-05,,,,,0.0,2610.4974193548387,0.04256986754966888
WhatsApp,Tarjeta Crédito,Acquisition,Basic,AR,1510.0,1399.0,0.0,0.0,0.0,0.0,0.0,64.0426,924.0,0.0,0.0,0.0,37.845,False,2553.18882751938,0.0424123178807947,,,,,,1.661150848838765e-05,,,,,0.0,2553.18882751938,0.04095779220779221
WhatsApp,Tarjeta Crédito,Acquisition,Basic,CO,2203.0,2051.0,0.0,0.0,0.0,0.0,0.0,90.99280000000002,1325.0,0.0,0.0,0.0,54.555200000000006,False,2553.18882751938,0.04130403994552883,,,,,,1.6177432511193812e-05,,,,,0.0,2553.18882751938,0.041173735849056606
WhatsApp,Tarjeta Crédito,Acquisition,Basic,MX,3691.0,3478.0,0.0,0.0,0.0,0.0,0.0,154.22070000000002,2200.0,0.0,0.0,0.0,91.98700000000001,False,2553.18882751938,0.04178290436196153,,,,,,1.6364987936500116e-05,,,,,0.0,2553.18882751938,0.04181227272727273
WhatsApp,Tarjeta Crédito,Acquisition,Plus,AR,644.0,606.0,0.0,0.0,0.0,0.0,0.0,27.689300000000003,354.0,0.0,0.0,0.0,14.758999999999999,False,2553.18882751938,0.042995807453416156,,,,,,1.684004214258994e-05,,,,,0.0,2553.18882751938,0.04169209039548022
WhatsApp,Tarjeta Crédito,Acquisition,Plus,CO,907.0,845.0,0.0,0.0,0.0,0.0,0.0,38.3211,584.0,0.0,0.0,0.0,24.8405,False,2553.18882751938,0.04225038588754135,,,,,,1.6548085058241014e-05,,,,,0.0,2553.18882751938,0.04253510273972602
WhatsApp,Tarjeta Crédito,Acquisition,Plus,MX,1493.0,1408.0,0.0,0.0,0.0,0.0,0.0,64.6564,990.0,0.0,0.0,0.0,42.3737,False,2553.18882751938,0.04330636302746149,,,,,,1.6961676535901562e-05,,,,,0.0,2553.18882751938,0.04280171717171717
WhatsApp,Tarjeta Crédito,Acquisition,Premium,AR,264.0,243.0,0.0,0.0,0.0,0.0,0.0,11.7102,160.0,0.0,0.0,0.0,7.1033,False,2553.18882751938,0.044356818181818185,,,,,,1.7373105233628277e-05,,,,,0.0,2553.18882751938,0.044395625
WhatsApp,Tarjeta Crédito,Acquisition,Premium,CO,387.0,365.0,0.0,0.0,0.0,0.0,0.0,15.904200000000001,252.0,0.0,0.0,0.0,10.8503,False,2553.18882751938,0.04109612403100776,,,,,,1.6095998693107167e-05,,,,,0.0,2553.18882751938,0.043056746031746036
WhatsApp,Tarjeta Crédito,Acquisition,Premium,MX,638.0,601.0,0.0,0.0,0.0,0.0,0.0,27.1049,416.0,0.0,0.0,0.0,17.1286,False,2553.18882751938,0.04248416927899687,,,,,,1.6639650315356234e-05,,,,,0.0,2553.18882751938,0.04117451923076923
WhatsApp,Tarjeta Crédito,Acquisition,Student,AR,135.0,129.0,0.0,0.0,0.0,0.0,0.0,5.9817,79.0,0.0,0.0,0.0,3.213,False,2553.18882751938,0.04430888888888889,,,,,,1.735433290765979e-05,,,,,0.0,2553.18882751938,0.04067088607594937
WhatsApp,Tarjeta Crédito,Acquisition,Student,CO,177.0,169.0,0.0,0.0,0.0,0.0,0.0,7.5568,99.0,0.0,0.0,0.0,4.6574,False,2553.18882751938,0.042693785310734464,,,,,,1.6721750013380237e-05,,,,,0.0,2553.18882751938,0.047044444444444444
WhatsApp,Tarjeta Crédito,Acquisition,Student,MX,289.0,274.0,0.0,0.0,0.0,0.0,0.0,12.5594,187.0,0.0,0.0,0.0,8.652,False,2553.18882751938,0.043458131487889275,,,,,,1.7021119244874732e-05,,,,,0.0,2553.18882751938,0.046267379679144384
WhatsApp,Tarjeta Crédito,Cross-sell,Basic,AR,5585.0,5239.0,0.0,0.0,0.0,0.0,0.0,237.6573,1333.0,0.0,0.0,0.0,56.8372,False,2553.18882751938,0.042552784243509396,,,,,,1.666652453780816e-05,,,,,0.0,2553.18882751938,0.04263855963990998
WhatsApp,Tarjeta Crédito,Cross-sell,Basic,CO,8554.0,8045.0,0.0,0.0,0.0,0.0,0.0,364.49769999999995,1971.0,0.0,0.0,0.0,83.3122,False,2553.18882751938,0.042611374795417344,,,,,,1.6689472527896645e-05,,,,,0.0,2553.18882751938,0.04226900050735667
WhatsApp,Tarjeta Crédito,Cross-sell,Basic,MX,13854.0,13013.0,0.0,0.0,0.0,0.0,0.0,588.7179,3302.0,0.0,0.0,0.0,140.26069999999999,False,2553.18882751938,0.04249443482026851,,,,,,1.66436709898794e-05,,,,,0.0,2553.18882751938,0.0424774984857662
WhatsApp,Tarjeta Crédito,Cross-sell,Plus,AR,2259.0,2118.0,0.0,0.0,0.0,0.0,0.0,97.2404,545.0,0.0,0.0,0.0,22.872899999999998,False,2553.18882751938,0.04304577246569278,,,,,,1.6859611792800718e-05,,,,,0.0,2553.18882751938,0.041968623853211005
WhatsApp,Tarjeta Crédito,Cross-sell,Plus,CO,3524.0,3360.0,0.0,0.0,0.0,0.0,0.0,150.2424,869.0,0.0,0.0,0.0,35.742,False,2553.18882751938,0.04263405221339387,,,,,,1.669835452586409e-05,,,,,0.0,2553.18882751938,0.04113003452243958
WhatsApp,Tarjeta Crédito,Cross-sell,Plus,MX,5754.0,5420.0,0.0,0.0,0.0,0.0,0.0,243.69060000000005,1392.0,0.0,0.0,0.0,57.05380000000001,False,2553.18882751938,0.042351511991657986,,,,,,1.6587692823646634e-05,,,,,0.0,2553.18882751938,0.04098692528735633
WhatsApp,Tarjeta Crédito,Cross-sell,Premium,AR,912.0,873.0,0.0,0.0,0.0,0.0,0.0,38.7021,222.0,0.0,0.0,0.0,9.1988,False,2553.18882751938,0.04243651315789474,,,,,,1.6620984981798266e-05,,,,,0.0,2553.18882751938,0.04143603603603604
WhatsApp,Tarjeta Crédito,Cross-sell,Premium,CO,1443.0,1362.0,0.0,0.0,0.0,0.0,0.0,61.054899999999996,324.0,0.0,0.0,0.0,13.8274,False,2553.18882751938,0.04231108801108801,,,,,,1.6571860081416892e-05,,,,,0.0,2553.18882751938,0.042677160493827165
WhatsApp,Tarjeta Crédito,Cross-sell,Premium,MX,2368.0,2234.0,0.0,0.0,0.0,0.0,0.0,99.68400000000001,543.0,0.0,0.0,0.0,22.653,False,2553.18882751938,0.042096283783783786,,,,,,1.6487728338010776e-05,,,,,0.0,2553.18882751938,0.041718232044198895
WhatsApp,Tarjeta Crédito,Cross-sell,Student,AR,462.0,434.0,0.0,0.0,0.0,0.0,0.0,19.8976,116.0,0.0,0.0,0.0,4.5585,False,2553.18882751938,0.04306839826839827,,,,,,1.6868473574765928e-05,,,,,0.0,2553.18882751938,0.039297413793103454
WhatsApp,Tarjeta Crédito,Cross-sell,Student,CO,689.0,655.0,0.0,0.0,0.0,0.0,0.0,28.9987,179.0,0.0,0.0,0.0,7.4209,False,2553.18882751938,0.04208809869375907,,,,,,1.6484522507742172e-05,,,,,0.0,2553.18882751938,0.04145754189944134
WhatsApp,Tarjeta Crédito,Cross-sell,Student,MX,1188.0,1116.0,0.0,0.0,0.0,0.0,0.0,51.1715,274.0,0.0,0.0,0.0,12.0583,False,2553.18882751938,0.0430736531986532,,,,,,1.6870531757928214e-05,,,,,0.0,2553.18882751938,0.04400839416058394
WhatsApp,Tarjeta Crédito,Retention,Basic,AR,1357.0,1280.0,0.0,0.0,0.0,0.0,0.0,57.59839999999999,0.0,0.0,0.0,0.0,0.0,False,2553.18882751938,0.04244539425202652,,,,,,1.662446341395967e-05,,,,,,2553.18882751938,0.04244539425202652
WhatsApp,Tarjeta Crédito,Retention,Basic,CO,2151.0,2021.0,0.0,0.0,0.0,0.0,0.0,93.74580000000002,0.0,0.0,0.0,0.0,0.0,False,2553.18882751938,0.043582426778242686,,,,,,1.7069801617683865e-05,,,,,,2553.18882751938,0.043582426778242686
WhatsApp,Tarjeta Crédito,Retention,Basic,MX,3581.0,3367.0,0.0,0.0,0.0,0.0,0.0,152.51780000000002,0.0,0.0,0.0,0.0,0.0,False,2553.18882751938,0.042590840547333156,,,,,,1.6681429939012165e-05,,,,,,2553.18882751938,0.042590840547333156
WhatsApp,Tarjeta Crédito,Retention,Plus,AR,615.0,575.0,0.0,0.0,0.0,0.0,0.0,26.2128,0.0,0.0,0.0,0.0,0.0,False,2553.18882751938,0.042622439024390245,,,,,,1.6693806022095606e-05,,,,,,2553.18882751938,0.042622439024390245
WhatsApp,Tarjeta Crédito,Retention,Plus,CO,862.0,804.0,0.0,0.0,0.0,0.0,0.0,35.9503,0.0,0.0,0.0,0.0,0.0,False,2553.18882751938,0.04170568445475638,,,,,,1.6334743441313218e-05,,,,,,2553.18882751938,0.04170568445475638
WhatsApp,Tarjeta Crédito,Retention,Plus,MX,1412.0,1334.0,0.0,0.0,0.0,0.0,0.0,60.8181,0.0,0.0,0.0,0.0,0.0,False,2553.18882751938,0.04307230878186969,,,,,,1.6870005194139033e-05,,,,,,2553.18882751938,0.04307230878186969
WhatsApp,Tarjeta Crédito,Retention,Premium,AR,245.0,234.0,0.0,0.0,0.0,0.0,0.0,10.3481,0.0,0.0,0.0,0.0,0.0,False,2553.18882751938,0.04223714285714286,,,,,,1.6542898199260687e-05,,,,,,2553.18882751938,0.04223714285714286
WhatsApp,Tarjeta Crédito,Retention,Premium,CO,341.0,318.0,0.0,0.0,0.0,0.0,0.0,14.0974,0.0,0.0,0.0,0.0,0.0,False,2553.18882751938,0.04134134897360704,,,,,,1.619204522909234e-05,,,,,,2553.18882751938,0.04134134897360704
WhatsApp,Tarjeta Crédito,Retention,Premium,MX,590.0,552.0,0.0,0.0,0.0,0.0,0.0,24.839499999999997,0.0,0.0,0.0,0.0,0.0,False,2553.18882751938,0.042100847457627114,,,,,,1.648951577879625e-05,,,,,,2553.18882751938,0.042100847457627114
WhatsApp,Tarjeta Crédito,Retention,Student,AR,110.0,107.0,0.0,0.0,0.0,0.0,0.0,4.5911,0.0,0.0,0.0,0.0,0.0,False,2553.18882751938,0.04173727272727273,,,,,,1.6347115527614033e-05,,,,,,2553.18882751938,0.04173727272727273
WhatsApp,Tarjeta Crédito,Retention,Student,CO,159.0,147.0,0.0,0.0,0.0,0.0,0.0,6.6358999999999995,0.0,0.0,0.0,0.0,0.0,False,2553.18882751938,0.04173522012578616,,,,,,1.634631159119365e-05,,,,,,2553.18882751938,0.04173522012578616
WhatsApp,Tarjeta Crédito,Retention,Student,MX,301.0,278.0,0.0,0.0,0.0,0.0,0.0,12.729199999999999,0.0,0.0,0.0,0.0,0.0,False,2553.18882751938,0.04228970099667774,,,,,,1.6563483492039815e-05,,,,,,2553.18882751938,0.04228970099667774
WhatsApp,Tarjeta Crédito,Up-sell,Basic,AR,475.0,438.0,0.0,0.0,0.0,0.0,0.0,20.369100000000003,0.0,0.0,0.0,0.0,0.0,False,2553.18882751938,0.04288231578947369,,,,,,1.6795591194536588e-05,,,,,,2553.18882751938,0.04288231578947369
WhatsApp,Tarjeta Crédito,Up-sell,Basic,CO,596.0,562.0,0.0,0.0,0.0,0.0,0.0,25.4089,0.0,0.0,0.0,0.0,0.0,False,2553.18882751938,0.04263238255033557,,,,,,1.669770057381781e-05,,,,,,2553.18882751938,0.04263238255033557
WhatsApp,Tarjeta Crédito,Up-sell,Basic,MX,1034.0,971.0,0.0,0.0,0.0,0.0,0.0,44.0505,0.0,0.0,0.0,0.0,0.0,False,2553.18882751938,0.04260203094777563,,,,,,1.668581285042156e-05,,,,,,2553.18882751938,0.04260203094777563
WhatsApp,Tarjeta Crédito,Up-sell,Plus,AR,170.0,159.0,0.0,0.0,0.0,0.0,0.0,7.1248000000000005,0.0,0.0,0.0,0.0,0.0,False,2553.18882751938,0.04191058823529412,,,,,,1.6414997505693103e-05,,,,,,2553.18882751938,0.04191058823529412
WhatsApp,Tarjeta Crédito,Up-sell,Plus,CO,259.0,246.0,0.0,0.0,0.0,0.0,0.0,10.961,0.0,0.0,0.0,0.0,0.0,False,2553.18882751938,0.04232046332046332,,,,,,1.6575532081417147e-05,,,,,,2553.18882751938,0.04232046332046332
WhatsApp,Tarjeta Crédito,Up-sell,Plus,MX,431.0,411.0,0.0,0.0,0.0,0.0,0.0,18.960900000000002,0.0,0.0,0.0,0.0,0.0,False,2553.18882751938,0.04399280742459397,,,,,,1.7230534205077336e-05,,,,,,2553.18882751938,0.04399280742459397
WhatsApp,Tarjeta Crédito,Up-sell,Premium,AR,74.0,67.0,0.0,0.0,0.0,0.0,0.0,3.0659,0.0,0.0,0.0,0.0,0.0,False,2553.18882751938,0.04143108108108108,,,,,,1.622719034116038e-05,,,,,,2553.18882751938,0.04143108108108108
WhatsApp,Tarjeta Crédito,Up-sell,Premium,CO,109.0,102.0,0.0,0.0,0.0,0.0,0.0,4.7189,0.0,0.0,0.0,0.0,0.0,False,2553.18882751938,0.04329266055045871,,,,,,1.6956309726813612e-05,,,,,,2553.18882751938,0.04329266055045871
WhatsApp,Tarjeta Crédito,Up-sell,Premium,MX,189.0,184.0,0.0,0.0,0.0,0.0,0.0,7.8248,0.0,0.0,0.0,0.0,0.0,False,2553.18882751938,0.0414010582010582,,,,,,1.621543136755871e-05,,,,,,2553.18882751938,0.0414010582010582
WhatsApp,Tarjeta Crédito,Up-sell,Student,AR,30.0,27.0,0.0,0.0,0.0,0.0,0.0,0.8778999999999999,0.0,0.0,0.0,0.0,0.0,False,2553.18882751938,0.02926333333333333,,,,,,1.1461484171448813e-05,,,,,,2553.18882751938,0.02926333333333333
WhatsApp,Tarjeta Crédito,Up-sell,Student,CO,52.0,51.0,0.0,0.0,0.0,0.0,0.0,2.2784999999999997,0.0,0.0,0.0,0.0,0.0,False,2553.18882751938,0.04381730769230769,,,,,,1.716179673826929e-05,,,,,,2553.18882751938,0.04381730769230769
WhatsApp,Tarjeta Crédito,Up-sell,Student,MX,88.0,84.0,0.0,0.0,0.0,0.0,0.0,3.698,0.0,0.0,0.0,0.0,0.0,False,2553.18882751938,0.042022727272727274,,,,,,1.6458918674477986e-05,,,,,,2553.18882751938,0.042022727272727274
